web-scraper-order,web-scraper-start-url,Data004,Data004-href,Noms,Prix,Adresse,Image-src
"1739065947-1","https://sn.coinafrique.com/categorie/autres-animaux?page=6","Perruches","https://sn.coinafrique.com/annonce/autres-animaux/perruches-751123","Perruches","Prix sur demande","Point E, Dakar, Sénégal","https://images.coinafrique.com/thumb_5138284_uploaded_image1_1737038687.jpg"
"1739065950-2","https://sn.coinafrique.com/categorie/autres-animaux?page=6","Carpe Koï Japonaise ( Aquarium)","https://sn.coinafrique.com/annonce/autres-animaux/carpe-koi-japonaise-aquarium-827220","Carpe Koï Japonaise ( Aquarium)","50 000 CFA","Dakar-Plateau, Dakar, Sénégal",""
"1739065952-3","https://sn.coinafrique.com/categorie/autres-animaux?page=6","Perruches","https://sn.coinafrique.com/annonce/autres-animaux/perruches-845280","Perruches","Prix sur demande","Sénégal","https://images.coinafrique.com/thumb_845280_uploaded_image1_1565952077.54.png"
"1739065955-4","https://sn.coinafrique.com/categorie/autres-animaux?page=6","Poisson d'aquarium","https://sn.coinafrique.com/annonce/autres-animaux/poisson-daquarium-863425","Poisson d'aquarium","35 000 CFA","Sénégal",""
"1739065957-5","https://sn.coinafrique.com/categorie/autres-animaux?page=6","Bœuf","https://sn.coinafrique.com/annonce/autres-animaux/buf-885779","Bœuf","400 000 CFA","Guediawaye, Dakar, Sénégal",""
"1739065959-6","https://sn.coinafrique.com/categorie/autres-animaux?page=6","Chèvre Balami","https://sn.coinafrique.com/annonce/autres-animaux/chevre-balami-917895","Chèvre Balami","200 000 CFA","Saint Louis, Sénégal","https://images.coinafrique.com/thumb_917895_uploaded_image1_1567801722.96.png"
"1739065962-7","https://sn.coinafrique.com/categorie/autres-animaux?page=6","Verrat de race Large white","https://sn.coinafrique.com/annonce/autres-animaux/verrat-de-race-large-white-929881","Verrat de race Large white","200 000 CFA","Sénégal","https://images.coinafrique.com/thumb_929881_uploaded_image1_1568141260.81.png"
"1739065964-8","https://sn.coinafrique.com/categorie/autres-animaux?page=6","Caille","https://sn.coinafrique.com/annonce/autres-animaux/caille-931708","Caille","1 000 CFA","Grand Yoff, Dakar, Sénégal","https://images.coinafrique.com/thumb_5001807_uploaded_image1_1729346954.jpg"
"1739065967-9","https://sn.coinafrique.com/categorie/autres-animaux?page=6","Oies  bourbonaises","https://sn.coinafrique.com/annonce/autres-animaux/oies-bourbonaises-990474","Oies  bourbonaises","50 000 CFA","Thies, Sénégal","https://images.coinafrique.com/thumb_990474_uploaded_image1_1569491306.15.png"
"1739065969-10","https://sn.coinafrique.com/categorie/autres-animaux?page=6","Mouton ladoum pure sang","https://sn.coinafrique.com/annonce/autres-animaux/mouton-ladoum-pure-sang-1011139","Mouton ladoum pure sang","Prix sur demande","Sénégal","https://images.coinafrique.com/thumb_1011139_uploaded_image1_1569950027.26.png"
"1739065972-11","https://sn.coinafrique.com/categorie/autres-animaux?page=6","Boeuf","https://sn.coinafrique.com/annonce/autres-animaux/boeuf-1129419","Boeuf","Prix sur demande","Dakar, Sénégal","https://images.coinafrique.com/thumb_1129419_uploaded_image1_1572391697.86.png"
"1739065974-12","https://sn.coinafrique.com/categorie/autres-animaux?page=6","Bœufs","https://sn.coinafrique.com/annonce/autres-animaux/bufs-1198114","Bœufs","350 000 CFA","Sénégal",""
"1739065977-13","https://sn.coinafrique.com/categorie/autres-animaux?page=6","Paon bleu","https://sn.coinafrique.com/annonce/autres-animaux/paon-bleu-1310387","Paon bleu","Prix sur demande","Parcelle Assainies, Dakar, Sénégal","https://images.coinafrique.com/thumb_1310387_uploaded_image1_1575790267.47.png"
"1739065979-14","https://sn.coinafrique.com/categorie/autres-animaux?page=6","Oies","https://sn.coinafrique.com/annonce/autres-animaux/oies-1311792","Oies","60 000 CFA","Fass, Dakar, Sénégal","https://images.coinafrique.com/thumb_1428089_uploaded_image1_1578172839.3.png"
"1739065982-15","https://sn.coinafrique.com/categorie/autres-animaux?page=6","Oies","https://sn.coinafrique.com/annonce/autres-animaux/oies-1322739","Oies","Prix sur demande","Fass, Dakar, Sénégal","https://images.coinafrique.com/thumb_1428089_uploaded_image1_1578172839.3.png"
"1739065984-16","https://sn.coinafrique.com/categorie/autres-animaux?page=6","Cailles","https://sn.coinafrique.com/annonce/autres-animaux/cailles-1376905","Cailles","12 000 CFA","Mermoz-Sacré-Cœur, Dakar, Sénégal","https://images.coinafrique.com/thumb_4454743_uploaded_image1_1699793813.jpg"
"1739065995-17","https://sn.coinafrique.com/categorie/autres-animaux?page=5","Perruches","https://sn.coinafrique.com/annonce/autres-animaux/perruches-1389654","Perruches","Prix sur demande","Dakar, Sénégal","https://images.coinafrique.com/thumb_4141464_uploaded_image1_1679320795.jpg"
"1739065998-18","https://sn.coinafrique.com/categorie/autres-animaux?page=5","Oiseaux exotiques","https://sn.coinafrique.com/annonce/autres-animaux/oiseaux-exotiques-1393968","Oiseaux exotiques","20 000 CFA","Dakar, Sénégal","https://images.coinafrique.com/thumb_3773129_uploaded_image1_1657027947.jpg"
"1739066000-19","https://sn.coinafrique.com/categorie/autres-animaux?page=5","Perruches","https://sn.coinafrique.com/annonce/autres-animaux/perruches-1395598","Perruches","Prix sur demande","Mermoz-Sacré-Cœur, Dakar, Sénégal","https://images.coinafrique.com/thumb_4141464_uploaded_image1_1679320795.jpg"
"1739066003-20","https://sn.coinafrique.com/categorie/autres-animaux?page=5","Perruches","https://sn.coinafrique.com/annonce/autres-animaux/perruches-1395711","Perruches","Prix sur demande","Dakar, Sénégal","https://images.coinafrique.com/thumb_4141464_uploaded_image1_1679320795.jpg"
"1739066006-21","https://sn.coinafrique.com/categorie/autres-animaux?page=5","Oies de guinée","https://sn.coinafrique.com/annonce/autres-animaux/oies-de-guinee-1417652","Oies de guinée","Prix sur demande","Thies, Sénégal","https://images.coinafrique.com/thumb_3418166_uploaded_image1_1635935843.jpg"
"1739066008-22","https://sn.coinafrique.com/categorie/autres-animaux?page=5","Cheval","https://sn.coinafrique.com/annonce/autres-animaux/cheval-1421196","Cheval","400 000 CFA","Fatick, Sénégal","https://images.coinafrique.com/thumb_1421206_uploaded_image2_1578050744.82.png"
"1739066011-23","https://sn.coinafrique.com/categorie/autres-animaux?page=5","Cheval","https://sn.coinafrique.com/annonce/autres-animaux/cheval-1421206","Cheval","400 000 CFA","Fatick, Sénégal","https://images.coinafrique.com/thumb_1421206_uploaded_image2_1578050744.82.png"
"1739066013-24","https://sn.coinafrique.com/categorie/autres-animaux?page=5","Oies toulouse","https://sn.coinafrique.com/annonce/autres-animaux/oies-toulouse-1428089","Oies toulouse","Prix sur demande","Fass, Dakar, Sénégal","https://images.coinafrique.com/thumb_1428089_uploaded_image1_1578172839.3.png"
"1739066016-25","https://sn.coinafrique.com/categorie/autres-animaux?page=5","Perruches","https://sn.coinafrique.com/annonce/autres-animaux/perruches-1441558","Perruches","Prix sur demande","Mermoz-Sacré-Cœur, Dakar, Sénégal","https://images.coinafrique.com/thumb_4141464_uploaded_image1_1679320795.jpg"
"1739066018-26","https://sn.coinafrique.com/categorie/autres-animaux?page=5","Perruches","https://sn.coinafrique.com/annonce/autres-animaux/perruches-1453830","Perruches","Prix sur demande","Point E, Dakar, Sénégal","https://images.coinafrique.com/thumb_5138284_uploaded_image1_1737038687.jpg"
"1739066021-27","https://sn.coinafrique.com/categorie/autres-animaux?page=5","Perruches","https://sn.coinafrique.com/annonce/autres-animaux/perruches-1453837","Perruches","Prix sur demande","Point E, Dakar, Sénégal","https://images.coinafrique.com/thumb_1453837_uploaded_image1_1578583493.67.png"
"1739066023-28","https://sn.coinafrique.com/categorie/autres-animaux?page=5","Biscuit en poudre pour betail","https://sn.coinafrique.com/annonce/autres-animaux/biscuit-en-poudre-pour-betail-1459836","Biscuit en poudre pour betail","4 000 CFA","Patte d'oie, Dakar, Sénégal","https://images.coinafrique.com/thumb_1459836_uploaded_image1_1578670978.71.png"
"1739066026-29","https://sn.coinafrique.com/categorie/autres-animaux?page=5","Dindes - canards et colverts","https://sn.coinafrique.com/annonce/autres-animaux/dindes-canards-et-colverts-1490889","Dindes - canards et colverts","Prix sur demande","Dakar, Sénégal","https://images.coinafrique.com/thumb_1490889_uploaded_image1_1579188174.8.png"
"1739066028-30","https://sn.coinafrique.com/categorie/autres-animaux?page=5","Bœuf","https://sn.coinafrique.com/annonce/autres-animaux/buf-1495773","Bœuf","700 000 CFA","Saint Louis, Sénégal",""
"1739066031-31","https://sn.coinafrique.com/categorie/autres-animaux?page=5","Vaches","https://sn.coinafrique.com/annonce/autres-animaux/vaches-1500655","Vaches","275 000 CFA","Rufisque, Sénégal","https://images.coinafrique.com/thumb_4753935_uploaded_image1_1716257776.jpg"
"1739066033-32","https://sn.coinafrique.com/categorie/autres-animaux?page=5","Couple de chèvre","https://sn.coinafrique.com/annonce/autres-animaux/couple-de-chevre-1521675","Couple de chèvre","Prix sur demande","Dakar, Sénégal","https://images.coinafrique.com/thumb_1521675_uploaded_image1_1579700066.65.png"
"1739066036-33","https://sn.coinafrique.com/categorie/autres-animaux?page=5","Boeufs","https://sn.coinafrique.com/annonce/autres-animaux/boeufs-1544433","Boeufs","750 000 CFA","Tambacounda, Sénégal","https://images.coinafrique.com/thumb_1544433_uploaded_image1_1580089804.86.png"
"1739066038-34","https://sn.coinafrique.com/categorie/autres-animaux?page=5","Bœuf","https://sn.coinafrique.com/annonce/autres-animaux/buf-1606230","Bœuf","600 000 CFA","Keur Massar, Sénégal",""
"1739066041-35","https://sn.coinafrique.com/categorie/autres-animaux?page=5","Chat siamois","https://sn.coinafrique.com/annonce/autres-animaux/chat-siamois-1825906","Chat siamois","350 000 CFA","Dakar, Sénégal","https://images.coinafrique.com/thumb_1825906_uploaded_image2_1584739800.55.png"
"1739066044-36","https://sn.coinafrique.com/categorie/autres-animaux?page=5","Dindon rouge","https://sn.coinafrique.com/annonce/autres-animaux/dindon-rouge-1890125","Dindon rouge","30 000 CFA","Mermoz-Sacré-Cœur, Dakar, Sénégal","https://images.coinafrique.com/thumb_1890125_uploaded_image1_1585933665.81.png"
"1739066046-37","https://sn.coinafrique.com/categorie/autres-animaux?page=5","Chat Siamois","https://sn.coinafrique.com/annonce/autres-animaux/chat-siamois-1899735","Chat Siamois","Prix sur demande","Fann, Dakar, Sénégal","https://images.coinafrique.com/thumb_3613416_uploaded_image1_1647551529.jpg"
"1739066048-38","https://sn.coinafrique.com/categorie/autres-animaux?page=5","Perruches","https://sn.coinafrique.com/annonce/autres-animaux/perruches-1934309","Perruches","Prix sur demande","Fann, Dakar, Sénégal","https://images.coinafrique.com/thumb_1934309_uploaded_image1_1586712626.03.png"
"1739066051-39","https://sn.coinafrique.com/categorie/autres-animaux?page=5","Chaton Persan","https://sn.coinafrique.com/annonce/autres-animaux/chaton-persan-1935403","Chaton Persan","Prix sur demande","Fann, Dakar, Sénégal","https://images.coinafrique.com/thumb_4004300_uploaded_image1_1670782309.jpg"
"1739066054-40","https://sn.coinafrique.com/categorie/autres-animaux?page=5","Vaches","https://sn.coinafrique.com/annonce/autres-animaux/vaches-1935629","Vaches","Prix sur demande","Diourbel, Sénégal","https://images.coinafrique.com/thumb_1935629_uploaded_image1_1586731094.02.png"
"1739066056-41","https://sn.coinafrique.com/categorie/autres-animaux?page=5","Bœufs","https://sn.coinafrique.com/annonce/autres-animaux/bufs-1954085","Bœufs","Prix sur demande","Diourbel, Sénégal",""
"1739066058-42","https://sn.coinafrique.com/categorie/autres-animaux?page=5","Chaton","https://sn.coinafrique.com/annonce/autres-animaux/chaton-1962491","Chaton","Prix sur demande","Fann, Dakar, Sénégal","https://images.coinafrique.com/thumb_4540889_uploaded_image1_1705029103.jpg"
"1739066061-43","https://sn.coinafrique.com/categorie/autres-animaux?page=5","Boeuf","https://sn.coinafrique.com/annonce/autres-animaux/boeuf-1998573","Boeuf","475 CFA","Dakar Plateau, Dakar, Sénégal","https://images.coinafrique.com/thumb_1998573_uploaded_image1_1587685670.89.jpeg"
"1739066064-44","https://sn.coinafrique.com/categorie/autres-animaux?page=5","Chaton persan chinchilla","https://sn.coinafrique.com/annonce/autres-animaux/chaton-persan-chinchilla-2025374","Chaton persan chinchilla","Prix sur demande","Fann, Dakar, Sénégal","https://images.coinafrique.com/thumb_3515163_uploaded_image1_1641642618.jpg"
"1739066066-45","https://sn.coinafrique.com/categorie/autres-animaux?page=5","Chaton persan blanc","https://sn.coinafrique.com/annonce/autres-animaux/chaton-persan-blanc-2052355","Chaton persan blanc","Prix sur demande","Fann, Dakar, Sénégal","https://images.coinafrique.com/thumb_2052355_uploaded_image1_1588568181.jpg"
"1739066068-46","https://sn.coinafrique.com/categorie/autres-animaux?page=5","Chèvre Race Boer","https://sn.coinafrique.com/annonce/autres-animaux/chevre-race-boer-2061898","Chèvre Race Boer","650 000 CFA","Patte d'oie, Dakar, Sénégal","https://images.coinafrique.com/thumb_2061898_uploaded_image1_1588694077.jpg"
"1739066071-47","https://sn.coinafrique.com/categorie/autres-animaux?page=5","Boeuf","https://sn.coinafrique.com/annonce/autres-animaux/boeuf-2088141","Boeuf","Prix sur demande","Sicap Liberté, Dakar, Sénégal","https://images.coinafrique.com/thumb_2088141_uploaded_image1_1589099089.jpg"
"1739066074-48","https://sn.coinafrique.com/categorie/autres-animaux?page=5","Boeuf","https://sn.coinafrique.com/annonce/autres-animaux/boeuf-2101700","Boeuf","Prix sur demande","Fann, Dakar, Sénégal","https://images.coinafrique.com/thumb_2101700_uploaded_image1_1589308300.jpg"
"1739066076-49","https://sn.coinafrique.com/categorie/autres-animaux?page=5","Bœuf élevage","https://sn.coinafrique.com/annonce/autres-animaux/buf-elevage-2147334","Bœuf élevage","750 000 CFA","Guediawaye, Dakar, Sénégal",""
"1739066078-50","https://sn.coinafrique.com/categorie/autres-animaux?page=5","Boeufs","https://sn.coinafrique.com/annonce/autres-animaux/boeufs-2161624","Boeufs","Prix sur demande","Dakar, Sénégal","https://images.coinafrique.com/thumb_4379382_uploaded_image1_1694875556.jpg"
"1739066081-51","https://sn.coinafrique.com/categorie/autres-animaux?page=5","Poussins brahman et cochin","https://sn.coinafrique.com/annonce/autres-animaux/poussins-brahman-et-cochin-2230369","Poussins brahman et cochin","Prix sur demande","Keur Massar, Sénégal","https://images.coinafrique.com/thumb_2230369_uploaded_image1_1591316836.jpg"
"1739066083-52","https://sn.coinafrique.com/categorie/autres-animaux?page=5","Boeufs","https://sn.coinafrique.com/annonce/autres-animaux/boeufs-2239779","Boeufs","600 000 CFA","Bambey, Sénégal","https://images.coinafrique.com/thumb_4196106_uploaded_image1_1682881461.jpg"
"1739066086-53","https://sn.coinafrique.com/categorie/autres-animaux?page=5","Chaton york chocolat","https://sn.coinafrique.com/annonce/autres-animaux/chaton-york-chocolat-2240976","Chaton york chocolat","150 000 CFA","Dakar, Sénégal","https://images.coinafrique.com/thumb_2240976_uploaded_image1_1591487576.jpg"
"1739066088-54","https://sn.coinafrique.com/categorie/autres-animaux?page=5","Taureau Nélore","https://sn.coinafrique.com/annonce/autres-animaux/taureau-nelore-2251055","Taureau Nélore","Prix sur demande","Guediawaye, Dakar, Sénégal","https://images.coinafrique.com/thumb_2251055_uploaded_image1_1591656431.jpg"
"1739066091-55","https://sn.coinafrique.com/categorie/autres-animaux?page=5","Oies","https://sn.coinafrique.com/annonce/autres-animaux/oies-2275120","Oies","1 000 CFA","Dakar, Sénégal","https://images.coinafrique.com/thumb_3569402_uploaded_image1_1644969388.jpg"
"1739066093-56","https://sn.coinafrique.com/categorie/autres-animaux?page=5","Vache","https://sn.coinafrique.com/annonce/autres-animaux/vache-2276153","Vache","Prix sur demande","Dakar, Sénégal","https://images.coinafrique.com/thumb_4504586_uploaded_image1_1702911785.jpg"
"1739066096-57","https://sn.coinafrique.com/categorie/autres-animaux?page=5","Oies","https://sn.coinafrique.com/annonce/autres-animaux/oies-2281845","Oies","130 000 CFA","Medina, Dakar, Sénégal","https://images.coinafrique.com/thumb_2281845_uploaded_image1_1592124037.jpg"
"1739066098-58","https://sn.coinafrique.com/categorie/autres-animaux?page=5","Perruches","https://sn.coinafrique.com/annonce/autres-animaux/perruches-2296024","Perruches","Prix sur demande","Point E, Dakar, Sénégal","https://images.coinafrique.com/thumb_5138284_uploaded_image1_1737038687.jpg"
"1739066101-59","https://sn.coinafrique.com/categorie/autres-animaux?page=5","Kittens / chatons","https://sn.coinafrique.com/annonce/autres-animaux/kittens-chatons-2319268","Kittens / chatons","90 000 CFA","Yoff, Dakar, Sénégal","https://images.coinafrique.com/thumb_2319268_uploaded_image1_1592689460.jpg"
"1739066103-60","https://sn.coinafrique.com/categorie/autres-animaux?page=5","Dinde","https://sn.coinafrique.com/annonce/autres-animaux/dinde-2351112","Dinde","20 000 CFA","Dakar, Sénégal","https://images.coinafrique.com/thumb_4794677_uploaded_image1_1718313441.jpg"
"1739066106-61","https://sn.coinafrique.com/categorie/autres-animaux?page=5","Chat blanc turc","https://sn.coinafrique.com/annonce/autres-animaux/chat-blanc-turc-2388043","Chat blanc turc","150 000 CFA","Mermoz-Sacré Coeur, Dakar, Sénégal","https://images.coinafrique.com/thumb_2388043_uploaded_image1_1593787521.jpg"
"1739066108-62","https://sn.coinafrique.com/categorie/autres-animaux?page=5","Couples Paons","https://sn.coinafrique.com/annonce/autres-animaux/couples-paons-2394305","Couples Paons","250 000 CFA","Keur Massar, Sénégal","https://images.coinafrique.com/thumb_3372722_uploaded_image1_1633568000.jpg"
"1739066111-63","https://sn.coinafrique.com/categorie/autres-animaux?page=5","Souris blanc","https://sn.coinafrique.com/annonce/autres-animaux/souris-blanc-2407511","Souris blanc","Prix sur demande","Hann Bel-Air, Dakar, Sénégal","https://images.coinafrique.com/thumb_2407511_uploaded_image1_1594131854.jpg"
"1739066114-64","https://sn.coinafrique.com/categorie/autres-animaux?page=5","Dindes","https://sn.coinafrique.com/annonce/autres-animaux/dindes-2421638","Dindes","Prix sur demande","Mbour, Sénégal","https://images.coinafrique.com/thumb_2421638_uploaded_image1_1594369039.jpg"
"1739066116-65","https://sn.coinafrique.com/categorie/autres-animaux?page=5","Géniteur hollandais Holstein","https://sn.coinafrique.com/annonce/autres-animaux/geniteur-hollandais-holstein-2430101","Géniteur hollandais Holstein","1 200 000 CFA","Mboro, Sénégal","https://images.coinafrique.com/thumb_2430101_uploaded_image1_1594560513.jpg"
"1739066119-66","https://sn.coinafrique.com/categorie/autres-animaux?page=5","Vaches hollandaises","https://sn.coinafrique.com/annonce/autres-animaux/vaches-hollandaises-2434087","Vaches hollandaises","Prix sur demande","Saint Louis, Sénégal","https://images.coinafrique.com/thumb_2434087_uploaded_image1_1594647765.jpg"
"1739066121-67","https://sn.coinafrique.com/categorie/autres-animaux?page=5","Oies","https://sn.coinafrique.com/annonce/autres-animaux/oies-2550824","Oies","80 000 CFA","Diourbel, Sénégal","https://images.coinafrique.com/thumb_2550824_uploaded_image1_1597673774.jpg"
"1739066123-68","https://sn.coinafrique.com/categorie/autres-animaux?page=5","Oiseau Maknol","https://sn.coinafrique.com/annonce/autres-animaux/oiseau-maknol-2583338","Oiseau Maknol","Prix sur demande","Kaffrine, Sénégal","https://images.coinafrique.com/thumb_2583338_uploaded_image1_1598650419.jpg"
"1739066126-69","https://sn.coinafrique.com/categorie/autres-animaux?page=5","Oie","https://sn.coinafrique.com/annonce/autres-animaux/oie-2630503","Oie","100 000 CFA","Mbour, Sénégal","https://images.coinafrique.com/thumb_4033376_uploaded_image1_1672817271.jpg"
"1739066128-70","https://sn.coinafrique.com/categorie/autres-animaux?page=5","Chatons","https://sn.coinafrique.com/annonce/autres-animaux/chatons-2637004","Chatons","Prix sur demande","Gorée, Dakar, Sénégal","https://images.coinafrique.com/thumb_2637004_uploaded_image1_1600508302.jpg"
"1739066131-71","https://sn.coinafrique.com/categorie/autres-animaux?page=5","Paon bleu","https://sn.coinafrique.com/annonce/autres-animaux/paon-bleu-2663712","Paon bleu","225 000 CFA","Dakar, Sénégal","https://images.coinafrique.com/thumb_2663712_uploaded_image1_1601554766.jpg"
"1739066133-72","https://sn.coinafrique.com/categorie/autres-animaux?page=5","Bouc chèvre","https://sn.coinafrique.com/annonce/autres-animaux/bouc-chevre-2673741","Bouc chèvre","100 000 CFA","Diamniadio, Sénégal","https://images.coinafrique.com/thumb_2673741_uploaded_image2_1601909107.jpeg"
"1739066136-73","https://sn.coinafrique.com/categorie/autres-animaux?page=5","Chèvre Bouc de race","https://sn.coinafrique.com/annonce/autres-animaux/chevre-bouc-de-race-2675855","Chèvre Bouc de race","200 000 CFA","Louga, Sénégal","https://images.coinafrique.com/thumb_2675855_uploaded_image1_1601992602.jpg"
"1739066139-74","https://sn.coinafrique.com/categorie/autres-animaux?page=5","Vaches laitières","https://sn.coinafrique.com/annonce/autres-animaux/vaches-laitieres-2687649","Vaches laitières","2 000 000 CFA","Mbour, Sénégal","https://images.coinafrique.com/thumb_2687649_uploaded_image1_1602441772.jpg"
"1739066141-75","https://sn.coinafrique.com/categorie/autres-animaux?page=5","Bœufs","https://sn.coinafrique.com/annonce/autres-animaux/bufs-2694719","Bœufs","350 000 CFA","Louga, Sénégal",""
"1739066144-76","https://sn.coinafrique.com/categorie/autres-animaux?page=5","Bœufs","https://sn.coinafrique.com/annonce/autres-animaux/bufs-2694720","Bœufs","350 000 CFA","Louga, Sénégal",""
"1739066146-77","https://sn.coinafrique.com/categorie/autres-animaux?page=5","Bœufs","https://sn.coinafrique.com/annonce/autres-animaux/bufs-2694722","Bœufs","250 000 CFA","Louga, Sénégal",""
"1739066149-78","https://sn.coinafrique.com/categorie/autres-animaux?page=5","Âne Arabe","https://sn.coinafrique.com/annonce/autres-animaux/ane-arabe-2697117","Âne Arabe","850 000 CFA","Kébémer, Sénégal",""
"1739066151-79","https://sn.coinafrique.com/categorie/autres-animaux?page=5","Olpliitone 20 jours","https://sn.coinafrique.com/annonce/autres-animaux/olpliitone-20-jours-2701057","Olpliitone 20 jours","15 000 CFA","Dakar, Sénégal","https://images.coinafrique.com/thumb_2701057_uploaded_image1_1602937383.jpg"
"1739066154-80","https://sn.coinafrique.com/categorie/autres-animaux?page=5","Canard","https://sn.coinafrique.com/annonce/autres-animaux/canard-2703622","Canard","35 000 CFA","Mamelles, Dakar, Sénégal","https://images.coinafrique.com/thumb_2703622_uploaded_image1_1603049550.jpg"
"1739066156-81","https://sn.coinafrique.com/categorie/autres-animaux?page=5","Vache","https://sn.coinafrique.com/annonce/autres-animaux/vache-2709747","Vache","300 000 CFA","Louga, Sénégal","https://images.coinafrique.com/thumb_2709747_uploaded_image1_1603289227.jpg"
"1739066158-82","https://sn.coinafrique.com/categorie/autres-animaux?page=5","Dinde d'amérique","https://sn.coinafrique.com/annonce/autres-animaux/dinde-damerique-2735977","Dinde d'amérique","Prix sur demande","Guediawaye, Dakar, Sénégal",""
"1739066161-83","https://sn.coinafrique.com/categorie/autres-animaux?page=5","Chaton Angora Turc","https://sn.coinafrique.com/annonce/autres-animaux/chaton-angora-turc-2826620","Chaton Angora Turc","100 000 CFA","Dakar, Sénégal","https://images.coinafrique.com/thumb_2826620_uploaded_image1_1607777038.jpg"
"1739066163-84","https://sn.coinafrique.com/categorie/autres-animaux?page=5","Vache","https://sn.coinafrique.com/annonce/autres-animaux/vache-2846588","Vache","550 000 CFA","Bambey, Sénégal","https://images.coinafrique.com/thumb_3804681_uploaded_image1_1659094431.jpg"
"1739066166-85","https://sn.coinafrique.com/categorie/autres-animaux?page=5","Chaton angora","https://sn.coinafrique.com/annonce/autres-animaux/chaton-angora-2851191","Chaton angora","130 000 CFA","Fann, Dakar, Sénégal","https://images.coinafrique.com/thumb_4102298_uploaded_image1_1676900131.jpg"
"1739066168-86","https://sn.coinafrique.com/categorie/autres-animaux?page=5","Veau","https://sn.coinafrique.com/annonce/autres-animaux/veau-2856538","Veau","250 000 CFA","HLM, Dakar, Sénégal","https://images.coinafrique.com/thumb_2856538_uploaded_image1_1609162542.jpg"
"1739066171-87","https://sn.coinafrique.com/categorie/autres-animaux?page=5","Chatons","https://sn.coinafrique.com/annonce/autres-animaux/chatons-2860327","Chatons","Prix sur demande","Grand Dakar, Dakar, Sénégal","https://images.coinafrique.com/thumb_3450631_uploaded_image1_1637664547.jpg"
"1739066173-88","https://sn.coinafrique.com/categorie/autres-animaux?page=5","Canard Colvert","https://sn.coinafrique.com/annonce/autres-animaux/canard-colvert-2876451","Canard Colvert","50 000 CFA","Thies, Sénégal","https://images.coinafrique.com/thumb_2876451_uploaded_image1_1610052488.jpg"
"1739066176-89","https://sn.coinafrique.com/categorie/autres-animaux?page=5","Bouc race laitière","https://sn.coinafrique.com/annonce/autres-animaux/bouc-race-laitiere-2881915","Bouc race laitière","Prix sur demande","Saly, Sénégal","https://images.coinafrique.com/thumb_2881915_uploaded_image1_1610303521.jpg"
"1739066178-90","https://sn.coinafrique.com/categorie/autres-animaux?page=5","Chaton noir blanc","https://sn.coinafrique.com/annonce/autres-animaux/chaton-noir-blanc-2886750","Chaton noir blanc","Prix sur demande","Mamelles, Dakar, Sénégal","https://images.coinafrique.com/thumb_2886750_uploaded_image1_1610486302.jpg"
"1739066181-91","https://sn.coinafrique.com/categorie/autres-animaux?page=5","Dinde rouge","https://sn.coinafrique.com/annonce/autres-animaux/dinde-rouge-2888081","Dinde rouge","70 000 CFA","Louga, Sénégal","https://images.coinafrique.com/thumb_2888081_uploaded_image1_1610544422.jpg"
"1739066183-92","https://sn.coinafrique.com/categorie/autres-animaux?page=5","Perruches - inséparables","https://sn.coinafrique.com/annonce/autres-animaux/perruches-inseparables-2896567","Perruches - inséparables","12 500 CFA","Parcelle Assainies, Dakar, Sénégal","https://images.coinafrique.com/thumb_2896567_uploaded_image1_1610914575.jpg"
"1739066186-93","https://sn.coinafrique.com/categorie/autres-animaux?page=5","Jument arabe","https://sn.coinafrique.com/annonce/autres-animaux/jument-arabe-2924412","Jument arabe","1 500 000 CFA","Kébémer, Sénégal","https://images.coinafrique.com/thumb_2924412_uploaded_image1_1612197584.jpg"
"1739066188-94","https://sn.coinafrique.com/categorie/autres-animaux?page=5","Perroquet Sénégal avec cage","https://sn.coinafrique.com/annonce/autres-animaux/perroquet-senegal-avec-cage-2930350","Perroquet Sénégal avec cage","35 000 CFA","Ngor, Dakar, Sénégal","https://images.coinafrique.com/thumb_2930350_uploaded_image1_1612388040.jpg"
"1739066191-95","https://sn.coinafrique.com/categorie/autres-animaux?page=5","Couple oie de toulouse adulte","https://sn.coinafrique.com/annonce/autres-animaux/couple-oie-de-toulouse-adulte-2936871","Couple oie de toulouse adulte","85 000 CFA","Mbour, Sénégal","https://images.coinafrique.com/thumb_3413662_uploaded_image1_1635765247.jpg"
"1739066193-96","https://sn.coinafrique.com/categorie/autres-animaux?page=5","Chaton Angora turque","https://sn.coinafrique.com/annonce/autres-animaux/chaton-angora-turque-2966724","Chaton Angora turque","160 000 CFA","Grand Dakar, Dakar, Sénégal","https://images.coinafrique.com/thumb_2966724_uploaded_image1_1614082274.jpg"
"1739066195-97","https://sn.coinafrique.com/categorie/autres-animaux?page=5","Bœuf","https://sn.coinafrique.com/annonce/autres-animaux/buf-2968890","Bœuf","Prix sur demande","Dakar, Sénégal",""
"1739066198-98","https://sn.coinafrique.com/categorie/autres-animaux?page=5","Porc","https://sn.coinafrique.com/annonce/autres-animaux/porc-3004606","Porc","2 500 CFA","Dakar, Sénégal","https://images.coinafrique.com/thumb_3004606_uploaded_image1_1615897391.jpg"
"1739066200-99","https://sn.coinafrique.com/categorie/autres-animaux?page=5","Laor noir","https://sn.coinafrique.com/annonce/autres-animaux/laor-noir-3005811","Laor noir","35 000 CFA","Mbour, Sénégal","https://images.coinafrique.com/thumb_3005811_uploaded_image1_1615937465.jpg"
"1739066203-100","https://sn.coinafrique.com/categorie/autres-animaux?page=5","Bœuf","https://sn.coinafrique.com/annonce/autres-animaux/buf-3012014","Bœuf","425 000 CFA","Guediawaye, Dakar, Sénégal",""
"1739066210-101","https://sn.coinafrique.com/categorie/autres-animaux?page=4","Cheval","https://sn.coinafrique.com/annonce/autres-animaux/cheval-3012715","Cheval","800 000 CFA","Dakar, Sénégal","https://images.coinafrique.com/thumb_3526170_uploaded_image1_1642274663.jpg"
"1739066212-102","https://sn.coinafrique.com/categorie/autres-animaux?page=4","Oie adulte","https://sn.coinafrique.com/annonce/autres-animaux/oie-adulte-3025291","Oie adulte","80 000 CFA","Dakar, Sénégal","https://images.coinafrique.com/thumb_3025291_uploaded_image1_1616933629.jpg"
"1739066214-103","https://sn.coinafrique.com/categorie/autres-animaux?page=4","Oisillons","https://sn.coinafrique.com/annonce/autres-animaux/oisillons-3026572","Oisillons","25 000 CFA","Dakar, Sénégal","https://images.coinafrique.com/thumb_3026572_uploaded_image1_1617014695.jpg"
"1739066217-104","https://sn.coinafrique.com/categorie/autres-animaux?page=4","Taureau géniteur laitier","https://sn.coinafrique.com/annonce/autres-animaux/taureau-geniteur-laitier-3039728","Taureau géniteur laitier","2 000 000 CFA","Sicap Liberté, Dakar, Sénégal","https://images.coinafrique.com/thumb_3087054_uploaded_image1_1619718794.jpg"
"1739066219-105","https://sn.coinafrique.com/categorie/autres-animaux?page=4","Cheval","https://sn.coinafrique.com/annonce/autres-animaux/cheval-3053064","Cheval","650 000 CFA","Dakar, Sénégal","https://images.coinafrique.com/thumb_3526170_uploaded_image1_1642274663.jpg"
"1739066222-106","https://sn.coinafrique.com/categorie/autres-animaux?page=4","Chaton","https://sn.coinafrique.com/annonce/autres-animaux/chaton-3054622","Chaton","Prix sur demande","Almadies, Dakar, Sénégal","https://images.coinafrique.com/thumb_3341213_uploaded_image1_1631968364.jpg"
"1739066224-107","https://sn.coinafrique.com/categorie/autres-animaux?page=4","Taureau - géniteur laitier","https://sn.coinafrique.com/annonce/autres-animaux/taureau-geniteur-laitier-3087054","Taureau - géniteur laitier","2 000 000 CFA","Sicap Liberté, Dakar, Sénégal","https://images.coinafrique.com/thumb_3087054_uploaded_image1_1619718794.jpg"
"1739066227-108","https://sn.coinafrique.com/categorie/autres-animaux?page=4","Couple perruche arc en ciel","https://sn.coinafrique.com/annonce/autres-animaux/couple-perruche-arc-en-ciel-3092218","Couple perruche arc en ciel","40 000 CFA","Mermoz-Sacré Coeur, Dakar, Sénégal","https://images.coinafrique.com/thumb_3092218_uploaded_image1_1619966133.jpg"
"1739066229-109","https://sn.coinafrique.com/categorie/autres-animaux?page=4","Trio dindes d’amérique","https://sn.coinafrique.com/annonce/autres-animaux/trio-dindes-damerique-3092550","Trio dindes d’amérique","65 000 CFA","Mbao, Dakar, Sénégal",""
"1739066232-110","https://sn.coinafrique.com/categorie/autres-animaux?page=4","Vache","https://sn.coinafrique.com/annonce/autres-animaux/vache-3095614","Vache","300 000 CFA","HLM, Dakar, Sénégal","https://images.coinafrique.com/thumb_3095614_uploaded_image1_1620093462.jpg"
"1739066235-111","https://sn.coinafrique.com/categorie/autres-animaux?page=4","Couple perruches ondulées","https://sn.coinafrique.com/annonce/autres-animaux/couple-perruches-ondulees-3116528","Couple perruches ondulées","100 000 CFA","Mermoz-Sacré Coeur, Dakar, Sénégal","https://images.coinafrique.com/thumb_3116528_uploaded_image1_1621091686.jpg"
"1739066237-112","https://sn.coinafrique.com/categorie/autres-animaux?page=4","Oiseaux exotiques","https://sn.coinafrique.com/annonce/autres-animaux/oiseaux-exotiques-3119376","Oiseaux exotiques","Prix sur demande","Dakar, Sénégal","https://images.coinafrique.com/thumb_3773129_uploaded_image1_1657027947.jpg"
"1739066240-113","https://sn.coinafrique.com/categorie/autres-animaux?page=4","Couple colvert","https://sn.coinafrique.com/annonce/autres-animaux/couple-colvert-3127244","Couple colvert","30 000 CFA","Dakar, Sénégal","https://images.coinafrique.com/thumb_3422543_uploaded_image1_1636113502.jpg"
"1739066242-114","https://sn.coinafrique.com/categorie/autres-animaux?page=4","Oie géant","https://sn.coinafrique.com/annonce/autres-animaux/oie-geant-3133835","Oie géant","85 000 CFA","Mbour, Sénégal","https://images.coinafrique.com/thumb_3646953_uploaded_image1_1649560934.jpg"
"1739066245-115","https://sn.coinafrique.com/categorie/autres-animaux?page=4","Boeuf","https://sn.coinafrique.com/annonce/autres-animaux/boeuf-3140204","Boeuf","800 000 CFA","Bambey, Sénégal","https://images.coinafrique.com/thumb_4196106_uploaded_image1_1682881461.jpg"
"1739066247-116","https://sn.coinafrique.com/categorie/autres-animaux?page=4","Poisson vivant","https://sn.coinafrique.com/annonce/autres-animaux/poisson-vivant-3140939","Poisson vivant","Prix sur demande","Yoff, Dakar, Sénégal","https://images.coinafrique.com/thumb_3140939_uploaded_image1_1622373784.jpg"
"1739066249-117","https://sn.coinafrique.com/categorie/autres-animaux?page=4","Rat","https://sn.coinafrique.com/annonce/autres-animaux/rat-3156125","Rat","Prix sur demande","Almadies, Dakar, Sénégal","https://images.coinafrique.com/thumb_3156125_uploaded_image1_1622977662.jpg"
"1739066252-118","https://sn.coinafrique.com/categorie/autres-animaux?page=4","Paonneau","https://sn.coinafrique.com/annonce/autres-animaux/paonneau-3164991","Paonneau","Prix sur demande","Mbao, Dakar, Sénégal","https://images.coinafrique.com/thumb_3164991_uploaded_image1_1623339895.jpg"
"1739066254-119","https://sn.coinafrique.com/categorie/autres-animaux?page=4","Dinde","https://sn.coinafrique.com/annonce/autres-animaux/dinde-3165522","Dinde","Prix sur demande","Touba, Sénégal","https://images.coinafrique.com/thumb_4170236_uploaded_image1_1681079402.jpg"
"1739066257-120","https://sn.coinafrique.com/categorie/autres-animaux?page=4","Couple dinde","https://sn.coinafrique.com/annonce/autres-animaux/couple-dinde-3169645","Couple dinde","Prix sur demande","Touba, Sénégal","https://images.coinafrique.com/thumb_3169645_uploaded_image2_1623581040.jpeg"
"1739066259-121","https://sn.coinafrique.com/categorie/autres-animaux?page=4","Cailles","https://sn.coinafrique.com/annonce/autres-animaux/cailles-3169648","Cailles","Prix sur demande","Touba, Sénégal","https://images.coinafrique.com/thumb_4701407_uploaded_image1_1713575328.jpg"
"1739066262-122","https://sn.coinafrique.com/categorie/autres-animaux?page=4","Cheval","https://sn.coinafrique.com/annonce/autres-animaux/cheval-3169679","Cheval","450 000 CFA","Pikine, Sénégal","https://images.coinafrique.com/thumb_3169679_uploaded_image1_1623583685.jpg"
"1739066264-123","https://sn.coinafrique.com/categorie/autres-animaux?page=4","Oies","https://sn.coinafrique.com/annonce/autres-animaux/oies-3172006","Oies","60 000 CFA","Dakar, Sénégal","https://images.coinafrique.com/thumb_3569402_uploaded_image1_1644969388.jpg"
"1739066267-124","https://sn.coinafrique.com/categorie/autres-animaux?page=4","Oies","https://sn.coinafrique.com/annonce/autres-animaux/oies-3172011","Oies","60 000 CFA","Dakar, Sénégal","https://images.coinafrique.com/thumb_3569402_uploaded_image1_1644969388.jpg"
"1739066269-125","https://sn.coinafrique.com/categorie/autres-animaux?page=4","Perruches ondulées","https://sn.coinafrique.com/annonce/autres-animaux/perruches-ondulees-3215371","Perruches ondulées","20 000 CFA","Point E, Dakar, Sénégal","https://images.coinafrique.com/thumb_5138284_uploaded_image1_1737038687.jpg"
"1739066271-126","https://sn.coinafrique.com/categorie/autres-animaux?page=4","Chatons 2 et 3 mois","https://sn.coinafrique.com/annonce/autres-animaux/chatons-2-et-3-mois-3222114","Chatons 2 et 3 mois","Prix sur demande","Grand Dakar, Dakar, Sénégal","https://images.coinafrique.com/thumb_3222114_uploaded_image1_1626003610.jpg"
"1739066274-127","https://sn.coinafrique.com/categorie/autres-animaux?page=4","Bœufs","https://sn.coinafrique.com/annonce/autres-animaux/bufs-3240329","Bœufs","Prix sur demande","Dieuppeul-Derklé, Dakar, Sénégal",""
"1739066276-128","https://sn.coinafrique.com/categorie/autres-animaux?page=4","Perruche ondulée","https://sn.coinafrique.com/annonce/autres-animaux/perruche-ondulee-3243586","Perruche ondulée","15 000 CFA","Point E, Dakar, Sénégal","https://images.coinafrique.com/thumb_5138284_uploaded_image1_1737038687.jpg"
"1739066279-129","https://sn.coinafrique.com/categorie/autres-animaux?page=4","Bœufs","https://sn.coinafrique.com/annonce/autres-animaux/bufs-3253864","Bœufs","740 000 CFA","Dieuppeul-Derklé, Dakar, Sénégal",""
"1739066281-130","https://sn.coinafrique.com/categorie/autres-animaux?page=4","Chaton","https://sn.coinafrique.com/annonce/autres-animaux/chaton-3254310","Chaton","Prix sur demande","Mermoz-Sacré Coeur, Dakar, Sénégal","https://images.coinafrique.com/thumb_3254310_uploaded_image1_1627784670.jpg"
"1739066284-131","https://sn.coinafrique.com/categorie/autres-animaux?page=4","Poisson aquarium","https://sn.coinafrique.com/annonce/autres-animaux/poisson-aquarium-3256827","Poisson aquarium","12 000 CFA","Dakar Plateau, Dakar, Sénégal","https://images.coinafrique.com/thumb_4898597_uploaded_image1_1723887709.jpg"
"1739066286-132","https://sn.coinafrique.com/categorie/autres-animaux?page=4","Taureau","https://sn.coinafrique.com/annonce/autres-animaux/taureau-3263210","Taureau","740 000 CFA","Dieuppeul-Derklé, Dakar, Sénégal","https://images.coinafrique.com/thumb_3269989_uploaded_image1_1628451897.jpg"
"1739066289-133","https://sn.coinafrique.com/categorie/autres-animaux?page=4","Taureau","https://sn.coinafrique.com/annonce/autres-animaux/taureau-3269989","Taureau","740 000 CFA","Dieuppeul-Derklé, Dakar, Sénégal","https://images.coinafrique.com/thumb_3269989_uploaded_image1_1628451897.jpg"
"1739066291-134","https://sn.coinafrique.com/categorie/autres-animaux?page=4","Taureau","https://sn.coinafrique.com/annonce/autres-animaux/taureau-3271377","Taureau","450 000 CFA","Parcelle Assainies, Dakar, Sénégal","https://images.coinafrique.com/thumb_3271377_uploaded_image1_1628524523.jpg"
"1739066294-135","https://sn.coinafrique.com/categorie/autres-animaux?page=4","Oies adultes","https://sn.coinafrique.com/annonce/autres-animaux/oies-adultes-3273490","Oies adultes","130 000 CFA","Guediawaye, Dakar, Sénégal","https://images.coinafrique.com/thumb_3763969_uploaded_image1_1656542478.jpg"
"1739066297-136","https://sn.coinafrique.com/categorie/autres-animaux?page=4","Boeuf","https://sn.coinafrique.com/annonce/autres-animaux/boeuf-3282945","Boeuf","650 000 CFA","Grand Dakar, Dakar, Sénégal","https://images.coinafrique.com/thumb_3282945_uploaded_image1_1629127993.jpg"
"1739066299-137","https://sn.coinafrique.com/categorie/autres-animaux?page=4","Vache","https://sn.coinafrique.com/annonce/autres-animaux/vache-3287170","Vache","600 000 CFA","Niaga, Sénégal","https://images.coinafrique.com/thumb_4878570_uploaded_image1_1722874635.jpg"
"1739066301-138","https://sn.coinafrique.com/categorie/autres-animaux?page=4","Vache","https://sn.coinafrique.com/annonce/autres-animaux/vache-3287171","Vache","600 000 CFA","Niaga, Sénégal","https://images.coinafrique.com/thumb_4878570_uploaded_image1_1722874635.jpg"
"1739066304-139","https://sn.coinafrique.com/categorie/autres-animaux?page=4","Chèvre mâle","https://sn.coinafrique.com/annonce/autres-animaux/chevre-male-3315646","Chèvre mâle","Prix sur demande","Mermoz-Sacré Coeur, Dakar, Sénégal","https://images.coinafrique.com/thumb_4387674_uploaded_image1_1695430824.jpg"
"1739066306-140","https://sn.coinafrique.com/categorie/autres-animaux?page=4","Oie gardien","https://sn.coinafrique.com/annonce/autres-animaux/oie-gardien-3316810","Oie gardien","90 000 CFA","Dakar, Sénégal","https://images.coinafrique.com/thumb_3316810_uploaded_image1_1630785291.jpg"
"1739066309-141","https://sn.coinafrique.com/categorie/autres-animaux?page=4","Oie guinéen","https://sn.coinafrique.com/annonce/autres-animaux/oie-guineen-3316816","Oie guinéen","100 000 CFA","Dakar, Sénégal","https://images.coinafrique.com/thumb_3316816_uploaded_image1_1630785391.jpg"
"1739066311-142","https://sn.coinafrique.com/categorie/autres-animaux?page=4","Veaux","https://sn.coinafrique.com/annonce/autres-animaux/veaux-3318063","Veaux","Prix sur demande","Dieuppeul-Derklé, Dakar, Sénégal","https://images.coinafrique.com/thumb_3350491_uploaded_image1_1632436028.jpg"
"1739066314-143","https://sn.coinafrique.com/categorie/autres-animaux?page=4","Caille","https://sn.coinafrique.com/annonce/autres-animaux/caille-3319937","Caille","2 500 CFA","Parcelle Assainies, Dakar, Sénégal","https://images.coinafrique.com/thumb_3576048_uploaded_image1_1645409801.jpg"
"1739066316-144","https://sn.coinafrique.com/categorie/autres-animaux?page=4","Cailleteaux","https://sn.coinafrique.com/annonce/autres-animaux/cailleteaux-3319946","Cailleteaux","400 CFA","Parcelle Assainies, Dakar, Sénégal","https://images.coinafrique.com/thumb_3319946_uploaded_image1_1630948417.jpg"
"1739066318-145","https://sn.coinafrique.com/categorie/autres-animaux?page=4","Perruche","https://sn.coinafrique.com/annonce/autres-animaux/perruche-3321530","Perruche","24 000 CFA","Hann Bel-Air, Dakar, Sénégal","https://images.coinafrique.com/thumb_4194617_uploaded_image1_1682759209.jpg"
"1739066321-146","https://sn.coinafrique.com/categorie/autres-animaux?page=4","Bœuf","https://sn.coinafrique.com/annonce/autres-animaux/buf-3330908","Bœuf","1 200 000 CFA","Guediawaye, Dakar, Sénégal",""
"1739066323-147","https://sn.coinafrique.com/categorie/autres-animaux?page=4","Veaux","https://sn.coinafrique.com/annonce/autres-animaux/veaux-3335012","Veaux","250 000 CFA","Dieuppeul-Derklé, Dakar, Sénégal","https://images.coinafrique.com/thumb_3350491_uploaded_image1_1632436028.jpg"
"1739066326-148","https://sn.coinafrique.com/categorie/autres-animaux?page=4","Perruches","https://sn.coinafrique.com/annonce/autres-animaux/perruches-3336754","Perruches","Prix sur demande","Guediawaye, Dakar, Sénégal","https://images.coinafrique.com/thumb_3968286_uploaded_image1_1668632770.jpg"
"1739066328-149","https://sn.coinafrique.com/categorie/autres-animaux?page=4","Chaton","https://sn.coinafrique.com/annonce/autres-animaux/chaton-3341213","Chaton","40 000 CFA","Almadies, Dakar, Sénégal","https://images.coinafrique.com/thumb_3341213_uploaded_image1_1631968364.jpg"
"1739066330-150","https://sn.coinafrique.com/categorie/autres-animaux?page=4","Carpe Koï","https://sn.coinafrique.com/annonce/autres-animaux/carpe-koi-3345713","Carpe Koï","100 000 CFA","Dakar Plateau, Dakar, Sénégal","https://images.coinafrique.com/thumb_863425_uploaded_image1_1566425287.55.png"
"1739066333-151","https://sn.coinafrique.com/categorie/autres-animaux?page=4","Géniteur Holstein","https://sn.coinafrique.com/annonce/autres-animaux/geniteur-holstein-3348819","Géniteur Holstein","2 200 000 CFA","Dakar, Sénégal","https://images.coinafrique.com/thumb_3348819_uploaded_image1_1632352628.jpg"
"1739066335-152","https://sn.coinafrique.com/categorie/autres-animaux?page=4","Taureaux Holstein","https://sn.coinafrique.com/annonce/autres-animaux/taureaux-holstein-3348822","Taureaux Holstein","2 500 000 CFA","Dakar, Sénégal","https://images.coinafrique.com/thumb_3348822_uploaded_image1_1632352988.jpg"
"1739066338-153","https://sn.coinafrique.com/categorie/autres-animaux?page=4","Veaux","https://sn.coinafrique.com/annonce/autres-animaux/veaux-3350491","Veaux","250 000 CFA","Dieuppeul-Derklé, Dakar, Sénégal","https://images.coinafrique.com/thumb_3350491_uploaded_image1_1632436028.jpg"
"1739066340-154","https://sn.coinafrique.com/categorie/autres-animaux?page=4","Autruchon","https://sn.coinafrique.com/annonce/autres-animaux/autruchon-3357168","Autruchon","300 000 CFA","Guediawaye, Dakar, Sénégal","https://images.coinafrique.com/thumb_3357168_uploaded_image1_1632871377.jpg"
"1739066342-155","https://sn.coinafrique.com/categorie/autres-animaux?page=4","Caille","https://sn.coinafrique.com/annonce/autres-animaux/caille-3360468","Caille","2 000 CFA","Mermoz-Sacré Coeur, Dakar, Sénégal","https://images.coinafrique.com/thumb_3405018_uploaded_image1_1635264107.jpg"
"1739066345-156","https://sn.coinafrique.com/categorie/autres-animaux?page=4","Couple hermine","https://sn.coinafrique.com/annonce/autres-animaux/couple-hermine-3369362","Couple hermine","20 000 CFA","Dakar, Sénégal","https://images.coinafrique.com/thumb_3369362_uploaded_image1_1633438173.jpg"
"1739066348-157","https://sn.coinafrique.com/categorie/autres-animaux?page=4","Bœuf","https://sn.coinafrique.com/annonce/autres-animaux/buf-3369906","Bœuf","500 000 CFA","Dakar, Sénégal",""
"1739066350-158","https://sn.coinafrique.com/categorie/autres-animaux?page=4","Cailles","https://sn.coinafrique.com/annonce/autres-animaux/cailles-3371486","Cailles","1 500 CFA","Mermoz-Sacré Coeur, Dakar, Sénégal","https://images.coinafrique.com/thumb_3405018_uploaded_image1_1635264107.jpg"
"1739066352-159","https://sn.coinafrique.com/categorie/autres-animaux?page=4","Paon bleu adulte","https://sn.coinafrique.com/annonce/autres-animaux/paon-bleu-adulte-3372722","Paon bleu adulte","300 000 CFA","Keur Massar, Sénégal","https://images.coinafrique.com/thumb_3372722_uploaded_image1_1633568000.jpg"
"1739066355-160","https://sn.coinafrique.com/categorie/autres-animaux?page=4","Trio de paon bleu","https://sn.coinafrique.com/annonce/autres-animaux/trio-de-paon-bleu-3389732","Trio de paon bleu","450 000 CFA","Mbao, Dakar, Sénégal","https://images.coinafrique.com/thumb_3389732_uploaded_image1_1634436997.jpg"
"1739066357-161","https://sn.coinafrique.com/categorie/autres-animaux?page=4","Perruches","https://sn.coinafrique.com/annonce/autres-animaux/perruches-3395087","Perruches","Prix sur demande","Guediawaye, Dakar, Sénégal","https://images.coinafrique.com/thumb_3968286_uploaded_image1_1668632770.jpg"
"1739066360-162","https://sn.coinafrique.com/categorie/autres-animaux?page=4","Cailles","https://sn.coinafrique.com/annonce/autres-animaux/cailles-3405018","Cailles","2 000 CFA","Mermoz-Sacré Coeur, Dakar, Sénégal","https://images.coinafrique.com/thumb_3405018_uploaded_image1_1635264107.jpg"
"1739066362-163","https://sn.coinafrique.com/categorie/autres-animaux?page=4","Oies de toulouse","https://sn.coinafrique.com/annonce/autres-animaux/oies-de-toulouse-3413662","Oies de toulouse","450 000 CFA","Mbour, Sénégal","https://images.coinafrique.com/thumb_3646953_uploaded_image1_1649560934.jpg"
"1739066365-164","https://sn.coinafrique.com/categorie/autres-animaux?page=4","Paire d'oie","https://sn.coinafrique.com/annonce/autres-animaux/paire-doie-3418166","Paire d'oie","100 000 CFA","Thies, Sénégal",""
"1739066367-165","https://sn.coinafrique.com/categorie/autres-animaux?page=4","Canards","https://sn.coinafrique.com/annonce/autres-animaux/canards-3422543","Canards","Prix sur demande","Dakar, Sénégal","https://images.coinafrique.com/thumb_4056116_uploaded_image1_1674103896.jpg"
"1739066369-166","https://sn.coinafrique.com/categorie/autres-animaux?page=4","Couple dinde rouge","https://sn.coinafrique.com/annonce/autres-animaux/couple-dinde-rouge-3425196","Couple dinde rouge","90 000 CFA","Dakar, Sénégal","https://images.coinafrique.com/thumb_3425196_uploaded_image1_1636231334.jpg"
"1739066372-167","https://sn.coinafrique.com/categorie/autres-animaux?page=4","Bœufs","https://sn.coinafrique.com/annonce/autres-animaux/bufs-3448056","Bœufs","Prix sur demande","Louga, Sénégal",""
"1739066374-168","https://sn.coinafrique.com/categorie/autres-animaux?page=4","Chaton siamois","https://sn.coinafrique.com/annonce/autres-animaux/chaton-siamois-3450631","Chaton siamois","Prix sur demande","Grand Dakar, Dakar, Sénégal","https://images.coinafrique.com/thumb_3450631_uploaded_image1_1637664547.jpg"
"1739066377-169","https://sn.coinafrique.com/categorie/autres-animaux?page=4","Dindes","https://sn.coinafrique.com/annonce/autres-animaux/dindes-3474757","Dindes","Prix sur demande","Parcelle Assainies, Dakar, Sénégal","https://images.coinafrique.com/thumb_4169875_uploaded_image1_1681057517.jpg"
"1739066380-170","https://sn.coinafrique.com/categorie/autres-animaux?page=4","Bœuf","https://sn.coinafrique.com/annonce/autres-animaux/buf-3492877","Bœuf","900 000 CFA","Bambey, Sénégal",""
"1739066382-171","https://sn.coinafrique.com/categorie/autres-animaux?page=4","Oies de toulouse","https://sn.coinafrique.com/annonce/autres-animaux/oies-de-toulouse-3496368","Oies de toulouse","20 000 CFA","Dakar, Sénégal","https://images.coinafrique.com/thumb_3569402_uploaded_image1_1644969388.jpg"
"1739066385-172","https://sn.coinafrique.com/categorie/autres-animaux?page=4","Paon","https://sn.coinafrique.com/annonce/autres-animaux/paon-3500261","Paon","350 000 CFA","Mermoz-Sacré Coeur, Dakar, Sénégal","https://images.coinafrique.com/thumb_4277277_uploaded_image1_1688258720.jpg"
"1739066387-173","https://sn.coinafrique.com/categorie/autres-animaux?page=4","Hamster","https://sn.coinafrique.com/annonce/autres-animaux/hamster-3502571","Hamster","15 000 CFA","Mbao, Dakar, Sénégal","https://images.coinafrique.com/thumb_3689324_uploaded_image1_1652181532.jpg"
"1739066390-174","https://sn.coinafrique.com/categorie/autres-animaux?page=4","Bœufs","https://sn.coinafrique.com/annonce/autres-animaux/bufs-3509381","Bœufs","300 000 CFA","Dieuppeul-Derklé, Dakar, Sénégal",""
"1739066392-175","https://sn.coinafrique.com/categorie/autres-animaux?page=4","Chat persan chinchilla","https://sn.coinafrique.com/annonce/autres-animaux/chat-persan-chinchilla-3515163","Chat persan chinchilla","Prix sur demande","Fann-Point E-Amitié, Dakar, Sénégal","https://images.coinafrique.com/thumb_3515163_uploaded_image1_1641642618.jpg"
"1739066395-176","https://sn.coinafrique.com/categorie/autres-animaux?page=4","Cheval","https://sn.coinafrique.com/annonce/autres-animaux/cheval-3515231","Cheval","Prix sur demande","Dakar, Sénégal","https://images.coinafrique.com/thumb_3526170_uploaded_image1_1642274663.jpg"
"1739066397-177","https://sn.coinafrique.com/categorie/autres-animaux?page=4","Cochon dinde","https://sn.coinafrique.com/annonce/autres-animaux/cochon-dinde-3520065","Cochon dinde","45 000 CFA","Thies, Sénégal","https://images.coinafrique.com/thumb_3520084_uploaded_image1_1641925340.jpg"
"1739066400-178","https://sn.coinafrique.com/categorie/autres-animaux?page=4","Cochon dinde","https://sn.coinafrique.com/annonce/autres-animaux/cochon-dinde-3520078","Cochon dinde","45 000 CFA","Thies, Sénégal","https://images.coinafrique.com/thumb_3520084_uploaded_image1_1641925340.jpg"
"1739066402-179","https://sn.coinafrique.com/categorie/autres-animaux?page=4","Cochon dinde","https://sn.coinafrique.com/annonce/autres-animaux/cochon-dinde-3520084","Cochon dinde","45 000 CFA","Thies, Sénégal","https://images.coinafrique.com/thumb_3520084_uploaded_image1_1641925340.jpg"
"1739066404-180","https://sn.coinafrique.com/categorie/autres-animaux?page=4","Bouc Espagnol","https://sn.coinafrique.com/annonce/autres-animaux/bouc-espagnol-3523752","Bouc Espagnol","150 000 CFA","Louga, Sénégal","https://images.coinafrique.com/thumb_3523752_uploaded_image1_1642113362.jpg"
"1739066407-181","https://sn.coinafrique.com/categorie/autres-animaux?page=4","Hamsters","https://sn.coinafrique.com/annonce/autres-animaux/hamsters-3525591","Hamsters","15 000 CFA","Mbao, Dakar, Sénégal","https://images.coinafrique.com/thumb_3689324_uploaded_image1_1652181532.jpg"
"1739066409-182","https://sn.coinafrique.com/categorie/autres-animaux?page=4","Jeune cheval","https://sn.coinafrique.com/annonce/autres-animaux/jeune-cheval-3526170","Jeune cheval","Prix sur demande","Dakar, Sénégal","https://images.coinafrique.com/thumb_3526170_uploaded_image1_1642274663.jpg"
"1739066412-183","https://sn.coinafrique.com/categorie/autres-animaux?page=4","Bœufs","https://sn.coinafrique.com/annonce/autres-animaux/bufs-3544114","Bœufs","900 000 CFA","Bambey, Sénégal",""
"1739066414-184","https://sn.coinafrique.com/categorie/autres-animaux?page=4","Cheval","https://sn.coinafrique.com/annonce/autres-animaux/cheval-3569117","Cheval","500 000 CFA","Saint Louis, Sénégal","https://images.coinafrique.com/thumb_3569117_uploaded_image1_1644951974.jpg"
"1739066422-185","https://sn.coinafrique.com/categorie/autres-animaux?page=3","Poussins  d’oies","https://sn.coinafrique.com/annonce/autres-animaux/poussins-doies-3569402","Poussins  d’oies","35 000 CFA","Dakar, Sénégal",""
"1739066424-186","https://sn.coinafrique.com/categorie/autres-animaux?page=3","Dinde mâle","https://sn.coinafrique.com/annonce/autres-animaux/dinde-male-3575899","Dinde mâle","20 000 CFA","Dakar, Sénégal","https://images.coinafrique.com/thumb_4056115_uploaded_image1_1674103633.jpg"
"1739066426-187","https://sn.coinafrique.com/categorie/autres-animaux?page=3","Poussin caille","https://sn.coinafrique.com/annonce/autres-animaux/poussin-caille-3576048","Poussin caille","500 CFA","Parcelle Assainies, Dakar, Sénégal","https://images.coinafrique.com/thumb_3576048_uploaded_image1_1645409801.jpg"
"1739066429-188","https://sn.coinafrique.com/categorie/autres-animaux?page=3","Caille","https://sn.coinafrique.com/annonce/autres-animaux/caille-3607957","Caille","8 000 CFA","Kaolack, Sénégal","https://images.coinafrique.com/thumb_3607957_uploaded_image1_1647266236.jpg"
"1739066431-189","https://sn.coinafrique.com/categorie/autres-animaux?page=3","Chatons","https://sn.coinafrique.com/annonce/autres-animaux/chatons-3613416","Chatons","400 000 CFA","Fann, Dakar, Sénégal","https://images.coinafrique.com/thumb_4540889_uploaded_image1_1705029103.jpg"
"1739066434-190","https://sn.coinafrique.com/categorie/autres-animaux?page=3","Taurillon laitier","https://sn.coinafrique.com/annonce/autres-animaux/taurillon-laitier-3613432","Taurillon laitier","1 000 000 CFA","Sicap Liberté, Dakar, Sénégal","https://images.coinafrique.com/thumb_3613432_uploaded_image1_1647552342.jpg"
"1739066436-191","https://sn.coinafrique.com/categorie/autres-animaux?page=3","Cochons","https://sn.coinafrique.com/annonce/autres-animaux/cochons-3614166","Cochons","15 000 CFA","Mbour, Sénégal","https://images.coinafrique.com/thumb_3614166_uploaded_image1_1647608880.jpg"
"1739066439-192","https://sn.coinafrique.com/categorie/autres-animaux?page=3","Hamster","https://sn.coinafrique.com/annonce/autres-animaux/hamster-3615764","Hamster","15 000 CFA","Mbao, Dakar, Sénégal","https://images.coinafrique.com/thumb_3689324_uploaded_image1_1652181532.jpg"
"1739066441-193","https://sn.coinafrique.com/categorie/autres-animaux?page=3","Chaton Angora","https://sn.coinafrique.com/annonce/autres-animaux/chaton-angora-3634435","Chaton Angora","130 000 CFA","Fann, Dakar, Sénégal","https://images.coinafrique.com/thumb_4102298_uploaded_image1_1676900131.jpg"
"1739066444-194","https://sn.coinafrique.com/categorie/autres-animaux?page=3","Boeuf","https://sn.coinafrique.com/annonce/autres-animaux/boeuf-3645462","Boeuf","Prix sur demande","Niaga, Sénégal","https://images.coinafrique.com/thumb_4047285_uploaded_image1_1673554118.jpg"
"1739066446-195","https://sn.coinafrique.com/categorie/autres-animaux?page=3","Boeuf","https://sn.coinafrique.com/annonce/autres-animaux/boeuf-3645463","Boeuf","Prix sur demande","Niaga, Sénégal","https://images.coinafrique.com/thumb_4047285_uploaded_image1_1673554118.jpg"
"1739066449-196","https://sn.coinafrique.com/categorie/autres-animaux?page=3","Oie géant","https://sn.coinafrique.com/annonce/autres-animaux/oie-geant-3646953","Oie géant","450 000 CFA","Mbour, Sénégal","https://images.coinafrique.com/thumb_3646953_uploaded_image1_1649560934.jpg"
"1739066451-197","https://sn.coinafrique.com/categorie/autres-animaux?page=3","Boeufs","https://sn.coinafrique.com/annonce/autres-animaux/boeufs-3651241","Boeufs","900 000 CFA","Niaga, Sénégal","https://images.coinafrique.com/thumb_4047285_uploaded_image1_1673554118.jpg"
"1739066454-198","https://sn.coinafrique.com/categorie/autres-animaux?page=3","Chaton siamois","https://sn.coinafrique.com/annonce/autres-animaux/chaton-siamois-3671821","Chaton siamois","375 000 CFA","Fann, Dakar, Sénégal","https://images.coinafrique.com/thumb_4333502_uploaded_image1_1691932427.jpg"
"1739066456-199","https://sn.coinafrique.com/categorie/autres-animaux?page=3","Perroquet grand Haras","https://sn.coinafrique.com/annonce/autres-animaux/perroquet-grand-haras-3672216","Perroquet grand Haras","Prix sur demande","Yoff, Dakar, Sénégal","https://images.coinafrique.com/thumb_3672216_uploaded_image2_1651097217.jpeg"
"1739066459-200","https://sn.coinafrique.com/categorie/autres-animaux?page=3","Caille","https://sn.coinafrique.com/annonce/autres-animaux/caille-3679001","Caille","2 000 CFA","Sicap foire, Dakar, Sénégal","https://images.coinafrique.com/thumb_3679001_uploaded_image1_1651592167.jpg"
"1739066461-201","https://sn.coinafrique.com/categorie/autres-animaux?page=3","Chaton Angora","https://sn.coinafrique.com/annonce/autres-animaux/chaton-angora-3681874","Chaton Angora","160 000 CFA","Fann, Dakar, Sénégal","https://images.coinafrique.com/thumb_4102298_uploaded_image1_1676900131.jpg"
"1739066464-202","https://sn.coinafrique.com/categorie/autres-animaux?page=3","Paire colverts de Rouen","https://sn.coinafrique.com/annonce/autres-animaux/paire-colverts-de-rouen-3686752","Paire colverts de Rouen","15 000 CFA","Mboro, Sénégal","https://images.coinafrique.com/thumb_3686752_uploaded_image1_1652029317.jpg"
"1739066466-203","https://sn.coinafrique.com/categorie/autres-animaux?page=3","Hamster","https://sn.coinafrique.com/annonce/autres-animaux/hamster-3689324","Hamster","15 000 CFA","Mbao, Dakar, Sénégal","https://images.coinafrique.com/thumb_3689324_uploaded_image1_1652181532.jpg"
"1739066468-204","https://sn.coinafrique.com/categorie/autres-animaux?page=3","Boeuf","https://sn.coinafrique.com/annonce/autres-animaux/boeuf-3691179","Boeuf","Prix sur demande","Niaga, Sénégal","https://images.coinafrique.com/thumb_4047285_uploaded_image1_1673554118.jpg"
"1739066471-205","https://sn.coinafrique.com/categorie/autres-animaux?page=3","Perruches ondulées","https://sn.coinafrique.com/annonce/autres-animaux/perruches-ondulees-3693176","Perruches ondulées","12 000 CFA","Guediawaye, Dakar, Sénégal","https://images.coinafrique.com/thumb_3968286_uploaded_image1_1668632770.jpg"
"1739066473-206","https://sn.coinafrique.com/categorie/autres-animaux?page=3","Oie","https://sn.coinafrique.com/annonce/autres-animaux/oie-3719072","Oie","65 000 CFA","Niaga, Sénégal","https://images.coinafrique.com/thumb_4064457_uploaded_image1_1674641302.jpg"
"1739066476-207","https://sn.coinafrique.com/categorie/autres-animaux?page=3","Vache","https://sn.coinafrique.com/annonce/autres-animaux/vache-3734952","Vache","Prix sur demande","Niaga, Sénégal","https://images.coinafrique.com/thumb_4878570_uploaded_image1_1722874635.jpg"
"1739066478-208","https://sn.coinafrique.com/categorie/autres-animaux?page=3","Couple cochons d'inde","https://sn.coinafrique.com/annonce/autres-animaux/couple-cochons-dinde-3738425","Couple cochons d'inde","25 000 CFA","Sacré-Coeur, Dakar, Sénégal",""
"1739066481-209","https://sn.coinafrique.com/categorie/autres-animaux?page=3","Sacs de foin - Ngogne","https://sn.coinafrique.com/annonce/autres-animaux/sacs-de-foin-ngogne-3747916","Sacs de foin - Ngogne","5 000 CFA","Saint Louis, Sénégal","https://images.coinafrique.com/thumb_3747916_uploaded_image1_1655548507.jpg"
"1739066483-210","https://sn.coinafrique.com/categorie/autres-animaux?page=3","Canard","https://sn.coinafrique.com/annonce/autres-animaux/canard-3761752","Canard","Prix sur demande","Diamniadio, Sénégal","https://images.coinafrique.com/thumb_3761752_uploaded_image1_1656414791.jpg"
"1739066486-211","https://sn.coinafrique.com/categorie/autres-animaux?page=3","Paire Oie","https://sn.coinafrique.com/annonce/autres-animaux/paire-oie-3763969","Paire Oie","130 000 CFA","Guediawaye, Dakar, Sénégal","https://images.coinafrique.com/thumb_3763969_uploaded_image1_1656542478.jpg"
"1739066488-212","https://sn.coinafrique.com/categorie/autres-animaux?page=3","Oiseaux exotiques","https://sn.coinafrique.com/annonce/autres-animaux/oiseaux-exotiques-3773129","Oiseaux exotiques","Prix sur demande","Dakar, Sénégal","https://images.coinafrique.com/thumb_3773129_uploaded_image1_1657027947.jpg"
"1739066491-213","https://sn.coinafrique.com/categorie/autres-animaux?page=3","Veaux","https://sn.coinafrique.com/annonce/autres-animaux/veaux-3775233","Veaux","200 000 CFA","Diamniadio, Sénégal","https://images.coinafrique.com/thumb_3775233_uploaded_image1_1657130525.jpg"
"1739066493-214","https://sn.coinafrique.com/categorie/autres-animaux?page=3","Couple Hamster","https://sn.coinafrique.com/annonce/autres-animaux/couple-hamster-3779809","Couple Hamster","45 000 CFA","Dakar, Sénégal","https://images.coinafrique.com/thumb_3779809_uploaded_image1_1657474571.jpg"
"1739066496-215","https://sn.coinafrique.com/categorie/autres-animaux?page=3","Hamster","https://sn.coinafrique.com/annonce/autres-animaux/hamster-3780966","Hamster","15 000 CFA","Sacré-Coeur, Dakar, Sénégal","https://images.coinafrique.com/thumb_4110101_uploaded_image1_1677403384.jpg"
"1739066498-216","https://sn.coinafrique.com/categorie/autres-animaux?page=3","Veau","https://sn.coinafrique.com/annonce/autres-animaux/veau-3784229","Veau","300 000 CFA","Biscuiterie, Dakar, Sénégal","https://images.coinafrique.com/thumb_3784229_uploaded_image1_1657796861.jpg"
"1739066500-217","https://sn.coinafrique.com/categorie/autres-animaux?page=3","Cailles","https://sn.coinafrique.com/annonce/autres-animaux/cailles-3797181","Cailles","100 CFA","Keur Massar, Sénégal","https://images.coinafrique.com/thumb_3797181_uploaded_image1_1658618385.jpg"
"1739066503-218","https://sn.coinafrique.com/categorie/autres-animaux?page=3","Vache","https://sn.coinafrique.com/annonce/autres-animaux/vache-3798116","Vache","Prix sur demande","Niaga, Sénégal","https://images.coinafrique.com/thumb_4878570_uploaded_image1_1722874635.jpg"
"1739066505-219","https://sn.coinafrique.com/categorie/autres-animaux?page=3","Peruche ondulée","https://sn.coinafrique.com/annonce/autres-animaux/peruche-ondulee-3803986","Peruche ondulée","10 000 CFA","Dakar Plateau, Dakar, Sénégal","https://images.coinafrique.com/thumb_3803986_uploaded_image1_1659036881.jpg"
"1739066508-220","https://sn.coinafrique.com/categorie/autres-animaux?page=3","Vache","https://sn.coinafrique.com/annonce/autres-animaux/vache-3804681","Vache","1 000 000 CFA","Bambey, Sénégal","https://images.coinafrique.com/thumb_3804681_uploaded_image1_1659094431.jpg"
"1739066510-221","https://sn.coinafrique.com/categorie/autres-animaux?page=3","Hamster dorée","https://sn.coinafrique.com/annonce/autres-animaux/hamster-doree-3814562","Hamster dorée","15 000 CFA","Sacré-Coeur, Dakar, Sénégal","https://images.coinafrique.com/thumb_4110101_uploaded_image1_1677403384.jpg"
"1739066513-222","https://sn.coinafrique.com/categorie/autres-animaux?page=3","Bœuf","https://sn.coinafrique.com/annonce/autres-animaux/buf-3817866","Bœuf","750 000 CFA","Niaga, Sénégal",""
"1739066516-223","https://sn.coinafrique.com/categorie/autres-animaux?page=3","Bœuf","https://sn.coinafrique.com/annonce/autres-animaux/buf-3819174","Bœuf","Prix sur demande","Niaga, Sénégal",""
"1739066518-224","https://sn.coinafrique.com/categorie/autres-animaux?page=3","Vache","https://sn.coinafrique.com/annonce/autres-animaux/vache-3850590","Vache","65 000 CFA","Biscuiterie, Dakar, Sénégal","https://images.coinafrique.com/thumb_3850590_uploaded_image1_1661716395.jpg"
"1739066521-225","https://sn.coinafrique.com/categorie/autres-animaux?page=3","Cobaye mâle","https://sn.coinafrique.com/annonce/autres-animaux/cobaye-male-3868453","Cobaye mâle","16 000 CFA","Thies, Sénégal",""
"1739066523-226","https://sn.coinafrique.com/categorie/autres-animaux?page=3","Œufs","https://sn.coinafrique.com/annonce/autres-animaux/ufs-3862604","Œufs","9 000 CFA","Keur Massar, Sénégal",""
"1739066526-227","https://sn.coinafrique.com/categorie/autres-animaux?page=3","Paon","https://sn.coinafrique.com/annonce/autres-animaux/paon-3901686","Paon","50 000 CFA","Yoff, Dakar, Sénégal","https://images.coinafrique.com/thumb_4804686_uploaded_image1_1718999173.jpg"
"1739066528-228","https://sn.coinafrique.com/categorie/autres-animaux?page=3","Cailles","https://sn.coinafrique.com/annonce/autres-animaux/cailles-3905361","Cailles","2 500 CFA","Ziguinchor, Sénégal","https://images.coinafrique.com/thumb_3905361_uploaded_image1_1664880986.jpg"
"1739066531-229","https://sn.coinafrique.com/categorie/autres-animaux?page=3","Chaton Scottish Fold","https://sn.coinafrique.com/annonce/autres-animaux/chaton-scottish-fold-3915043","Chaton Scottish Fold","Prix sur demande","Fann-Point E-Amitié, Dakar, Sénégal","https://images.coinafrique.com/thumb_4540889_uploaded_image1_1705029103.jpg"
"1739066533-230","https://sn.coinafrique.com/categorie/autres-animaux?page=3","Paons bleus","https://sn.coinafrique.com/annonce/autres-animaux/paons-bleus-3916692","Paons bleus","400 000 CFA","Mbour, Sénégal","https://images.coinafrique.com/thumb_3916692_uploaded_image1_1665568760.jpg"
"1739066536-231","https://sn.coinafrique.com/categorie/autres-animaux?page=3","Bœuf","https://sn.coinafrique.com/annonce/autres-animaux/buf-3916720","Bœuf","700 000 CFA","Mbour, Sénégal",""
"1739066538-232","https://sn.coinafrique.com/categorie/autres-animaux?page=3","Anes","https://sn.coinafrique.com/annonce/autres-animaux/anes-3916725","Anes","500 000 CFA","Mbour, Sénégal","https://images.coinafrique.com/thumb_3916725_uploaded_image1_1665569939.jpg"
"1739066541-233","https://sn.coinafrique.com/categorie/autres-animaux?page=3","Poissons aquarium","https://sn.coinafrique.com/annonce/autres-animaux/poissons-aquarium-3922652","Poissons aquarium","7 500 CFA","Dakar Plateau, Dakar, Sénégal","https://images.coinafrique.com/thumb_4898597_uploaded_image1_1723887709.jpg"
"1739066543-234","https://sn.coinafrique.com/categorie/autres-animaux?page=3","Dinde","https://sn.coinafrique.com/annonce/autres-animaux/dinde-3956243","Dinde","35 000 CFA","Touba, Sénégal","https://images.coinafrique.com/thumb_4170236_uploaded_image1_1681079402.jpg"
"1739066546-235","https://sn.coinafrique.com/categorie/autres-animaux?page=3","Paon","https://sn.coinafrique.com/annonce/autres-animaux/paon-3956247","Paon","450 000 CFA","Touba, Sénégal","https://images.coinafrique.com/thumb_4226444_uploaded_image1_1684797786.jpg"
"1739066550-236","https://sn.coinafrique.com/categorie/autres-animaux?page=3","Perruches ondulées","https://sn.coinafrique.com/annonce/autres-animaux/perruches-ondulees-3968286","Perruches ondulées","12 000 CFA","Guediawaye, Dakar, Sénégal","https://images.coinafrique.com/thumb_3968286_uploaded_image1_1668632770.jpg"
"1739066552-237","https://sn.coinafrique.com/categorie/autres-animaux?page=3","Chèvre","https://sn.coinafrique.com/annonce/autres-animaux/chevre-3985611","Chèvre","50 000 CFA","Dakar, Sénégal","https://images.coinafrique.com/thumb_3985611_uploaded_image1_1669761997.jpg"
"1739066555-238","https://sn.coinafrique.com/categorie/autres-animaux?page=3","Bœufs","https://sn.coinafrique.com/annonce/autres-animaux/bufs-3991901","Bœufs","600 000 CFA","Bambey, Sénégal",""
"1739066558-239","https://sn.coinafrique.com/categorie/autres-animaux?page=3","Bœufs","https://sn.coinafrique.com/annonce/autres-animaux/bufs-4001249","Bœufs","600 000 CFA","Bambey, Sénégal",""
"1739066560-240","https://sn.coinafrique.com/categorie/autres-animaux?page=3","Chat persan hymalayen","https://sn.coinafrique.com/annonce/autres-animaux/chat-persan-hymalayen-4002094","Chat persan hymalayen","350 000 CFA","Ngor, Dakar, Sénégal","https://images.coinafrique.com/thumb_4002094_uploaded_image1_1670612752.jpg"
"1739066563-241","https://sn.coinafrique.com/categorie/autres-animaux?page=3","Chaton Persan","https://sn.coinafrique.com/annonce/autres-animaux/chaton-persan-4004300","Chaton Persan","400 000 CFA","Fann, Dakar, Sénégal","https://images.coinafrique.com/thumb_4004300_uploaded_image1_1670782309.jpg"
"1739066565-242","https://sn.coinafrique.com/categorie/autres-animaux?page=3","Perroquets Roseicollis","https://sn.coinafrique.com/annonce/autres-animaux/perroquets-roseicollis-4006084","Perroquets Roseicollis","50 000 CFA","Point E, Dakar, Sénégal","https://images.coinafrique.com/thumb_4724298_uploaded_image1_1714756962.jpg"
"1739066568-243","https://sn.coinafrique.com/categorie/autres-animaux?page=3","Vache","https://sn.coinafrique.com/annonce/autres-animaux/vache-4015081","Vache","475 CFA","Niaga, Sénégal","https://images.coinafrique.com/thumb_4878570_uploaded_image1_1722874635.jpg"
"1739066571-244","https://sn.coinafrique.com/categorie/autres-animaux?page=3","Jument","https://sn.coinafrique.com/annonce/autres-animaux/jument-4029052","Jument","550 000 CFA","Thies, Sénégal","https://images.coinafrique.com/thumb_4029052_uploaded_image1_1672496436.jpg"
"1739066573-245","https://sn.coinafrique.com/categorie/autres-animaux?page=3","Cheval","https://sn.coinafrique.com/annonce/autres-animaux/cheval-4029054","Cheval","450 000 CFA","Thies, Sénégal","https://images.coinafrique.com/thumb_4029054_uploaded_image1_1672496527.jpg"
"1739066575-246","https://sn.coinafrique.com/categorie/autres-animaux?page=3","Oies de garde","https://sn.coinafrique.com/annonce/autres-animaux/oies-de-garde-4033376","Oies de garde","200 000 CFA","Mbour, Sénégal","https://images.coinafrique.com/thumb_4033376_uploaded_image1_1672817271.jpg"
"1739066578-247","https://sn.coinafrique.com/categorie/autres-animaux?page=3","Boeuf","https://sn.coinafrique.com/annonce/autres-animaux/boeuf-4047285","Boeuf","Prix sur demande","Niaga, Sénégal","https://images.coinafrique.com/thumb_4047285_uploaded_image1_1673554118.jpg"
"1739066580-248","https://sn.coinafrique.com/categorie/autres-animaux?page=3","Perruches ondulées","https://sn.coinafrique.com/annonce/autres-animaux/perruches-ondulees-4049517","Perruches ondulées","7 000 CFA","Hann Bel-Air, Dakar, Sénégal","https://images.coinafrique.com/thumb_4194617_uploaded_image1_1682759209.jpg"
"1739066583-249","https://sn.coinafrique.com/categorie/autres-animaux?page=3","Dindons","https://sn.coinafrique.com/annonce/autres-animaux/dindons-4056115","Dindons","175 000 CFA","Dakar, Sénégal","https://images.coinafrique.com/thumb_4056115_uploaded_image1_1674103633.jpg"
"1739066585-250","https://sn.coinafrique.com/categorie/autres-animaux?page=3","Canards","https://sn.coinafrique.com/annonce/autres-animaux/canards-4056116","Canards","20 000 CFA","Dakar, Sénégal","https://images.coinafrique.com/thumb_4056116_uploaded_image1_1674103896.jpg"
"1739066588-251","https://sn.coinafrique.com/categorie/autres-animaux?page=3","Dinde","https://sn.coinafrique.com/annonce/autres-animaux/dinde-4060300","Dinde","50 000 CFA","Dakar, Sénégal","https://images.coinafrique.com/thumb_4794677_uploaded_image1_1718313441.jpg"
"1739066590-252","https://sn.coinafrique.com/categorie/autres-animaux?page=3","Oies","https://sn.coinafrique.com/annonce/autres-animaux/oies-4064457","Oies","Prix sur demande","Niaga, Sénégal","https://images.coinafrique.com/thumb_4064457_uploaded_image1_1674641302.jpg"
"1739066593-253","https://sn.coinafrique.com/categorie/autres-animaux?page=3","Bœufs","https://sn.coinafrique.com/annonce/autres-animaux/bufs-4089255","Bœufs","Prix sur demande","Niaga, Sénégal",""
"1739066595-254","https://sn.coinafrique.com/categorie/autres-animaux?page=3","Bœuf","https://sn.coinafrique.com/annonce/autres-animaux/buf-4090572","Bœuf","600 000 CFA","Bambey, Sénégal",""
"1739066598-255","https://sn.coinafrique.com/categorie/autres-animaux?page=3","Cheval","https://sn.coinafrique.com/annonce/autres-animaux/cheval-4092862","Cheval","Prix sur demande","Ouakam, Dakar, Sénégal","https://images.coinafrique.com/thumb_4092862_uploaded_image1_1676283623.jpg"
"1739066600-256","https://sn.coinafrique.com/categorie/autres-animaux?page=3","Chaton angora","https://sn.coinafrique.com/annonce/autres-animaux/chaton-angora-4102298","Chaton angora","180 000 CFA","Fann, Dakar, Sénégal","https://images.coinafrique.com/thumb_4102298_uploaded_image1_1676900131.jpg"
"1739066602-257","https://sn.coinafrique.com/categorie/autres-animaux?page=3","Chats siamois himalayen","https://sn.coinafrique.com/annonce/autres-animaux/chats-siamois-himalayen-4102440","Chats siamois himalayen","300 000 CFA","Thies, Sénégal","https://images.coinafrique.com/thumb_4102440_uploaded_image1_1676904996.jpg"
"1739066605-258","https://sn.coinafrique.com/categorie/autres-animaux?page=3","Chèvre sahelienne","https://sn.coinafrique.com/annonce/autres-animaux/chevre-sahelienne-4103018","Chèvre sahelienne","180 000 CFA","Mbour, Sénégal","https://images.coinafrique.com/thumb_4103018_uploaded_image1_1676929679.jpg"
"1739066607-259","https://sn.coinafrique.com/categorie/autres-animaux?page=3","Hamster dorée","https://sn.coinafrique.com/annonce/autres-animaux/hamster-doree-4110101","Hamster dorée","15 000 CFA","Sacré-Coeur, Dakar, Sénégal","https://images.coinafrique.com/thumb_4110101_uploaded_image1_1677403384.jpg"
"1739066610-260","https://sn.coinafrique.com/categorie/autres-animaux?page=3","Oies","https://sn.coinafrique.com/annonce/autres-animaux/oies-4119270","Oies","35 000 CFA","Thies, Sénégal","https://images.coinafrique.com/thumb_4409000_uploaded_image1_1696840958.jpg"
"1739066612-261","https://sn.coinafrique.com/categorie/autres-animaux?page=3","Vaches","https://sn.coinafrique.com/annonce/autres-animaux/vaches-4131629","Vaches","7 000 000 CFA","Niaga, Sénégal","https://images.coinafrique.com/thumb_4878570_uploaded_image1_1722874635.jpg"
"1739066615-262","https://sn.coinafrique.com/categorie/autres-animaux?page=3","Chatte persane himalayenne","https://sn.coinafrique.com/annonce/autres-animaux/chatte-persane-himalayenne-4140736","Chatte persane himalayenne","200 000 CFA","Dakar, Sénégal","https://images.coinafrique.com/thumb_4140736_uploaded_image1_1679260998.jpg"
"1739066617-263","https://sn.coinafrique.com/categorie/autres-animaux?page=3","Canard colvert","https://sn.coinafrique.com/annonce/autres-animaux/canard-colvert-4141195","Canard colvert","32 500 CFA","Almadies 2, Dakar, Sénégal","https://images.coinafrique.com/thumb_4141195_uploaded_image1_1679311407.jpg"
"1739066619-264","https://sn.coinafrique.com/categorie/autres-animaux?page=3","Perroquet","https://sn.coinafrique.com/annonce/autres-animaux/perroquet-4141464","Perroquet","20 000 CFA","Dakar, Sénégal","https://images.coinafrique.com/thumb_4185842_uploaded_image1_1682102205.jpg"
"1739066622-265","https://sn.coinafrique.com/categorie/autres-animaux?page=3","Bœuf","https://sn.coinafrique.com/annonce/autres-animaux/buf-4150854","Bœuf","Prix sur demande","Niaga, Sénégal",""
"1739066624-266","https://sn.coinafrique.com/categorie/autres-animaux?page=3","Hamster doré","https://sn.coinafrique.com/annonce/autres-animaux/hamster-dore-4169247","Hamster doré","Prix sur demande","Patte d'oie, Dakar, Sénégal","https://images.coinafrique.com/thumb_3779809_uploaded_image1_1657474571.jpg"
"1739066627-267","https://sn.coinafrique.com/categorie/autres-animaux?page=3","Dindes","https://sn.coinafrique.com/annonce/autres-animaux/dindes-4169870","Dindes","100 000 CFA","Parcelle Assainies, Dakar, Sénégal","https://images.coinafrique.com/thumb_4169875_uploaded_image1_1681057517.jpg"
"1739066629-268","https://sn.coinafrique.com/categorie/autres-animaux?page=3","Dindes","https://sn.coinafrique.com/annonce/autres-animaux/dindes-4169875","Dindes","100 000 CFA","Parcelle Assainies, Dakar, Sénégal","https://images.coinafrique.com/thumb_4169875_uploaded_image1_1681057517.jpg"
"1739066635-269","https://sn.coinafrique.com/categorie/autres-animaux?page=2","Dinde","https://sn.coinafrique.com/annonce/autres-animaux/dinde-4170236","Dinde","45 000 CFA","Touba, Sénégal","https://images.coinafrique.com/thumb_4170236_uploaded_image1_1681079402.jpg"
"1739066638-270","https://sn.coinafrique.com/categorie/autres-animaux?page=2","Bœuf","https://sn.coinafrique.com/annonce/autres-animaux/buf-4179472","Bœuf","Prix sur demande","Niaga, Sénégal",""
"1739066640-271","https://sn.coinafrique.com/categorie/autres-animaux?page=2","Chaton siamois","https://sn.coinafrique.com/annonce/autres-animaux/chaton-siamois-4180282","Chaton siamois","240 000 CFA","Sacré-Coeur, Dakar, Sénégal","https://images.coinafrique.com/thumb_4180282_uploaded_image1_1681738114.jpg"
"1739066643-272","https://sn.coinafrique.com/categorie/autres-animaux?page=2","Couple de perruches","https://sn.coinafrique.com/annonce/autres-animaux/couple-de-perruches-4180902","Couple de perruches","14 900 CFA","Thies, Sénégal","https://images.coinafrique.com/thumb_4180902_uploaded_image1_1681767382.jpg"
"1739066645-273","https://sn.coinafrique.com/categorie/autres-animaux?page=2","Perroquet","https://sn.coinafrique.com/annonce/autres-animaux/perroquet-4185842","Perroquet","35 000 CFA","Dakar, Sénégal","https://images.coinafrique.com/thumb_4185842_uploaded_image1_1682102205.jpg"
"1739066647-274","https://sn.coinafrique.com/categorie/autres-animaux?page=2","Perruches","https://sn.coinafrique.com/annonce/autres-animaux/perruches-4194617","Perruches","30 000 CFA","Hann Bel-Air, Dakar, Sénégal","https://images.coinafrique.com/thumb_4194617_uploaded_image1_1682759209.jpg"
"1739066650-275","https://sn.coinafrique.com/categorie/autres-animaux?page=2","Boeuf","https://sn.coinafrique.com/annonce/autres-animaux/boeuf-4196106","Boeuf","600 000 CFA","Bambey, Sénégal","https://images.coinafrique.com/thumb_4196106_uploaded_image1_1682881461.jpg"
"1739066652-276","https://sn.coinafrique.com/categorie/autres-animaux?page=2","Cailles","https://sn.coinafrique.com/annonce/autres-animaux/cailles-4208226","Cailles","7 000 CFA","Touba, Sénégal","https://images.coinafrique.com/thumb_4701407_uploaded_image1_1713575328.jpg"
"1739066655-277","https://sn.coinafrique.com/categorie/autres-animaux?page=2","Poissons aquarium","https://sn.coinafrique.com/annonce/autres-animaux/poissons-aquarium-4213007","Poissons aquarium","15 000 CFA","Dakar Plateau, Dakar, Sénégal","https://images.coinafrique.com/thumb_4898597_uploaded_image1_1723887709.jpg"
"1739066657-278","https://sn.coinafrique.com/categorie/autres-animaux?page=2","Chaton Siamois Himalayen","https://sn.coinafrique.com/annonce/autres-animaux/chaton-siamois-himalayen-4215680","Chaton Siamois Himalayen","275 000 CFA","Fann, Dakar, Sénégal","https://images.coinafrique.com/thumb_4333502_uploaded_image1_1691932427.jpg"
"1739066660-279","https://sn.coinafrique.com/categorie/autres-animaux?page=2","Poussins bleus hollandais","https://sn.coinafrique.com/annonce/autres-animaux/poussins-bleus-hollandais-4223952","Poussins bleus hollandais","1 500 CFA","Mbao, Dakar, Sénégal","https://images.coinafrique.com/thumb_4223952_uploaded_image1_1684611180.jpg"
"1739066662-280","https://sn.coinafrique.com/categorie/autres-animaux?page=2","Paon","https://sn.coinafrique.com/annonce/autres-animaux/paon-4226444","Paon","400 CFA","Touba, Sénégal","https://images.coinafrique.com/thumb_4226444_uploaded_image1_1684797786.jpg"
"1739066665-281","https://sn.coinafrique.com/categorie/autres-animaux?page=2","Perruche","https://sn.coinafrique.com/annonce/autres-animaux/perruche-4236158","Perruche","30 000 CFA","Point E, Dakar, Sénégal","https://images.coinafrique.com/thumb_5138284_uploaded_image1_1737038687.jpg"
"1739066667-282","https://sn.coinafrique.com/categorie/autres-animaux?page=2","Paon","https://sn.coinafrique.com/annonce/autres-animaux/paon-4250701","Paon","Prix sur demande","Yoff, Dakar, Sénégal","https://images.coinafrique.com/thumb_4804686_uploaded_image1_1718999173.jpg"
"1739066670-283","https://sn.coinafrique.com/categorie/autres-animaux?page=2","Chaton","https://sn.coinafrique.com/annonce/autres-animaux/chaton-4254477","Chaton","Prix sur demande","Ouest Foire, Dakar, Sénégal","https://images.coinafrique.com/thumb_4365267_uploaded_image1_1694000653.jpg"
"1739066672-284","https://sn.coinafrique.com/categorie/autres-animaux?page=2","Poissons aquariums","https://sn.coinafrique.com/annonce/autres-animaux/poissons-aquariums-4258053","Poissons aquariums","7 500 CFA","Dakar Plateau, Dakar, Sénégal","https://images.coinafrique.com/thumb_4898597_uploaded_image1_1723887709.jpg"
"1739066675-285","https://sn.coinafrique.com/categorie/autres-animaux?page=2","Oies","https://sn.coinafrique.com/annonce/autres-animaux/oies-4263743","Oies","45 000 CFA","Thies, Sénégal","https://images.coinafrique.com/thumb_4409000_uploaded_image1_1696840958.jpg"
"1739066677-286","https://sn.coinafrique.com/categorie/autres-animaux?page=2","Perruches ondulées","https://sn.coinafrique.com/annonce/autres-animaux/perruches-ondulees-4268218","Perruches ondulées","20 000 CFA","Dieuppeul-Derklé, Dakar, Sénégal","https://images.coinafrique.com/thumb_4846061_uploaded_image1_1721147785.jpg"
"1739066680-287","https://sn.coinafrique.com/categorie/autres-animaux?page=2","Chat persan chinchilla golden shaded","https://sn.coinafrique.com/annonce/autres-animaux/chat-persan-chinchilla-golden-shaded-4268857","Chat persan chinchilla golden shaded","500 000 CFA","Sicap Liberté, Dakar, Sénégal","https://images.coinafrique.com/thumb_4268866_uploaded_image1_1687597344.jpg"
"1739066682-288","https://sn.coinafrique.com/categorie/autres-animaux?page=2","Chat persan chinchilla blue golden shaded","https://sn.coinafrique.com/annonce/autres-animaux/chat-persan-chinchilla-blue-golden-shaded-4268866","Chat persan chinchilla blue golden shaded","650 000 CFA","Sicap Liberté, Dakar, Sénégal","https://images.coinafrique.com/thumb_4268866_uploaded_image1_1687597344.jpg"
"1739066685-289","https://sn.coinafrique.com/categorie/autres-animaux?page=2","Chatons persans chinchilla golden shaded","https://sn.coinafrique.com/annonce/autres-animaux/chatons-persans-chinchilla-golden-shaded-4268926","Chatons persans chinchilla golden shaded","500 000 CFA","Sicap Liberté, Dakar, Sénégal","https://images.coinafrique.com/thumb_4268926_uploaded_image1_1687601650.jpg"
"1739066687-290","https://sn.coinafrique.com/categorie/autres-animaux?page=2","Autruche","https://sn.coinafrique.com/annonce/autres-animaux/autruche-4274068","Autruche","40 000 CFA","Bambey, Sénégal","https://images.coinafrique.com/thumb_4292496_uploaded_image1_1689236421.jpg"
"1739066690-291","https://sn.coinafrique.com/categorie/autres-animaux?page=2","Paon","https://sn.coinafrique.com/annonce/autres-animaux/paon-4277277","Paon","290 000 CFA","Mermoz-Sacré Coeur, Dakar, Sénégal","https://images.coinafrique.com/thumb_4277277_uploaded_image1_1688258720.jpg"
"1739066692-292","https://sn.coinafrique.com/categorie/autres-animaux?page=2","Canard","https://sn.coinafrique.com/annonce/autres-animaux/canard-4251761","Canard","30 000 CFA","Guediawaye, Dakar, Sénégal","https://images.coinafrique.com/thumb_4917429_uploaded_image1_1724966703.jpg"
"1739066695-293","https://sn.coinafrique.com/categorie/autres-animaux?page=2","Vache","https://sn.coinafrique.com/annonce/autres-animaux/vache-4284952","Vache","Prix sur demande","Niaga, Sénégal","https://images.coinafrique.com/thumb_4878570_uploaded_image1_1722874635.jpg"
"1739066697-294","https://sn.coinafrique.com/categorie/autres-animaux?page=2","Chat tigré","https://sn.coinafrique.com/annonce/autres-animaux/chat-tigre-4290086","Chat tigré","60 000 CFA","Rufisque, Sénégal","https://images.coinafrique.com/thumb_4290090_uploaded_image1_1689085062.jpg"
"1739066700-295","https://sn.coinafrique.com/categorie/autres-animaux?page=2","Chat tigré","https://sn.coinafrique.com/annonce/autres-animaux/chat-tigre-4290090","Chat tigré","60 000 CFA","Rufisque, Sénégal","https://images.coinafrique.com/thumb_4290090_uploaded_image1_1689085062.jpg"
"1739066702-296","https://sn.coinafrique.com/categorie/autres-animaux?page=2","Poussins d'autruche","https://sn.coinafrique.com/annonce/autres-animaux/poussins-dautruche-4292496","Poussins d'autruche","50 000 CFA","Bambey, Sénégal",""
"1739066705-297","https://sn.coinafrique.com/categorie/autres-animaux?page=2","Vache","https://sn.coinafrique.com/annonce/autres-animaux/vache-4303521","Vache","600 000 CFA","Niaga, Sénégal","https://images.coinafrique.com/thumb_4878570_uploaded_image1_1722874635.jpg"
"1739066708-298","https://sn.coinafrique.com/categorie/autres-animaux?page=2","Bœuf","https://sn.coinafrique.com/annonce/autres-animaux/buf-4303523","Bœuf","Prix sur demande","Niaga, Sénégal",""
"1739066710-299","https://sn.coinafrique.com/categorie/autres-animaux?page=2","Chat Scottish fold","https://sn.coinafrique.com/annonce/autres-animaux/chat-scottish-fold-4326378","Chat Scottish fold","700 000 CFA","Dakar, Sénégal","https://images.coinafrique.com/thumb_4326378_uploaded_image1_1691464417.jpg"
"1739066713-300","https://sn.coinafrique.com/categorie/autres-animaux?page=2","Cailles de chair","https://sn.coinafrique.com/annonce/autres-animaux/cailles-de-chair-4327166","Cailles de chair","500 CFA","Colobane, Dakar, Sénégal","https://images.coinafrique.com/thumb_4327166_uploaded_image1_1691508551.jpg"
"1739066715-301","https://sn.coinafrique.com/categorie/autres-animaux?page=2","Chatons  British shorthair","https://sn.coinafrique.com/annonce/autres-animaux/chatons-british-shorthair-4328377","Chatons  British shorthair","650 000 CFA","Dakar Plateau, Dakar, Sénégal","https://images.coinafrique.com/thumb_4328377_uploaded_image1_1691583410.jpg"
"1739066718-302","https://sn.coinafrique.com/categorie/autres-animaux?page=2","Perroquets","https://sn.coinafrique.com/annonce/autres-animaux/perroquets-4331654","Perroquets","60 000 CFA","Point E, Dakar, Sénégal","https://images.coinafrique.com/thumb_5138284_uploaded_image1_1737038687.jpg"
"1739066720-303","https://sn.coinafrique.com/categorie/autres-animaux?page=2","Perruches ondulées","https://sn.coinafrique.com/annonce/autres-animaux/perruches-ondulees-4331659","Perruches ondulées","20 000 CFA","Point E, Dakar, Sénégal","https://images.coinafrique.com/thumb_5138284_uploaded_image1_1737038687.jpg"
"1739066722-304","https://sn.coinafrique.com/categorie/autres-animaux?page=2","Chaton Gimalayen Siamois","https://sn.coinafrique.com/annonce/autres-animaux/chaton-gimalayen-siamois-4333502","Chaton Gimalayen Siamois","250 000 CFA","Fann, Dakar, Sénégal","https://images.coinafrique.com/thumb_4333502_uploaded_image1_1691932427.jpg"
"1739066725-305","https://sn.coinafrique.com/categorie/autres-animaux?page=2","Taureau","https://sn.coinafrique.com/annonce/autres-animaux/taureau-4335558","Taureau","320 000 CFA","Rufisque, Sénégal","https://images.coinafrique.com/thumb_4335558_uploaded_image1_1692061499.jpg"
"1739066727-306","https://sn.coinafrique.com/categorie/autres-animaux?page=2","Chaton","https://sn.coinafrique.com/annonce/autres-animaux/chaton-4365267","Chaton","Prix sur demande","Ouest Foire, Dakar, Sénégal","https://images.coinafrique.com/thumb_4365267_uploaded_image1_1694000653.jpg"
"1739066730-307","https://sn.coinafrique.com/categorie/autres-animaux?page=2","Bœuf","https://sn.coinafrique.com/annonce/autres-animaux/buf-4379382","Bœuf","450 000 CFA","Dakar, Sénégal",""
"1739066732-308","https://sn.coinafrique.com/categorie/autres-animaux?page=2","Dinde rouge pair","https://sn.coinafrique.com/annonce/autres-animaux/dinde-rouge-pair-4381112","Dinde rouge pair","35 000 CFA","Dakar, Sénégal","https://images.coinafrique.com/thumb_4381112_uploaded_image1_1695035479.jpg"
"1739066734-309","https://sn.coinafrique.com/categorie/autres-animaux?page=2","Chat Persan","https://sn.coinafrique.com/annonce/autres-animaux/chat-persan-4386249","Chat Persan","650 000 CFA","Point E, Dakar, Sénégal","https://images.coinafrique.com/thumb_4386249_uploaded_image1_1695340690.jpg"
"1739066737-310","https://sn.coinafrique.com/categorie/autres-animaux?page=2","Chèvre","https://sn.coinafrique.com/annonce/autres-animaux/chevre-4387674","Chèvre","80 000 CFA","Thies, Sénégal","https://images.coinafrique.com/thumb_4387674_uploaded_image1_1695430824.jpg"
"1739066739-311","https://sn.coinafrique.com/categorie/autres-animaux?page=2","Veaux","https://sn.coinafrique.com/annonce/autres-animaux/veaux-4407653","Veaux","450 000 CFA","Pikine, Sénégal","https://images.coinafrique.com/thumb_4851931_uploaded_image2_1721447498.jpeg"
"1739066742-312","https://sn.coinafrique.com/categorie/autres-animaux?page=2","Pintades","https://sn.coinafrique.com/annonce/autres-animaux/pintades-4408799","Pintades","40 000 CFA","Guediawaye, Dakar, Sénégal","https://images.coinafrique.com/thumb_4465594_uploaded_image1_1700505532.jpg"
"1739066744-313","https://sn.coinafrique.com/categorie/autres-animaux?page=2","Dindes","https://sn.coinafrique.com/annonce/autres-animaux/dindes-4408804","Dindes","30 000 CFA","Guediawaye, Dakar, Sénégal","https://images.coinafrique.com/thumb_5001804_uploaded_image1_1729346440.jpg"
"1739066747-314","https://sn.coinafrique.com/categorie/autres-animaux?page=2","Oies de Toulouse","https://sn.coinafrique.com/annonce/autres-animaux/oies-de-toulouse-4409000","Oies de Toulouse","Prix sur demande","Thies, Sénégal","https://images.coinafrique.com/thumb_4409000_uploaded_image1_1696840958.jpg"
"1739066749-315","https://sn.coinafrique.com/categorie/autres-animaux?page=2","Perroquet","https://sn.coinafrique.com/annonce/autres-animaux/perroquet-4411374","Perroquet","50 000 CFA","Point E, Dakar, Sénégal","https://images.coinafrique.com/thumb_5138284_uploaded_image1_1737038687.jpg"
"1739066751-316","https://sn.coinafrique.com/categorie/autres-animaux?page=2","Pintade","https://sn.coinafrique.com/annonce/autres-animaux/pintade-4412768","Pintade","7 000 CFA","Keur Massar, Sénégal","https://images.coinafrique.com/thumb_4412768_uploaded_image1_1697036744.jpg"
"1739066754-317","https://sn.coinafrique.com/categorie/autres-animaux?page=2","Paon","https://sn.coinafrique.com/annonce/autres-animaux/paon-4435457","Paon","65 000 CFA","Yoff, Dakar, Sénégal","https://images.coinafrique.com/thumb_4804686_uploaded_image1_1718999173.jpg"
"1739066756-318","https://sn.coinafrique.com/categorie/autres-animaux?page=2","Canards","https://sn.coinafrique.com/annonce/autres-animaux/canards-4442030","Canards","Prix sur demande","Thies, Sénégal","https://images.coinafrique.com/thumb_4442030_uploaded_image1_1699015617.jpg"
"1739066759-319","https://sn.coinafrique.com/categorie/autres-animaux?page=2","Paon","https://sn.coinafrique.com/annonce/autres-animaux/paon-4451044","Paon","250 000 CFA","Dakar, Sénégal","https://images.coinafrique.com/thumb_4451044_uploaded_image1_1699554808.jpg"
"1739066761-320","https://sn.coinafrique.com/categorie/autres-animaux?page=2","Perruche ondulée","https://sn.coinafrique.com/annonce/autres-animaux/perruche-ondulee-4452994","Perruche ondulée","7 000 CFA","Thies, Sénégal","https://images.coinafrique.com/thumb_4452994_uploaded_image1_1699659802.jpg"
"1739066764-321","https://sn.coinafrique.com/categorie/autres-animaux?page=2","Cailles","https://sn.coinafrique.com/annonce/autres-animaux/cailles-4454743","Cailles","1 500 CFA","Dakar, Sénégal","https://images.coinafrique.com/thumb_4454743_uploaded_image1_1699793813.jpg"
"1739066766-322","https://sn.coinafrique.com/categorie/autres-animaux?page=2","Perruches ondulées","https://sn.coinafrique.com/annonce/autres-animaux/perruches-ondulees-4456156","Perruches ondulées","15 000 CFA","Dieuppeul-Derklé, Dakar, Sénégal","https://images.coinafrique.com/thumb_4846061_uploaded_image1_1721147785.jpg"
"1739066768-323","https://sn.coinafrique.com/categorie/autres-animaux?page=2","Perruche Anglaise","https://sn.coinafrique.com/annonce/autres-animaux/perruche-anglaise-4456172","Perruche Anglaise","40 000 CFA","Dieuppeul-Derklé, Dakar, Sénégal","https://images.coinafrique.com/thumb_4456172_uploaded_image1_1699885668.jpg"
"1739066771-324","https://sn.coinafrique.com/categorie/autres-animaux?page=2","Brittish Shorthair","https://sn.coinafrique.com/annonce/autres-animaux/brittish-shorthair-4462219","Brittish Shorthair","800 000 CFA","Dakar Plateau, Dakar, Sénégal","https://images.coinafrique.com/thumb_4629619_uploaded_image1_1709768692.jpg"
"1739066773-325","https://sn.coinafrique.com/categorie/autres-animaux?page=2","Pintade","https://sn.coinafrique.com/annonce/autres-animaux/pintade-4465594","Pintade","75 000 CFA","Guediawaye, Dakar, Sénégal","https://images.coinafrique.com/thumb_4465594_uploaded_image1_1700505532.jpg"
"1739066776-326","https://sn.coinafrique.com/categorie/autres-animaux?page=2","Cochons","https://sn.coinafrique.com/annonce/autres-animaux/cochons-4503058","Cochons","20 000 CFA","Keur Massar, Sénégal","https://images.coinafrique.com/thumb_4555313_uploaded_image1_1705776199.jpg"
"1739066778-327","https://sn.coinafrique.com/categorie/autres-animaux?page=2","Cochons","https://sn.coinafrique.com/annonce/autres-animaux/cochons-4503064","Cochons","20 000 CFA","Keur Massar, Sénégal","https://images.coinafrique.com/thumb_4555313_uploaded_image1_1705776199.jpg"
"1739066781-328","https://sn.coinafrique.com/categorie/autres-animaux?page=2","Vaches","https://sn.coinafrique.com/annonce/autres-animaux/vaches-4504586","Vaches","1 500 000 CFA","Dakar, Sénégal","https://images.coinafrique.com/thumb_4504586_uploaded_image1_1702911785.jpg"
"1739066783-329","https://sn.coinafrique.com/categorie/autres-animaux?page=2","Couple dinde","https://sn.coinafrique.com/annonce/autres-animaux/couple-dinde-4506000","Couple dinde","40 000 CFA","Kolda, Sénégal","https://images.coinafrique.com/thumb_4506000_uploaded_image1_1702997150.jpg"
"1739066785-330","https://sn.coinafrique.com/categorie/autres-animaux?page=2","Chatons Serval","https://sn.coinafrique.com/annonce/autres-animaux/chatons-serval-4517799","Chatons Serval","1 500 000 CFA","Saint Louis, Sénégal","https://images.coinafrique.com/thumb_4517799_uploaded_image1_1703777941.jpg"
"1739066788-331","https://sn.coinafrique.com/categorie/autres-animaux?page=2","Poissons aquarium","https://sn.coinafrique.com/annonce/autres-animaux/poissons-aquarium-4534116","Poissons aquarium","7 000 CFA","Dakar Plateau, Dakar, Sénégal","https://images.coinafrique.com/thumb_4898597_uploaded_image1_1723887709.jpg"
"1739066790-332","https://sn.coinafrique.com/categorie/autres-animaux?page=2","Bœuf","https://sn.coinafrique.com/annonce/autres-animaux/buf-4534540","Bœuf","Prix sur demande","Diamalaye 2, Dakar, Sénégal",""
"1739066793-333","https://sn.coinafrique.com/categorie/autres-animaux?page=2","Chaton Persan","https://sn.coinafrique.com/annonce/autres-animaux/chaton-persan-4540876","Chaton Persan","400 000 CFA","Dakar, Sénégal","https://images.coinafrique.com/thumb_4540876_uploaded_image1_1705028116.jpg"
"1739066796-334","https://sn.coinafrique.com/categorie/autres-animaux?page=2","Chaton Scotish Fold","https://sn.coinafrique.com/annonce/autres-animaux/chaton-scotish-fold-4540889","Chaton Scotish Fold","750 000 CFA","Fann, Dakar, Sénégal","https://images.coinafrique.com/thumb_4540889_uploaded_image1_1705029103.jpg"
"1739066798-335","https://sn.coinafrique.com/categorie/autres-animaux?page=2","Cochons d'inde","https://sn.coinafrique.com/annonce/autres-animaux/cochons-dinde-4555313","Cochons d'inde","20 000 CFA","Keur Massar, Sénégal","https://images.coinafrique.com/thumb_3520084_uploaded_image1_1641925340.jpg"
"1739066801-336","https://sn.coinafrique.com/categorie/autres-animaux?page=2","Boeuf","https://sn.coinafrique.com/annonce/autres-animaux/boeuf-4568012","Boeuf","600 000 CFA","Mbao, Dakar, Sénégal","https://images.coinafrique.com/thumb_5054269_uploaded_image1_1732160455.jpg"
"1739066803-337","https://sn.coinafrique.com/categorie/autres-animaux?page=2","Chaton Persan","https://sn.coinafrique.com/annonce/autres-animaux/chaton-persan-4569529","Chaton Persan","400 000 CFA","Dakar Plateau, Dakar, Sénégal","https://images.coinafrique.com/thumb_5050095_uploaded_image1_1731948012.jpg"
"1739066806-338","https://sn.coinafrique.com/categorie/autres-animaux?page=2","Perroquet youyou","https://sn.coinafrique.com/annonce/autres-animaux/perroquet-youyou-4570755","Perroquet youyou","10 000 CFA","Dieuppeul-Derklé, Dakar, Sénégal","https://images.coinafrique.com/thumb_4570755_uploaded_image2_1706701706.jpeg"
"1739066808-339","https://sn.coinafrique.com/categorie/autres-animaux?page=2","Chaton Scottish Fold","https://sn.coinafrique.com/annonce/autres-animaux/chaton-scottish-fold-4571582","Chaton Scottish Fold","750 000 CFA","Dakar Plateau, Dakar, Sénégal","https://images.coinafrique.com/thumb_4808971_uploaded_image1_1719267956.jpg"
"1739066812-340","https://sn.coinafrique.com/categorie/autres-animaux?page=2","Chaton Persan","https://sn.coinafrique.com/annonce/autres-animaux/chaton-persan-4592914","Chaton Persan","400 000 CFA","Dakar Plateau, Dakar, Sénégal","https://images.coinafrique.com/thumb_5050095_uploaded_image1_1731948012.jpg"
"1739066815-341","https://sn.coinafrique.com/categorie/autres-animaux?page=2","Chaton Siamois Hymalayen","https://sn.coinafrique.com/annonce/autres-animaux/chaton-siamois-hymalayen-4593854","Chaton Siamois Hymalayen","240 000 CFA","Dakar Plateau, Dakar, Sénégal","https://images.coinafrique.com/thumb_4593854_uploaded_image1_1707927839.jpg"
"1739066817-342","https://sn.coinafrique.com/categorie/autres-animaux?page=2","Chaton","https://sn.coinafrique.com/annonce/autres-animaux/chaton-4608863","Chaton","Prix sur demande","Ngor, Dakar, Sénégal","https://images.coinafrique.com/thumb_4689687_uploaded_image1_1713000926.jpg"
"1739066820-343","https://sn.coinafrique.com/categorie/autres-animaux?page=2","Poussins de canards","https://sn.coinafrique.com/annonce/autres-animaux/poussins-de-canards-4619825","Poussins de canards","3 000 CFA","Guediawaye, Dakar, Sénégal","https://images.coinafrique.com/thumb_4917429_uploaded_image1_1724966703.jpg"
"1739066822-344","https://sn.coinafrique.com/categorie/autres-animaux?page=2","Chat Persan Chinchilla","https://sn.coinafrique.com/annonce/autres-animaux/chat-persan-chinchilla-4623023","Chat Persan Chinchilla","400 000 CFA","Dakar Plateau, Dakar, Sénégal","https://images.coinafrique.com/thumb_4623023_uploaded_image1_1709471973.jpg"
"1739066825-345","https://sn.coinafrique.com/categorie/autres-animaux?page=2","Chat Brittish Shorthair","https://sn.coinafrique.com/annonce/autres-animaux/chat-brittish-shorthair-4629619","Chat Brittish Shorthair","700 000 CFA","Dakar Plateau, Dakar, Sénégal","https://images.coinafrique.com/thumb_4629619_uploaded_image1_1709768692.jpg"
"1739066827-346","https://sn.coinafrique.com/categorie/autres-animaux?page=2","Chaton Hymalayen Persan","https://sn.coinafrique.com/annonce/autres-animaux/chaton-hymalayen-persan-4639205","Chaton Hymalayen Persan","270 000 CFA","Dakar Plateau, Dakar, Sénégal","https://images.coinafrique.com/thumb_4639205_uploaded_image1_1710275204.jpg"
"1739066829-347","https://sn.coinafrique.com/categorie/autres-animaux?page=2","Cage avec 3  oiseaux","https://sn.coinafrique.com/annonce/autres-animaux/cage-avec-3-oiseaux-4640165","Cage avec 3  oiseaux","60 000 CFA","Dakar, Sénégal","https://images.coinafrique.com/thumb_4640165_uploaded_image1_1710330525.jpg"
"1739066832-348","https://sn.coinafrique.com/categorie/autres-animaux?page=2","Chaton Himalayen","https://sn.coinafrique.com/annonce/autres-animaux/chaton-himalayen-4642742","Chaton Himalayen","270 000 CFA","Dakar Plateau, Dakar, Sénégal","https://images.coinafrique.com/thumb_5041105_uploaded_image1_1731466674.jpg"
"1739066834-349","https://sn.coinafrique.com/categorie/autres-animaux?page=2","Chatons","https://sn.coinafrique.com/annonce/autres-animaux/chatons-4646165","Chatons","Prix sur demande","Point E, Dakar, Sénégal","https://images.coinafrique.com/thumb_4941927_uploaded_image1_1726184064.jpg"
"1739066837-350","https://sn.coinafrique.com/categorie/autres-animaux?page=2","Canard Colvert","https://sn.coinafrique.com/annonce/autres-animaux/canard-colvert-4650420","Canard Colvert","25 000 CFA","Mariste, Dakar, Sénégal","https://images.coinafrique.com/thumb_4650420_uploaded_image1_1710887873.jpg"
"1739066839-351","https://sn.coinafrique.com/categorie/autres-animaux?page=2","Couple perroquet  Roseicollis","https://sn.coinafrique.com/annonce/autres-animaux/couple-perroquet-roseicollis-4651651","Couple perroquet  Roseicollis","60 000 CFA","Point E, Dakar, Sénégal","https://images.coinafrique.com/thumb_4724298_uploaded_image1_1714756962.jpg"
"1739066842-352","https://sn.coinafrique.com/categorie/autres-animaux?page=2","Chatons","https://sn.coinafrique.com/annonce/autres-animaux/chatons-4651939","Chatons","Prix sur demande","Mariste, Dakar, Sénégal","https://images.coinafrique.com/thumb_5017864_uploaded_image1_1730286261.jpg"
"1739066848-353","https://sn.coinafrique.com/categorie/autres-animaux?page=1","Vache brune","https://sn.coinafrique.com/annonce/autres-animaux/vache-brune-4664799","Vache brune","Prix sur demande","Mbour, Sénégal","https://images.coinafrique.com/thumb_4664799_uploaded_image1_1711657831.jpg"
"1739066851-354","https://sn.coinafrique.com/categorie/autres-animaux?page=1","Paire de perruches ondulées","https://sn.coinafrique.com/annonce/autres-animaux/paire-de-perruches-ondulees-4679396","Paire de perruches ondulées","40 000 CFA","Mamelles, Dakar, Sénégal","https://images.coinafrique.com/thumb_4679396_uploaded_image1_1712411459.jpg"
"1739066854-355","https://sn.coinafrique.com/categorie/autres-animaux?page=1","Bœufs","https://sn.coinafrique.com/annonce/autres-animaux/bufs-4679890","Bœufs","Prix sur demande","Parcelle Assainies, Dakar, Sénégal",""
"1739066856-356","https://sn.coinafrique.com/categorie/autres-animaux?page=1","Chaton","https://sn.coinafrique.com/annonce/autres-animaux/chaton-4689687","Chaton","Prix sur demande","Ngor, Dakar, Sénégal","https://images.coinafrique.com/thumb_4689687_uploaded_image1_1713000926.jpg"
"1739066859-357","https://sn.coinafrique.com/categorie/autres-animaux?page=1","Perruche","https://sn.coinafrique.com/annonce/autres-animaux/perruche-4701230","Perruche","20 000 CFA","Mamelles, Dakar, Sénégal","https://images.coinafrique.com/thumb_4701230_uploaded_image1_1713565518.jpg"
"1739066861-358","https://sn.coinafrique.com/categorie/autres-animaux?page=1","Cailles","https://sn.coinafrique.com/annonce/autres-animaux/cailles-4701407","Cailles","Prix sur demande","Touba, Sénégal","https://images.coinafrique.com/thumb_4701407_uploaded_image1_1713575328.jpg"
"1739066863-359","https://sn.coinafrique.com/categorie/autres-animaux?page=1","Hamster","https://sn.coinafrique.com/annonce/autres-animaux/hamster-4723216","Hamster","5 000 CFA","Almadies, Dakar, Sénégal","https://images.coinafrique.com/thumb_4962365_uploaded_image1_1727302829.jpg"
"1739066866-360","https://sn.coinafrique.com/categorie/autres-animaux?page=1","Chat Siamois","https://sn.coinafrique.com/annonce/autres-animaux/chat-siamois-4723220","Chat Siamois","300 000 CFA","Almadies, Dakar, Sénégal","https://images.coinafrique.com/thumb_5103325_uploaded_image1_1734893890.jpg"
"1739066868-361","https://sn.coinafrique.com/categorie/autres-animaux?page=1","Perroquet inséparable","https://sn.coinafrique.com/annonce/autres-animaux/perroquet-inseparable-4724298","Perroquet inséparable","60 000 CFA","Point E, Dakar, Sénégal","https://images.coinafrique.com/thumb_4724298_uploaded_image1_1714756962.jpg"
"1739066871-362","https://sn.coinafrique.com/categorie/autres-animaux?page=1","Paon bleu","https://sn.coinafrique.com/annonce/autres-animaux/paon-bleu-4686441","Paon bleu","250 000 CFA","Rufisque, Sénégal","https://images.coinafrique.com/thumb_4686441_uploaded_image1_1712838619.jpg"
"1739066873-363","https://sn.coinafrique.com/categorie/autres-animaux?page=1","3 chatons","https://sn.coinafrique.com/annonce/autres-animaux/3-chatons-4751663","3 chatons","Prix sur demande","Mariste, Dakar, Sénégal","https://images.coinafrique.com/thumb_4922546_uploaded_image1_1725269043.jpg"
"1739066876-364","https://sn.coinafrique.com/categorie/autres-animaux?page=1","Boeuf","https://sn.coinafrique.com/annonce/autres-animaux/boeuf-4752043","Boeuf","800 000 CFA","Kaolack, Sénégal","https://images.coinafrique.com/thumb_4752043_uploaded_image1_1716145974.jpg"
"1739066878-365","https://sn.coinafrique.com/categorie/autres-animaux?page=1","Vache  Montbéliard Holstein","https://sn.coinafrique.com/annonce/autres-animaux/vache-montbeliard-holstein-4753933","Vache  Montbéliard Holstein","Prix sur demande","Pikine, Sénégal","https://images.coinafrique.com/thumb_4753936_uploaded_image1_1716257870.jpg"
"1739066881-366","https://sn.coinafrique.com/categorie/autres-animaux?page=1","Vache Montbéliard et Holstein","https://sn.coinafrique.com/annonce/autres-animaux/vache-montbeliard-et-holstein-4753935","Vache Montbéliard et Holstein","Prix sur demande","Rufisque, Sénégal","https://images.coinafrique.com/thumb_4753935_uploaded_image1_1716257776.jpg"
"1739066883-367","https://sn.coinafrique.com/categorie/autres-animaux?page=1","Vaches Montbéliarde","https://sn.coinafrique.com/annonce/autres-animaux/vaches-montbeliarde-4753936","Vaches Montbéliarde","Prix sur demande","Pikine, Sénégal","https://images.coinafrique.com/thumb_4851931_uploaded_image2_1721447498.jpeg"
"1739066886-368","https://sn.coinafrique.com/categorie/autres-animaux?page=1","Chaton Scottish","https://sn.coinafrique.com/annonce/autres-animaux/chaton-scottish-4755374","Chaton Scottish","450 000 CFA","Dakar Plateau, Dakar, Sénégal","https://images.coinafrique.com/thumb_4808971_uploaded_image1_1719267956.jpg"
"1739066888-369","https://sn.coinafrique.com/categorie/autres-animaux?page=1","Vache laitière Montbéliarde","https://sn.coinafrique.com/annonce/autres-animaux/vache-laitiere-montbeliarde-4765247","Vache laitière Montbéliarde","Prix sur demande","Guediawaye, Dakar, Sénégal","https://images.coinafrique.com/thumb_4765247_uploaded_image1_1716841792.jpg"
"1739066890-370","https://sn.coinafrique.com/categorie/autres-animaux?page=1","Chaton Angora","https://sn.coinafrique.com/annonce/autres-animaux/chaton-angora-4765270","Chaton Angora","350 000 CFA","Dakar, Sénégal","https://images.coinafrique.com/thumb_4765270_uploaded_image1_1716842569.jpg"
"1739066893-371","https://sn.coinafrique.com/categorie/autres-animaux?page=1","Chat persan","https://sn.coinafrique.com/annonce/autres-animaux/chat-persan-4785131","Chat persan","400 000 CFA","Dakar Plateau, Dakar, Sénégal","https://images.coinafrique.com/thumb_5050095_uploaded_image1_1731948012.jpg"
"1739066895-372","https://sn.coinafrique.com/categorie/autres-animaux?page=1","Poussin Cochin disponible","https://sn.coinafrique.com/annonce/autres-animaux/poussin-cochin-disponible-4794466","Poussin Cochin disponible","17 500 CFA","Dakar, Sénégal","https://images.coinafrique.com/thumb_4794466_uploaded_image1_1718301585.jpg"
"1739066898-373","https://sn.coinafrique.com/categorie/autres-animaux?page=1","Cochin Fauve","https://sn.coinafrique.com/annonce/autres-animaux/cochin-fauve-4794473","Cochin Fauve","17 500 CFA","Dakar, Sénégal","https://images.coinafrique.com/thumb_4794473_uploaded_image1_1718301841.jpg"
"1739066900-374","https://sn.coinafrique.com/categorie/autres-animaux?page=1","Poussin dinde rouge","https://sn.coinafrique.com/annonce/autres-animaux/poussin-dinde-rouge-4794677","Poussin dinde rouge","15 000 CFA","Dakar, Sénégal","https://images.coinafrique.com/thumb_4794677_uploaded_image1_1718313441.jpg"
"1739066903-375","https://sn.coinafrique.com/categorie/autres-animaux?page=1","Chat scotish","https://sn.coinafrique.com/annonce/autres-animaux/chat-scotish-4803206","Chat scotish","750 000 CFA","Dakar Plateau, Dakar, Sénégal","https://images.coinafrique.com/thumb_4803206_uploaded_image1_1718912151.jpg"
"1739066905-376","https://sn.coinafrique.com/categorie/autres-animaux?page=1","Paon","https://sn.coinafrique.com/annonce/autres-animaux/paon-4804686","Paon","140 000 CFA","Yoff, Dakar, Sénégal","https://images.coinafrique.com/thumb_4804686_uploaded_image1_1718999173.jpg"
"1739066907-377","https://sn.coinafrique.com/categorie/autres-animaux?page=1","Foin","https://sn.coinafrique.com/annonce/autres-animaux/foin-4807500","Foin","4 600 CFA","Keur Massar, Sénégal","https://images.coinafrique.com/thumb_4807500_uploaded_image1_1719210823.jpg"
"1739066910-378","https://sn.coinafrique.com/categorie/autres-animaux?page=1","Scottish fold et scottish straight de race pure","https://sn.coinafrique.com/annonce/autres-animaux/scottish-fold-et-scottish-straight-de-race-pure-4808971","Scottish fold et scottish straight de race pure","700 000 CFA","Dakar Plateau, Dakar, Sénégal","https://images.coinafrique.com/thumb_4808971_uploaded_image1_1719267956.jpg"
"1739066912-379","https://sn.coinafrique.com/categorie/autres-animaux?page=1","Chatons Persan pure race","https://sn.coinafrique.com/annonce/autres-animaux/chatons-persan-pure-race-4808981","Chatons Persan pure race","450 000 CFA","Dakar Plateau, Dakar, Sénégal","https://images.coinafrique.com/thumb_5050095_uploaded_image1_1731948012.jpg"
"1739066915-380","https://sn.coinafrique.com/categorie/autres-animaux?page=1","Persan pure race","https://sn.coinafrique.com/annonce/autres-animaux/persan-pure-race-4818301","Persan pure race","500 000 CFA","Dakar Plateau, Dakar, Sénégal","https://images.coinafrique.com/thumb_5050095_uploaded_image1_1731948012.jpg"
"1739066917-381","https://sn.coinafrique.com/categorie/autres-animaux?page=1","Perruches ondulées blanches","https://sn.coinafrique.com/annonce/autres-animaux/perruches-ondulees-blanches-4846024","Perruches ondulées blanches","20 000 CFA","Dieuppeul-Derklé, Dakar, Sénégal","https://images.coinafrique.com/thumb_4846024_uploaded_image1_1721146605.jpg"
"1739066920-382","https://sn.coinafrique.com/categorie/autres-animaux?page=1","Perruche ondulée","https://sn.coinafrique.com/annonce/autres-animaux/perruche-ondulee-4846053","Perruche ondulée","30 000 CFA","Dieuppeul-Derklé, Dakar, Sénégal","https://images.coinafrique.com/thumb_4846061_uploaded_image1_1721147785.jpg"
"1739066922-383","https://sn.coinafrique.com/categorie/autres-animaux?page=1","Perruche ondulée","https://sn.coinafrique.com/annonce/autres-animaux/perruche-ondulee-4846061","Perruche ondulée","15 000 CFA","Dieuppeul-Derklé, Dakar, Sénégal","https://images.coinafrique.com/thumb_4846061_uploaded_image1_1721147785.jpg"
"1739066925-384","https://sn.coinafrique.com/categorie/autres-animaux?page=1","Vache montbéliardes","https://sn.coinafrique.com/annonce/autres-animaux/vache-montbeliardes-4851931","Vache montbéliardes","2 000 000 CFA","Pikine, Sénégal","https://images.coinafrique.com/thumb_4851931_uploaded_image2_1721447498.jpeg"
"1739066927-385","https://sn.coinafrique.com/categorie/autres-animaux?page=1","Bœufs race Goudali","https://sn.coinafrique.com/annonce/autres-animaux/bufs-race-goudali-4853741","Bœufs race Goudali","Prix sur demande","Dakar, Sénégal",""
"1739066930-386","https://sn.coinafrique.com/categorie/autres-animaux?page=1","Siamois","https://sn.coinafrique.com/annonce/autres-animaux/siamois-4855435","Siamois","200 000 CFA","Yoff, Dakar, Sénégal","https://images.coinafrique.com/thumb_4855435_uploaded_image1_1721662817.jpg"
"1739066932-387","https://sn.coinafrique.com/categorie/autres-animaux?page=1","Chaton hiamalayen","https://sn.coinafrique.com/annonce/autres-animaux/chaton-hiamalayen-4864117","Chaton hiamalayen","200 000 CFA","Dakar Plateau, Dakar, Sénégal","https://images.coinafrique.com/thumb_4864117_uploaded_image1_1722115248.jpg"
"1739066934-388","https://sn.coinafrique.com/categorie/autres-animaux?page=1","Vache","https://sn.coinafrique.com/annonce/autres-animaux/vache-4864739","Vache","350 000 CFA","Gassane, Sénégal","https://images.coinafrique.com/thumb_4864739_uploaded_image1_1722168896.jpg"
"1739066937-389","https://sn.coinafrique.com/categorie/autres-animaux?page=1","Boeuf","https://sn.coinafrique.com/annonce/autres-animaux/boeuf-4869182","Boeuf","550 CFA","Matam, Sénégal","https://images.coinafrique.com/thumb_4869182_uploaded_image1_1722422052.jpg"
"1739066939-390","https://sn.coinafrique.com/categorie/autres-animaux?page=1","vache","https://sn.coinafrique.com/annonce/autres-animaux/vache-4878570","vache","Prix sur demande","Niaga, Sénégal","https://images.coinafrique.com/thumb_4878570_uploaded_image1_1722874635.jpg"
"1739066942-391","https://sn.coinafrique.com/categorie/autres-animaux?page=1","Œufs de caille","https://sn.coinafrique.com/annonce/autres-animaux/ufs-de-caille-4880849","Œufs de caille","3 000 CFA","Thies, Sénégal",""
"1739066944-392","https://sn.coinafrique.com/categorie/autres-animaux?page=1","Œufs de caille","https://sn.coinafrique.com/annonce/autres-animaux/ufs-de-caille-4880858","Œufs de caille","3 000 CFA","Thies, Sénégal",""
"1739066947-393","https://sn.coinafrique.com/categorie/autres-animaux?page=1","Autruche","https://sn.coinafrique.com/annonce/autres-animaux/autruche-4885138","Autruche","750 000 CFA","Almadies 2, Dakar, Sénégal","https://images.coinafrique.com/thumb_4885138_uploaded_image1_1723173640.jpg"
"1739066950-394","https://sn.coinafrique.com/categorie/autres-animaux?page=1","Chatons persans chinchillas purs","https://sn.coinafrique.com/annonce/autres-animaux/chatons-persans-chinchillas-purs-4888897","Chatons persans chinchillas purs","550 000 CFA","Sicap Liberté, Dakar, Sénégal","https://images.coinafrique.com/thumb_4888897_uploaded_image1_1723397770.jpg"
"1739066952-395","https://sn.coinafrique.com/categorie/autres-animaux?page=1","Bœufs","https://sn.coinafrique.com/annonce/autres-animaux/bufs-4895608","Bœufs","Prix sur demande","Niaga, Sénégal",""
"1739066955-396","https://sn.coinafrique.com/categorie/autres-animaux?page=1","Poisson Aquarium","https://sn.coinafrique.com/annonce/autres-animaux/poisson-aquarium-4898597","Poisson Aquarium","8 500 CFA","Dakar Plateau, Dakar, Sénégal","https://images.coinafrique.com/thumb_4898597_uploaded_image1_1723887709.jpg"
"1739066957-397","https://sn.coinafrique.com/categorie/autres-animaux?page=1","Perroquets","https://sn.coinafrique.com/annonce/autres-animaux/perroquets-4903200","Perroquets","50 000 CFA","Point E, Dakar, Sénégal","https://images.coinafrique.com/thumb_5138284_uploaded_image1_1737038687.jpg"
"1739066960-398","https://sn.coinafrique.com/categorie/autres-animaux?page=1","Dinde rouge Ardenne","https://sn.coinafrique.com/annonce/autres-animaux/dinde-rouge-ardenne-4917420","Dinde rouge Ardenne","Prix sur demande","Guediawaye, Dakar, Sénégal","https://images.coinafrique.com/thumb_4917420_uploaded_image1_1724966404.jpg"
"1739066962-399","https://sn.coinafrique.com/categorie/autres-animaux?page=1","Poussins de canard","https://sn.coinafrique.com/annonce/autres-animaux/poussins-de-canard-4917429","Poussins de canard","2 500 CFA","Guediawaye, Dakar, Sénégal","https://images.coinafrique.com/thumb_4917429_uploaded_image1_1724966703.jpg"
"1739066965-400","https://sn.coinafrique.com/categorie/autres-animaux?page=1","Chatons","https://sn.coinafrique.com/annonce/autres-animaux/chatons-4922546","Chatons","Prix sur demande","Mariste, Dakar, Sénégal","https://images.coinafrique.com/thumb_5017864_uploaded_image1_1730286261.jpg"
"1739066967-401","https://sn.coinafrique.com/categorie/autres-animaux?page=1","Chat","https://sn.coinafrique.com/annonce/autres-animaux/chat-4928423","Chat","350 000 CFA","Grand Dakar, Dakar, Sénégal","https://images.coinafrique.com/thumb_4928423_uploaded_image1_1725508257.jpg"
"1739066969-402","https://sn.coinafrique.com/categorie/autres-animaux?page=1","Chaton Persan Peaky Face","https://sn.coinafrique.com/annonce/autres-animaux/chaton-persan-peaky-face-4941927","Chaton Persan Peaky Face","590 000 CFA","Point E, Dakar, Sénégal","https://images.coinafrique.com/thumb_4941927_uploaded_image1_1726184064.jpg"
"1739066972-403","https://sn.coinafrique.com/categorie/autres-animaux?page=1","Pintade noire","https://sn.coinafrique.com/annonce/autres-animaux/pintade-noire-4942157","Pintade noire","800 000 CFA","Hann Bel-Air, Dakar, Sénégal","https://images.coinafrique.com/thumb_4942157_uploaded_image1_1726204107.jpg"
"1739066975-404","https://sn.coinafrique.com/categorie/autres-animaux?page=1","Chaton","https://sn.coinafrique.com/annonce/autres-animaux/chaton-4956743","Chaton","50 000 CFA","Dakar, Sénégal","https://images.coinafrique.com/thumb_4956743_uploaded_image1_1727042864.jpg"
"1739066977-405","https://sn.coinafrique.com/categorie/autres-animaux?page=1","Cailles de chair","https://sn.coinafrique.com/annonce/autres-animaux/cailles-de-chair-4957482","Cailles de chair","2 500 CFA","Thies, Sénégal","https://images.coinafrique.com/thumb_4957482_uploaded_image1_1727090624.jpg"
"1739066980-406","https://sn.coinafrique.com/categorie/autres-animaux?page=1","Hamster","https://sn.coinafrique.com/annonce/autres-animaux/hamster-4962365","Hamster","10 000 CFA","Almadies, Dakar, Sénégal","https://images.coinafrique.com/thumb_4962365_uploaded_image1_1727302829.jpg"
"1739066982-407","https://sn.coinafrique.com/categorie/autres-animaux?page=1","Œufs de caille","https://sn.coinafrique.com/annonce/autres-animaux/ufs-de-caille-4962446","Œufs de caille","4 500 CFA","Mbour, Sénégal",""
"1739066985-408","https://sn.coinafrique.com/categorie/autres-animaux?page=1","Perroquet","https://sn.coinafrique.com/annonce/autres-animaux/perroquet-4967605","Perroquet","399 000 CFA","Sicap Liberté, Dakar, Sénégal","https://images.coinafrique.com/thumb_4967605_uploaded_image1_1727643698.jpg"
"1739066987-409","https://sn.coinafrique.com/categorie/autres-animaux?page=1","Bleus","https://sn.coinafrique.com/annonce/autres-animaux/bleus-4974963","Bleus","Prix sur demande","Sicap Liberté, Dakar, Sénégal","https://images.coinafrique.com/thumb_4974963_uploaded_image1_1727962840.jpg"
"1739066990-410","https://sn.coinafrique.com/categorie/autres-animaux?page=1","Tortue","https://sn.coinafrique.com/annonce/autres-animaux/tortue-4976748","Tortue","35 000 CFA","Hann Bel-Air, Dakar, Sénégal","https://images.coinafrique.com/thumb_4976748_uploaded_image1_1728036550.jpg"
"1739066992-411","https://sn.coinafrique.com/categorie/autres-animaux?page=1","Boeuf","https://sn.coinafrique.com/annonce/autres-animaux/boeuf-4995019","Boeuf","Prix sur demande","Thies, Sénégal","https://images.coinafrique.com/thumb_4995019_uploaded_image1_1729000242.jpg"
"1739066995-412","https://sn.coinafrique.com/categorie/autres-animaux?page=1","Bœuf","https://sn.coinafrique.com/annonce/autres-animaux/buf-4996496","Bœuf","700 000 CFA","Keur Massar, Sénégal",""
"1739066997-413","https://sn.coinafrique.com/categorie/autres-animaux?page=1","Chat Siamois","https://sn.coinafrique.com/annonce/autres-animaux/chat-siamois-4997392","Chat Siamois","170 000 CFA","Point E, Dakar, Sénégal","https://images.coinafrique.com/thumb_4997392_uploaded_image2_1729102102.jpeg"
"1739067000-414","https://sn.coinafrique.com/categorie/autres-animaux?page=1","Couple dinde","https://sn.coinafrique.com/annonce/autres-animaux/couple-dinde-5001804","Couple dinde","Prix sur demande","Guediawaye, Dakar, Sénégal","https://images.coinafrique.com/thumb_5001804_uploaded_image1_1729346440.jpg"
"1739067002-415","https://sn.coinafrique.com/categorie/autres-animaux?page=1","Caille","https://sn.coinafrique.com/annonce/autres-animaux/caille-5001807","Caille","1 500 CFA","Guediawaye, Dakar, Sénégal","https://images.coinafrique.com/thumb_5001807_uploaded_image1_1729346954.jpg"
"1739067004-416","https://sn.coinafrique.com/categorie/autres-animaux?page=1","Chèvre","https://sn.coinafrique.com/annonce/autres-animaux/chevre-5009683","Chèvre","60 000 CFA","Keur Massar, Sénégal","https://images.coinafrique.com/thumb_5009683_uploaded_image1_1729789010.jpg"
"1739067007-417","https://sn.coinafrique.com/categorie/autres-animaux?page=1","Chaton de 1 mois","https://sn.coinafrique.com/annonce/autres-animaux/chaton-de-1-mois-5017864","Chaton de 1 mois","20 000 CFA","Mariste, Dakar, Sénégal","https://images.coinafrique.com/thumb_5017864_uploaded_image1_1730286261.jpg"
"1739067009-418","https://sn.coinafrique.com/categorie/autres-animaux?page=1","Bœuf","https://sn.coinafrique.com/annonce/autres-animaux/buf-5022926","Bœuf","300 000 CFA","Biscuiterie, Dakar, Sénégal",""
"1739067012-419","https://sn.coinafrique.com/categorie/autres-animaux?page=1","Couples Dindons","https://sn.coinafrique.com/annonce/autres-animaux/couples-dindons-5034401","Couples Dindons","Prix sur demande","Saint Louis, Sénégal","https://images.coinafrique.com/thumb_5034401_uploaded_image2_1731090945.jpeg"
"1739067015-420","https://sn.coinafrique.com/categorie/autres-animaux?page=1","Dindes","https://sn.coinafrique.com/annonce/autres-animaux/dindes-5035473","Dindes","25 000 CFA","Almadies 2, Dakar, Sénégal","https://images.coinafrique.com/thumb_5035473_uploaded_image1_1731162862.jpg"
"1739067017-421","https://sn.coinafrique.com/categorie/autres-animaux?page=1","British et scottish pure race","https://sn.coinafrique.com/annonce/autres-animaux/british-et-scottish-pure-race-5041101","British et scottish pure race","650 000 CFA","Dakar Plateau, Dakar, Sénégal","https://images.coinafrique.com/thumb_5041101_uploaded_image1_1731465886.jpg"
"1739067020-422","https://sn.coinafrique.com/categorie/autres-animaux?page=1","persan pure race","https://sn.coinafrique.com/annonce/autres-animaux/persan-pure-race-5041103","persan pure race","400 000 CFA","Dakar Plateau, Dakar, Sénégal","https://images.coinafrique.com/thumb_5050095_uploaded_image1_1731948012.jpg"
"1739067022-423","https://sn.coinafrique.com/categorie/autres-animaux?page=1","Himalayen","https://sn.coinafrique.com/annonce/autres-animaux/himalayen-5041105","Himalayen","265 000 CFA","Dakar Plateau, Dakar, Sénégal","https://images.coinafrique.com/thumb_5041105_uploaded_image1_1731466674.jpg"
"1739067025-424","https://sn.coinafrique.com/categorie/autres-animaux?page=1","Mondain","https://sn.coinafrique.com/annonce/autres-animaux/mondain-5041931","Mondain","140 000 CFA","Guediawaye, Dakar, Sénégal","https://images.coinafrique.com/thumb_5041931_uploaded_image1_1731508632.jpg"
"1739067027-425","https://sn.coinafrique.com/categorie/autres-animaux?page=1","Bœufs","https://sn.coinafrique.com/annonce/autres-animaux/bufs-5042261","Bœufs","800 000 CFA","Keur Massar, Sénégal",""
"1739067030-426","https://sn.coinafrique.com/categorie/autres-animaux?page=1","Chat Persan","https://sn.coinafrique.com/annonce/autres-animaux/chat-persan-5050095","Chat Persan","400 000 CFA","Dakar Plateau, Dakar, Sénégal","https://images.coinafrique.com/thumb_5050095_uploaded_image1_1731948012.jpg"
"1739067032-427","https://sn.coinafrique.com/categorie/autres-animaux?page=1","Bœuf","https://sn.coinafrique.com/annonce/autres-animaux/buf-5054268","Bœuf","800 000 CFA","Mbao, Dakar, Sénégal",""
"1739067035-428","https://sn.coinafrique.com/categorie/autres-animaux?page=1","Bœuf","https://sn.coinafrique.com/annonce/autres-animaux/buf-5054269","Bœuf","800 000 CFA","Mbao, Dakar, Sénégal",""
"1739067037-429","https://sn.coinafrique.com/categorie/autres-animaux?page=1","Tortues terrestres","https://sn.coinafrique.com/annonce/autres-animaux/tortues-terrestres-5066823","Tortues terrestres","35 000 CFA","Ouest Foire, Dakar, Sénégal","https://images.coinafrique.com/thumb_5066823_uploaded_image1_1732865161.jpg"
"1739067039-430","https://sn.coinafrique.com/categorie/autres-animaux?page=1","Poissons Aquarium","https://sn.coinafrique.com/annonce/autres-animaux/poissons-aquarium-5068623","Poissons Aquarium","8 500 CFA","Dakar, Sénégal","https://images.coinafrique.com/thumb_5068623_uploaded_image1_1732965550.jpg"
"1739067042-431","https://sn.coinafrique.com/categorie/autres-animaux?page=1","Chaton Siamois","https://sn.coinafrique.com/annonce/autres-animaux/chaton-siamois-5092278","Chaton Siamois","235 000 CFA","Dakar Plateau, Dakar, Sénégal","https://images.coinafrique.com/thumb_5096028_uploaded_image2_1734447537.jpeg"
"1739067044-432","https://sn.coinafrique.com/categorie/autres-animaux?page=1","Chaton","https://sn.coinafrique.com/annonce/autres-animaux/chaton-5096028","Chaton","Prix sur demande","Dakar Plateau, Dakar, Sénégal","https://images.coinafrique.com/thumb_5096028_uploaded_image2_1734447537.jpeg"
"1739067048-433","https://sn.coinafrique.com/categorie/autres-animaux?page=1","Perruches ondulées","https://sn.coinafrique.com/annonce/autres-animaux/perruches-ondulees-5103176","Perruches ondulées","20 000 CFA","Point E, Dakar, Sénégal","https://images.coinafrique.com/thumb_5138284_uploaded_image1_1737038687.jpg"
"1739067050-434","https://sn.coinafrique.com/categorie/autres-animaux?page=1","Chat Siamois","https://sn.coinafrique.com/annonce/autres-animaux/chat-siamois-5103325","Chat Siamois","200 000 CFA","Almadies, Dakar, Sénégal","https://images.coinafrique.com/thumb_5103325_uploaded_image1_1734893890.jpg"
"1739067053-435","https://sn.coinafrique.com/categorie/autres-animaux?page=1","Perroquets","https://sn.coinafrique.com/annonce/autres-animaux/perroquets-5125396","Perroquets","15 000 CFA","Thies, Sénégal","https://images.coinafrique.com/thumb_5125396_uploaded_image1_1736351628.jpg"
"1739067060-436","https://sn.coinafrique.com/categorie/autres-animaux?page=1","Perroquet perruches ondulées","https://sn.coinafrique.com/annonce/autres-animaux/perroquet-perruches-ondulees-5138284","Perroquet perruches ondulées","20 000 CFA","Point E, Dakar, Sénégal","https://images.coinafrique.com/thumb_5138284_uploaded_image1_1737038687.jpg"
