web-scraper-order,web-scraper-start-url,data001,data001-href,Nom,Prix,Adresse,Image-src
"1739055636-1","https://sn.coinafrique.com/categorie/chiens?page=10","Pitt Bull red nose femelle","https://sn.coinafrique.com/annonce/chiens/pitt-bull-red-nose-femelle-742530","Pitt Bull red nose femelle","Prix sur demande","Dakar, Sénégal","https://images.coinafrique.com/thumb_742530_uploaded_image1_1563025513.69.png"
"1739055639-2","https://sn.coinafrique.com/categorie/chiens?page=10","Chiots Pitbull","https://sn.coinafrique.com/annonce/chiens/chiots-pitbull-742716","Chiots Pitbull","250 000 CFA","Grand Yoff, Dakar, Sénégal","https://images.coinafrique.com/thumb_742716_uploaded_image2_1563030467.78.png"
"1739055641-3","https://sn.coinafrique.com/categorie/chiens?page=10","Caniche bichon","https://sn.coinafrique.com/annonce/chiens/caniche-bichon-751558","Caniche bichon","200 000 CFA","Mermoz-Sacré Coeur, Dakar, Sénégal","https://images.coinafrique.com/thumb_788455_uploaded_image1_1564267086.61.png"
"1739055643-4","https://sn.coinafrique.com/categorie/chiens?page=10","Chiot Boerboel","https://sn.coinafrique.com/annonce/chiens/chiot-boerboel-751964","Chiot Boerboel","450 000 CFA","Mermoz-Sacré Coeur, Dakar, Sénégal","https://images.coinafrique.com/thumb_3057395_uploaded_image1_1618335212.jpg"
"1739055646-5","https://sn.coinafrique.com/categorie/chiens?page=10","Pitbull Red Nose","https://sn.coinafrique.com/annonce/chiens/pitbull-red-nose-778978","Pitbull Red Nose","220 000 CFA","Mermoz-Sacré Coeur, Dakar, Sénégal","https://images.coinafrique.com/thumb_778978_uploaded_image1_1564025139.31.png"
"1739055648-6","https://sn.coinafrique.com/categorie/chiens?page=10","Caniche bichons maltais","https://sn.coinafrique.com/annonce/chiens/caniche-bichons-maltais-788455","Caniche bichons maltais","190 000 CFA","Mermoz-Sacré Coeur, Dakar, Sénégal","https://images.coinafrique.com/thumb_788455_uploaded_image1_1564267086.61.png"
"1739055651-7","https://sn.coinafrique.com/categorie/chiens?page=10","Chien berger allemand à poil long","https://sn.coinafrique.com/annonce/chiens/chien-berger-allemand-a-poil-long-848994","Chien berger allemand à poil long","200 000 CFA","Hann Bel-Air, Dakar, Sénégal","https://images.coinafrique.com/thumb_4176841_uploaded_image1_1681482623.jpg"
"1739055654-8","https://sn.coinafrique.com/categorie/chiens?page=10","Chiots Cane Corso","https://sn.coinafrique.com/annonce/chiens/chiots-cane-corso-891450","Chiots Cane Corso","Prix sur demande","Dakar, Sénégal","https://images.coinafrique.com/thumb_2996177_uploaded_image1_1615461551.jpg"
"1739055656-9","https://sn.coinafrique.com/categorie/chiens?page=10","Pitbull black nose","https://sn.coinafrique.com/annonce/chiens/pitbull-black-nose-900600","Pitbull black nose","250 000 CFA","Mermoz-Sacré Coeur, Dakar, Sénégal","https://images.coinafrique.com/thumb_900600_uploaded_image1_1567424429.78.png"
"1739055659-10","https://sn.coinafrique.com/categorie/chiens?page=10","Chiot Cane Corso","https://sn.coinafrique.com/annonce/chiens/chiot-cane-corso-956906","Chiot Cane Corso","800 000 CFA","Fann, Dakar, Sénégal","https://images.coinafrique.com/thumb_956906_uploaded_image1_1568758075.68.png"
"1739055663-11","https://sn.coinafrique.com/categorie/chiens?page=10","Boerboel femelle","https://sn.coinafrique.com/annonce/chiens/boerboel-femelle-989796","Boerboel femelle","400 000 CFA","Mermoz-Sacré Coeur, Dakar, Sénégal","https://images.coinafrique.com/thumb_989796_uploaded_image1_1569465977.94.png"
"1739055665-12","https://sn.coinafrique.com/categorie/chiens?page=10","Chiots","https://sn.coinafrique.com/annonce/chiens/chiots-1000525","Chiots","350 000 CFA","Les Parcelles Assainies, Dakar, Sénégal","https://images.coinafrique.com/thumb_1000525_uploaded_image1_1569688531.08.png"
"1739055667-13","https://sn.coinafrique.com/categorie/chiens?page=10","Chiot akita américain","https://sn.coinafrique.com/annonce/chiens/chiot-akita-americain-1106542","Chiot akita américain","Prix sur demande","Fann, Dakar, Sénégal","https://images.coinafrique.com/thumb_1536386_uploaded_image1_1580821754.85.png"
"1739055670-14","https://sn.coinafrique.com/categorie/chiens?page=10","Chiot berger allemand","https://sn.coinafrique.com/annonce/chiens/chiot-berger-allemand-1115802","Chiot berger allemand","200 000 CFA","Patte d'oie, Dakar, Sénégal","https://images.coinafrique.com/thumb_1115802_uploaded_image1_1572126146.27.png"
"1739055673-15","https://sn.coinafrique.com/categorie/chiens?page=10","Chien Rottweiler","https://sn.coinafrique.com/annonce/chiens/chien-rottweiler-1122493","Chien Rottweiler","375 000 CFA","Dieuppeul-Derklé, Dakar, Sénégal","https://images.coinafrique.com/thumb_1122493_uploaded_image1_1572275963.13.png"
"1739055676-16","https://sn.coinafrique.com/categorie/chiens?page=10","Chiots Berger Allemand","https://sn.coinafrique.com/annonce/chiens/chiots-berger-allemand-1123229","Chiots Berger Allemand","350 000 CFA","Parcelle Assainies, Dakar, Sénégal","https://images.coinafrique.com/thumb_4837526_uploaded_image1_1720683729.jpg"
"1739055680-17","https://sn.coinafrique.com/categorie/chiens?page=10","Pitbull","https://sn.coinafrique.com/annonce/chiens/pitbull-1139092","Pitbull","90 000 CFA","Dakar Plateau, Dakar, Sénégal","https://images.coinafrique.com/thumb_3474335_uploaded_image1_1638955282.jpg"
"1739055683-18","https://sn.coinafrique.com/categorie/chiens?page=10","Chiots Berger Allemand de race pure","https://sn.coinafrique.com/annonce/chiens/chiots-berger-allemand-de-race-pure-1148739","Chiots Berger Allemand de race pure","125 000 CFA","Grand Yoff, Dakar, Sénégal","https://images.coinafrique.com/thumb_1148739_uploaded_image1_1572796180.58.png"
"1739055688-19","https://sn.coinafrique.com/categorie/chiens?page=10","Berger blanc","https://sn.coinafrique.com/annonce/chiens/berger-blanc-1163882","Berger blanc","200 000 CFA","Thies, Sénégal","https://images.coinafrique.com/thumb_4396584_uploaded_image1_1696077607.jpg"
"1739055692-20","https://sn.coinafrique.com/categorie/chiens?page=10","Bichons malté","https://sn.coinafrique.com/annonce/chiens/bichons-malte-1176190","Bichons malté","180 000 CFA","Cambérène, Dakar, Sénégal","https://images.coinafrique.com/thumb_1176190_uploaded_image1_1573296965.03.png"
"1739055696-21","https://sn.coinafrique.com/categorie/chiens?page=10","Bergers - labrador - pitbull - rottweiler","https://sn.coinafrique.com/annonce/chiens/bergers-labrador-pitbull-rottweiler-1184876","Bergers - labrador - pitbull - rottweiler","Prix sur demande","Sicap Liberté, Dakar, Sénégal","https://images.coinafrique.com/thumb_1184876_uploaded_image1_1573492032.86.png"
"1739055698-22","https://sn.coinafrique.com/categorie/chiens?page=10","Bichon maltais","https://sn.coinafrique.com/annonce/chiens/bichon-maltais-1208713","Bichon maltais","170 000 CFA","Dakar, Sénégal","https://images.coinafrique.com/thumb_5002622_uploaded_image1_1729418106.jpg"
"1739055702-23","https://sn.coinafrique.com/categorie/chiens?page=10","Chiots Cane Corso","https://sn.coinafrique.com/annonce/chiens/chiots-cane-corso-1279844","Chiots Cane Corso","500 000 CFA","Dakar, Sénégal","https://images.coinafrique.com/thumb_2996177_uploaded_image1_1615461551.jpg"
"1739055704-24","https://sn.coinafrique.com/categorie/chiens?page=10","Chien Pitbull","https://sn.coinafrique.com/annonce/chiens/chien-pitbull-1339794","Chien Pitbull","150 000 CFA","Dieuppeul-Derklé, Dakar, Sénégal","https://images.coinafrique.com/thumb_1339794_uploaded_image1_1576322961.44.png"
"1739055707-25","https://sn.coinafrique.com/categorie/chiens?page=10","Chiots Shih-Tzu","https://sn.coinafrique.com/annonce/chiens/chiots-shih-tzu-1381280","Chiots Shih-Tzu","250 000 CFA","Point E, Dakar, Sénégal","https://images.coinafrique.com/thumb_2536904_uploaded_image1_1597236557.jpg"
"1739055709-26","https://sn.coinafrique.com/categorie/chiens?page=10","Chiot Berger Allemand","https://sn.coinafrique.com/annonce/chiens/chiot-berger-allemand-1387279","Chiot Berger Allemand","350 000 CFA","Parcelle Assainies, Dakar, Sénégal","https://images.coinafrique.com/thumb_4837526_uploaded_image1_1720683729.jpg"
"1739055713-27","https://sn.coinafrique.com/categorie/chiens?page=10","Chiots Dalmatiens","https://sn.coinafrique.com/annonce/chiens/chiots-dalmatiens-1396092","Chiots Dalmatiens","450 000 CFA","Fann, Dakar, Sénégal","https://images.coinafrique.com/thumb_1396092_uploaded_image1_1577444313.67.png"
"1739055716-28","https://sn.coinafrique.com/categorie/chiens?page=10","Bebé Lhasa Apso","https://sn.coinafrique.com/annonce/chiens/bebe-lhasa-apso-1426072","Bebé Lhasa Apso","Prix sur demande","Mbour, Sénégal",""
"1739055719-29","https://sn.coinafrique.com/categorie/chiens?page=10","Chiots Chowchow","https://sn.coinafrique.com/annonce/chiens/chiots-chowchow-1444195","Chiots Chowchow","990 000 CFA","Fann, Dakar, Sénégal","https://images.coinafrique.com/thumb_2636642_uploaded_image1_1600483273.jpg"
"1739055721-30","https://sn.coinafrique.com/categorie/chiens?page=10","Spitz nain","https://sn.coinafrique.com/annonce/chiens/spitz-nain-1455313","Spitz nain","Prix sur demande","Dakar, Sénégal","https://images.coinafrique.com/thumb_1455313_uploaded_image1_1578601460.81.png"
"1739055724-31","https://sn.coinafrique.com/categorie/chiens?page=10","Chiots husky sibérien - dog argentin - cane corso","https://sn.coinafrique.com/annonce/chiens/chiots-husky-siberien-dog-argentin-cane-corso-1477206","Chiots husky sibérien - dog argentin - cane corso","350 000 CFA","Keur Massar, Sénégal","https://images.coinafrique.com/thumb_1477206_uploaded_image1_1578994405.03.png"
"1739055726-32","https://sn.coinafrique.com/categorie/chiens?page=10","Caniche","https://sn.coinafrique.com/annonce/chiens/caniche-1502314","Caniche","100 000 CFA","Dakar, Sénégal","https://images.coinafrique.com/thumb_4634226_uploaded_image1_1710001956.jpg"
"1739055728-33","https://sn.coinafrique.com/categorie/chiens?page=10","Caniches","https://sn.coinafrique.com/annonce/chiens/caniches-1502318","Caniches","100 000 CFA","Mermoz-Sacré Coeur, Dakar, Sénégal","https://images.coinafrique.com/thumb_4330813_uploaded_image1_1691723836.jpg"
"1739055731-34","https://sn.coinafrique.com/categorie/chiens?page=10","Caniche","https://sn.coinafrique.com/annonce/chiens/caniche-1502366","Caniche","100 000 CFA","Dakar, Sénégal","https://images.coinafrique.com/thumb_4634226_uploaded_image1_1710001956.jpg"
"1739055733-35","https://sn.coinafrique.com/categorie/chiens?page=10","Chiots akita américain","https://sn.coinafrique.com/annonce/chiens/chiots-akita-americain-1536386","Chiots akita américain","990 000 CFA","Fann, Dakar, Sénégal","https://images.coinafrique.com/thumb_1536386_uploaded_image1_1580821754.85.png"
"1739055736-36","https://sn.coinafrique.com/categorie/chiens?page=10","Chiots Hight quality husky Sibérien","https://sn.coinafrique.com/annonce/chiens/chiots-hight-quality-husky-siberien-1568103","Chiots Hight quality husky Sibérien","Prix sur demande","Fann, Dakar, Sénégal","https://images.coinafrique.com/thumb_1568103_uploaded_image1_1580413061.76.png"
"1739055738-37","https://sn.coinafrique.com/categorie/chiens?page=10","Chiot Spitz nain","https://sn.coinafrique.com/annonce/chiens/chiot-spitz-nain-1571895","Chiot Spitz nain","Prix sur demande","Fann, Dakar, Sénégal","https://images.coinafrique.com/thumb_4105901_uploaded_image1_1677094228.jpg"
"1739055741-38","https://sn.coinafrique.com/categorie/chiens?page=10","Spitz pomperanian nain","https://sn.coinafrique.com/annonce/chiens/spitz-pomperanian-nain-1592536","Spitz pomperanian nain","Prix sur demande","Fann, Dakar, Sénégal","https://images.coinafrique.com/thumb_2578678_uploaded_image1_1598473259.jpg"
"1739055743-39","https://sn.coinafrique.com/categorie/chiens?page=10","Doberman lignée européenne","https://sn.coinafrique.com/annonce/chiens/doberman-lignee-europeenne-1592645","Doberman lignée européenne","Prix sur demande","Fann, Dakar, Sénégal","https://images.coinafrique.com/thumb_3495193_uploaded_image1_1640255635.jpg"
"1739055746-40","https://sn.coinafrique.com/categorie/chiens?page=10","Pékinois","https://sn.coinafrique.com/annonce/chiens/pekinois-1592664","Pékinois","Prix sur demande","Fann, Dakar, Sénégal","https://images.coinafrique.com/thumb_3498824_uploaded_image1_1640602505.jpg"
"1739055748-41","https://sn.coinafrique.com/categorie/chiens?page=10","Doberman","https://sn.coinafrique.com/annonce/chiens/doberman-1621541","Doberman","400 000 CFA","Dakar, Sénégal","https://images.coinafrique.com/thumb_1621541_uploaded_image1_1581266142.61.png"
"1739055751-42","https://sn.coinafrique.com/categorie/chiens?page=10","Chiot berger belge malinois","https://sn.coinafrique.com/annonce/chiens/chiot-berger-belge-malinois-1628361","Chiot berger belge malinois","175 000 CFA","Pikine, Sénégal","https://images.coinafrique.com/thumb_1628361_uploaded_image1_1581360490.25.png"
"1739055753-43","https://sn.coinafrique.com/categorie/chiens?page=10","Cani corso","https://sn.coinafrique.com/annonce/chiens/cani-corso-1716117","Cani corso","600 000 CFA","Dakar, Sénégal","https://images.coinafrique.com/thumb_1716117_uploaded_image1_1582837304.5.png"
"1739055756-44","https://sn.coinafrique.com/categorie/chiens?page=10","Chien Bichon","https://sn.coinafrique.com/annonce/chiens/chien-bichon-1733519","Chien Bichon","Prix sur demande","Ouakam, Dakar, Sénégal","https://images.coinafrique.com/thumb_4124637_uploaded_image1_1678229133.jpg"
"1739055758-45","https://sn.coinafrique.com/categorie/chiens?page=10","Doberman pure souche","https://sn.coinafrique.com/annonce/chiens/doberman-pure-souche-1803179","Doberman pure souche","350 000 CFA","Yoff, Dakar, Sénégal","https://images.coinafrique.com/thumb_1803179_uploaded_image1_1584379219.84.png"
"1739055767-46","https://sn.coinafrique.com/categorie/chiens?page=9","Chien Dogue Allemand","https://sn.coinafrique.com/annonce/chiens/chien-dogue-allemand-1840570","Chien Dogue Allemand","Prix sur demande","Yoff, Dakar, Sénégal","https://images.coinafrique.com/thumb_1840570_uploaded_image2_1585048708.25.png"
"1739055769-47","https://sn.coinafrique.com/categorie/chiens?page=9","Caniches","https://sn.coinafrique.com/annonce/chiens/caniches-1840583","Caniches","Prix sur demande","Dakar, Sénégal","https://images.coinafrique.com/thumb_4634226_uploaded_image1_1710001956.jpg"
"1739055772-48","https://sn.coinafrique.com/categorie/chiens?page=9","Chiots Spitz nain pomeranian","https://sn.coinafrique.com/annonce/chiens/chiots-spitz-nain-pomeranian-1862107","Chiots Spitz nain pomeranian","Prix sur demande","Fann, Dakar, Sénégal","https://images.coinafrique.com/thumb_4105901_uploaded_image1_1677094228.jpg"
"1739055774-49","https://sn.coinafrique.com/categorie/chiens?page=9","Chiots Shiba inu","https://sn.coinafrique.com/annonce/chiens/chiots-shiba-inu-1862112","Chiots Shiba inu","Prix sur demande","Fann, Dakar, Sénégal","https://images.coinafrique.com/thumb_1862112_uploaded_image1_1585456241.69.png"
"1739055777-50","https://sn.coinafrique.com/categorie/chiens?page=9","Chiots pékinois pure race","https://sn.coinafrique.com/annonce/chiens/chiots-pekinois-pure-race-1862142","Chiots pékinois pure race","Prix sur demande","Fann, Dakar, Sénégal","https://images.coinafrique.com/thumb_1862142_uploaded_image1_1585459853.32.png"
"1739055780-51","https://sn.coinafrique.com/categorie/chiens?page=9","Chiots Dogue allemand","https://sn.coinafrique.com/annonce/chiens/chiots-dogue-allemand-1862148","Chiots Dogue allemand","Prix sur demande","Fann, Dakar, Sénégal","https://images.coinafrique.com/thumb_1862148_uploaded_image1_1585459981.26.png"
"1739055783-52","https://sn.coinafrique.com/categorie/chiens?page=9","Femelle dogue de Bordeaux","https://sn.coinafrique.com/annonce/chiens/femelle-dogue-de-bordeaux-1862155","Femelle dogue de Bordeaux","Prix sur demande","Fann, Dakar, Sénégal","https://images.coinafrique.com/thumb_1862155_uploaded_image1_1585460203.94.png"
"1739055786-53","https://sn.coinafrique.com/categorie/chiens?page=9","Bulldog anglais","https://sn.coinafrique.com/annonce/chiens/bulldog-anglais-1862159","Bulldog anglais","Prix sur demande","Fann, Dakar, Sénégal","https://images.coinafrique.com/thumb_2593026_uploaded_image1_1599001771.jpg"
"1739055789-54","https://sn.coinafrique.com/categorie/chiens?page=9","Labrador","https://sn.coinafrique.com/annonce/chiens/labrador-1869479","Labrador","200 000 CFA","Yoff, Dakar, Sénégal","https://images.coinafrique.com/thumb_3424026_uploaded_image3_1636184109.jpeg"
"1739055791-55","https://sn.coinafrique.com/categorie/chiens?page=9","Métisse chiots rottweiler","https://sn.coinafrique.com/annonce/chiens/metisse-chiots-rottweiler-1890049","Métisse chiots rottweiler","50 000 CFA","Mermoz-Sacré-Cœur, Dakar, Sénégal","https://images.coinafrique.com/thumb_1890049_uploaded_image1_1585932795.82.png"
"1739055794-56","https://sn.coinafrique.com/categorie/chiens?page=9","Chiens Malinois","https://sn.coinafrique.com/annonce/chiens/chiens-malinois-1904735","Chiens Malinois","300 000 CFA","Dakar Plateau, Dakar, Sénégal","https://images.coinafrique.com/thumb_1904735_uploaded_image1_1586214527.85.png"
"1739055796-57","https://sn.coinafrique.com/categorie/chiens?page=9","Chiot boxer","https://sn.coinafrique.com/annonce/chiens/chiot-boxer-1935386","Chiot boxer","Prix sur demande","Fann, Dakar, Sénégal","https://images.coinafrique.com/thumb_1935386_uploaded_image1_1586726128.5.png"
"1739055799-58","https://sn.coinafrique.com/categorie/chiens?page=9","Chiots Labrador","https://sn.coinafrique.com/annonce/chiens/chiots-labrador-1935397","Chiots Labrador","Prix sur demande","Fann, Dakar, Sénégal","https://images.coinafrique.com/thumb_1935397_uploaded_image1_1586726397.65.png"
"1739055801-59","https://sn.coinafrique.com/categorie/chiens?page=9","Chien","https://sn.coinafrique.com/annonce/chiens/chien-1940062","Chien","400 000 CFA","Dakar, Sénégal","https://images.coinafrique.com/thumb_5124976_uploaded_image1_1736338081.jpg"
"1739055804-60","https://sn.coinafrique.com/categorie/chiens?page=9","Chien","https://sn.coinafrique.com/annonce/chiens/chien-1940073","Chien","400 000 CFA","Dakar, Sénégal","https://images.coinafrique.com/thumb_5124976_uploaded_image1_1736338081.jpg"
"1739055806-61","https://sn.coinafrique.com/categorie/chiens?page=9","CHiots Pitbull","https://sn.coinafrique.com/annonce/chiens/chiots-pitbull-1959031","CHiots Pitbull","90 000 CFA","Mermoz-Sacré-Cœur, Dakar, Sénégal","https://images.coinafrique.com/thumb_4951773_uploaded_image1_1726751081.jpg"
"1739055809-62","https://sn.coinafrique.com/categorie/chiens?page=9","Femelles  métisse rock / 4 chiennes","https://sn.coinafrique.com/annonce/chiens/femelles-metisse-rock-4-chiennes-1984265","Femelles  métisse rock / 4 chiennes","50 000 CFA","Mermoz-Sacré-Cœur, Dakar, Sénégal","https://images.coinafrique.com/thumb_1984265_uploaded_image1_1587479748.47.jpeg"
"1739055811-63","https://sn.coinafrique.com/categorie/chiens?page=9","Chiot Chowchow","https://sn.coinafrique.com/annonce/chiens/chiot-chowchow-2047517","Chiot Chowchow","Prix sur demande","Fann, Dakar, Sénégal","https://images.coinafrique.com/thumb_2636642_uploaded_image1_1600483273.jpg"
"1739055814-64","https://sn.coinafrique.com/categorie/chiens?page=9","Chiot Berger Allemand","https://sn.coinafrique.com/annonce/chiens/chiot-berger-allemand-2062558","Chiot Berger Allemand","250 000 CFA","Mermoz-Sacré Coeur, Dakar, Sénégal","https://images.coinafrique.com/thumb_2062558_uploaded_image1_1588702072.jpg"
"1739055816-65","https://sn.coinafrique.com/categorie/chiens?page=9","Chiot Can Corso","https://sn.coinafrique.com/annonce/chiens/chiot-can-corso-2062566","Chiot Can Corso","300 000 CFA","Mermoz-Sacré Coeur, Dakar, Sénégal","https://images.coinafrique.com/thumb_2062566_uploaded_image1_1588702172.jpg"
"1739055819-66","https://sn.coinafrique.com/categorie/chiens?page=9","Berger malinois charboné","https://sn.coinafrique.com/annonce/chiens/berger-malinois-charbone-2063869","Berger malinois charboné","300 000 CFA","Mermoz-Sacré Coeur, Dakar, Sénégal","https://images.coinafrique.com/thumb_2063869_uploaded_image1_1588722042.jpg"
"1739055821-67","https://sn.coinafrique.com/categorie/chiens?page=9","Chiots Berger Amstaff","https://sn.coinafrique.com/annonce/chiens/chiots-berger-amstaff-2082208","Chiots Berger Amstaff","130 000 CFA","Dakar, Sénégal","https://images.coinafrique.com/thumb_2082208_uploaded_image1_1588983812.jpg"
"1739055824-68","https://sn.coinafrique.com/categorie/chiens?page=9","Chiots Yorkshire/caniche","https://sn.coinafrique.com/annonce/chiens/chiots-yorkshire-caniche-2107633","Chiots Yorkshire/caniche","200 000 CFA","Dakar, Sénégal","https://images.coinafrique.com/thumb_2107633_uploaded_image1_1589392557.jpg"
"1739055826-69","https://sn.coinafrique.com/categorie/chiens?page=9","Chiots rockweile","https://sn.coinafrique.com/annonce/chiens/chiots-rockweile-2119461","Chiots rockweile","290 000 CFA","Mermoz-Sacré-Cœur, Dakar, Sénégal","https://images.coinafrique.com/thumb_2119461_uploaded_image1_1589565559.jpg"
"1739055829-70","https://sn.coinafrique.com/categorie/chiens?page=9","Chiots Rottweiler","https://sn.coinafrique.com/annonce/chiens/chiots-rottweiler-2151223","Chiots Rottweiler","300 000 CFA","Dakar, Sénégal","https://images.coinafrique.com/thumb_5004868_uploaded_image1_1729539442.jpg"
"1739055831-71","https://sn.coinafrique.com/categorie/chiens?page=9","Chiot Yorkie_Chon","https://sn.coinafrique.com/annonce/chiens/chiot-yorkie-chon-2151616","Chiot Yorkie_Chon","300 000 CFA","Yoff, Dakar, Sénégal",""
"1739055833-72","https://sn.coinafrique.com/categorie/chiens?page=9","Chiot chowchow","https://sn.coinafrique.com/annonce/chiens/chiot-chowchow-2155097","Chiot chowchow","Prix sur demande","Fann, Dakar, Sénégal","https://images.coinafrique.com/thumb_2636642_uploaded_image1_1600483273.jpg"
"1739055836-73","https://sn.coinafrique.com/categorie/chiens?page=9","Bichons","https://sn.coinafrique.com/annonce/chiens/bichons-2181152","Bichons","350 000 CFA","Ngor, Dakar, Sénégal","https://images.coinafrique.com/thumb_2181152_uploaded_image1_1590585289.jpg"
"1739055838-74","https://sn.coinafrique.com/categorie/chiens?page=9","Chien","https://sn.coinafrique.com/annonce/chiens/chien-2209275","Chien","65 000 CFA","Gibraltar, Dakar, Sénégal","https://images.coinafrique.com/thumb_2209275_uploaded_image1_1591023390.jpg"
"1739055841-75","https://sn.coinafrique.com/categorie/chiens?page=9","Berger blanc suisse","https://sn.coinafrique.com/annonce/chiens/berger-blanc-suisse-2211811","Berger blanc suisse","150 000 CFA","Saint Louis, Sénégal","https://images.coinafrique.com/thumb_4296542_uploaded_image1_1689515237.jpg"
"1739055844-76","https://sn.coinafrique.com/categorie/chiens?page=9","Berger allemand pure sang","https://sn.coinafrique.com/annonce/chiens/berger-allemand-pure-sang-2217466","Berger allemand pure sang","150 000 CFA","Point E, Dakar, Sénégal","https://images.coinafrique.com/thumb_2217470_uploaded_image1_1591135735.jpg"
"1739055846-77","https://sn.coinafrique.com/categorie/chiens?page=9","Berger allemand pur sang","https://sn.coinafrique.com/annonce/chiens/berger-allemand-pur-sang-2217470","Berger allemand pur sang","150 000 CFA","Point E, Dakar, Sénégal","https://images.coinafrique.com/thumb_2217470_uploaded_image1_1591135735.jpg"
"1739055848-78","https://sn.coinafrique.com/categorie/chiens?page=9","Chiots berger allemand","https://sn.coinafrique.com/annonce/chiens/chiots-berger-allemand-2230488","Chiots berger allemand","175 000 CFA","Guediawaye, Dakar, Sénégal","https://images.coinafrique.com/thumb_5016564_uploaded_image1_1730217865.jpg"
"1739055851-79","https://sn.coinafrique.com/categorie/chiens?page=9","Chiots berger belge malinois","https://sn.coinafrique.com/annonce/chiens/chiots-berger-belge-malinois-2244294","Chiots berger belge malinois","150 000 CFA","Dakar, Sénégal","https://images.coinafrique.com/thumb_4318517_uploaded_image1_1690980921.jpg"
"1739055854-80","https://sn.coinafrique.com/categorie/chiens?page=9","Chiot Berger blanc","https://sn.coinafrique.com/annonce/chiens/chiot-berger-blanc-2250259","Chiot Berger blanc","170 000 CFA","Saint Louis, Sénégal","https://images.coinafrique.com/thumb_4296542_uploaded_image1_1689515237.jpg"
"1739055857-81","https://sn.coinafrique.com/categorie/chiens?page=9","Chiots Berger","https://sn.coinafrique.com/annonce/chiens/chiots-berger-2277897","Chiots Berger","160 000 CFA","Saint Louis, Sénégal","https://images.coinafrique.com/thumb_5013765_uploaded_image1_1730056659.jpg"
"1739055859-82","https://sn.coinafrique.com/categorie/chiens?page=9","Chiots Rottweiler","https://sn.coinafrique.com/annonce/chiens/chiots-rottweiler-2299686","Chiots Rottweiler","400 000 CFA","Dakar, Sénégal","https://images.coinafrique.com/thumb_5004868_uploaded_image1_1729539442.jpg"
"1739055862-83","https://sn.coinafrique.com/categorie/chiens?page=9","Berger Allemand femelle","https://sn.coinafrique.com/annonce/chiens/berger-allemand-femelle-2300480","Berger Allemand femelle","250 000 CFA","Fass, Dakar, Sénégal","https://images.coinafrique.com/thumb_2300480_uploaded_image1_1592400668.jpg"
"1739055864-84","https://sn.coinafrique.com/categorie/chiens?page=9","Caniche","https://sn.coinafrique.com/annonce/chiens/caniche-2308946","Caniche","240 000 CFA","Mermoz-Sacré Coeur, Dakar, Sénégal","https://images.coinafrique.com/thumb_4330813_uploaded_image1_1691723836.jpg"
"1739055868-85","https://sn.coinafrique.com/categorie/chiens?page=9","Chiots Bichons","https://sn.coinafrique.com/annonce/chiens/chiots-bichons-2324363","Chiots Bichons","350 000 CFA","Dakar, Sénégal","https://images.coinafrique.com/thumb_5002622_uploaded_image1_1729418106.jpg"
"1739055871-86","https://sn.coinafrique.com/categorie/chiens?page=9","Chien berger malinois","https://sn.coinafrique.com/annonce/chiens/chien-berger-malinois-2331869","Chien berger malinois","150 000 CFA","Yoff, Dakar, Sénégal","https://images.coinafrique.com/thumb_3424026_uploaded_image3_1636184109.jpeg"
"1739055874-87","https://sn.coinafrique.com/categorie/chiens?page=9","Berger allemand","https://sn.coinafrique.com/annonce/chiens/berger-allemand-2354463","Berger allemand","350 000 CFA","Dakar, Sénégal","https://images.coinafrique.com/thumb_5131922_uploaded_image1_1736729395.jpg"
"1739055878-88","https://sn.coinafrique.com/categorie/chiens?page=9","Chiot yorkie","https://sn.coinafrique.com/annonce/chiens/chiot-yorkie-2373725","Chiot yorkie","300 000 CFA","Yoff, Dakar, Sénégal","https://images.coinafrique.com/thumb_2373725_uploaded_image1_1593562231.jpg"
"1739055880-89","https://sn.coinafrique.com/categorie/chiens?page=9","Berger allemand","https://sn.coinafrique.com/annonce/chiens/berger-allemand-2374457","Berger allemand","350 000 CFA","Dakar, Sénégal","https://images.coinafrique.com/thumb_5131922_uploaded_image1_1736729395.jpg"
"1739055883-90","https://sn.coinafrique.com/categorie/chiens?page=9","Chiot Caniche","https://sn.coinafrique.com/annonce/chiens/chiot-caniche-2417666","Chiot Caniche","300 000 CFA","Dakar, Sénégal","https://images.coinafrique.com/thumb_4117078_uploaded_image1_1677779647.jpg"
"1739055885-91","https://sn.coinafrique.com/categorie/chiens?page=9","Malinois pur sang","https://sn.coinafrique.com/annonce/chiens/malinois-pur-sang-2425090","Malinois pur sang","250 000 CFA","Dakar, Sénégal","https://images.coinafrique.com/thumb_4312162_uploaded_image1_1690550986.jpg"
"1739055888-92","https://sn.coinafrique.com/categorie/chiens?page=9","Chiots malinois","https://sn.coinafrique.com/annonce/chiens/chiots-malinois-2441977","Chiots malinois","250 000 CFA","Mermoz-Sacré Coeur, Dakar, Sénégal","https://images.coinafrique.com/thumb_4118286_uploaded_image1_1677846223.jpg"
"1739055890-93","https://sn.coinafrique.com/categorie/chiens?page=9","Chiots bichons","https://sn.coinafrique.com/annonce/chiens/chiots-bichons-2443734","Chiots bichons","200 000 CFA","HLM, Dakar, Sénégal","https://images.coinafrique.com/thumb_2443734_uploaded_image1_1594839124.jpg"
"1739055893-94","https://sn.coinafrique.com/categorie/chiens?page=9","Chiots","https://sn.coinafrique.com/annonce/chiens/chiots-2452744","Chiots","300 000 CFA","Yoff, Dakar, Sénégal","https://images.coinafrique.com/thumb_5159624_uploaded_image1_1738174976.jpg"
"1739055896-95","https://sn.coinafrique.com/categorie/chiens?page=9","Chiots Malinois","https://sn.coinafrique.com/annonce/chiens/chiots-malinois-2457699","Chiots Malinois","200 000 CFA","Dakar, Sénégal","https://images.coinafrique.com/thumb_4807147_uploaded_image2_1719173692.jpeg"
"1739055898-96","https://sn.coinafrique.com/categorie/chiens?page=9","Chiots Bichons Maltais","https://sn.coinafrique.com/annonce/chiens/chiots-bichons-maltais-2460286","Chiots Bichons Maltais","195 000 CFA","Dakar, Sénégal","https://images.coinafrique.com/thumb_5002622_uploaded_image1_1729418106.jpg"
"1739055901-97","https://sn.coinafrique.com/categorie/chiens?page=9","Yorkshire toy femelle","https://sn.coinafrique.com/annonce/chiens/yorkshire-toy-femelle-2466136","Yorkshire toy femelle","750 000 CFA","Fann, Dakar, Sénégal","https://images.coinafrique.com/thumb_2466136_uploaded_image1_1595344530.jpg"
"1739055904-98","https://sn.coinafrique.com/categorie/chiens?page=9","Chiens  Berger allemand","https://sn.coinafrique.com/annonce/chiens/chiens-berger-allemand-2482151","Chiens  Berger allemand","200 000 CFA","Yoff, Dakar, Sénégal","https://images.coinafrique.com/thumb_3424026_uploaded_image3_1636184109.jpeg"
"1739055906-99","https://sn.coinafrique.com/categorie/chiens?page=9","Berger allemand","https://sn.coinafrique.com/annonce/chiens/berger-allemand-2508974","Berger allemand","175 000 CFA","Sicap Liberté, Dakar, Sénégal","https://images.coinafrique.com/thumb_3742224_uploaded_image1_1655226051.jpg"
"1739055909-100","https://sn.coinafrique.com/categorie/chiens?page=9","Chiots Rottweiler","https://sn.coinafrique.com/annonce/chiens/chiots-rottweiler-2528100","Chiots Rottweiler","300 000 CFA","Dakar Plateau, Dakar, Sénégal","https://images.coinafrique.com/thumb_2625896_uploaded_image1_1600107671.jpg"
"1739055912-101","https://sn.coinafrique.com/categorie/chiens?page=9","Chien chiwawa","https://sn.coinafrique.com/annonce/chiens/chien-chiwawa-2533324","Chien chiwawa","300 000 CFA","Dakar, Sénégal","https://images.coinafrique.com/thumb_2533324_uploaded_image1_1597146281.jpg"
"1739055914-102","https://sn.coinafrique.com/categorie/chiens?page=9","Chiot berger malinois","https://sn.coinafrique.com/annonce/chiens/chiot-berger-malinois-2534330","Chiot berger malinois","250 000 CFA","Diamniadio, Sénégal","https://images.coinafrique.com/thumb_3899662_uploaded_image1_1664548562.jpg"
"1739055917-103","https://sn.coinafrique.com/categorie/chiens?page=9","Chiot Berger Allemand","https://sn.coinafrique.com/annonce/chiens/chiot-berger-allemand-2535190","Chiot Berger Allemand","150 000 CFA","Rufisque, Sénégal","https://images.coinafrique.com/thumb_4679501_uploaded_image1_1712415418.jpg"
"1739055919-104","https://sn.coinafrique.com/categorie/chiens?page=9","Chiots shih tzu","https://sn.coinafrique.com/annonce/chiens/chiots-shih-tzu-2536904","Chiots shih tzu","250 000 CFA","Point E, Dakar, Sénégal","https://images.coinafrique.com/thumb_2536904_uploaded_image1_1597236557.jpg"
"1739055922-105","https://sn.coinafrique.com/categorie/chiens?page=9","Chiots berger allemand","https://sn.coinafrique.com/annonce/chiens/chiots-berger-allemand-2541838","Chiots berger allemand","250 000 CFA","Guediawaye, Dakar, Sénégal","https://images.coinafrique.com/thumb_2541838_uploaded_image1_1597368796.jpg"
"1739055924-106","https://sn.coinafrique.com/categorie/chiens?page=9","Belger allemand","https://sn.coinafrique.com/annonce/chiens/belger-allemand-2544470","Belger allemand","Prix sur demande","Dakar, Sénégal","https://images.coinafrique.com/thumb_2544470_uploaded_image1_1597451496.jpg"
"1739055926-107","https://sn.coinafrique.com/categorie/chiens?page=9","Malinois","https://sn.coinafrique.com/annonce/chiens/malinois-2544486","Malinois","Prix sur demande","Dakar, Sénégal","https://images.coinafrique.com/thumb_5124976_uploaded_image1_1736338081.jpg"
"1739055929-108","https://sn.coinafrique.com/categorie/chiens?page=9","Canish","https://sn.coinafrique.com/annonce/chiens/canish-2551556","Canish","250 000 CFA","Fass, Dakar, Sénégal","https://images.coinafrique.com/thumb_2551556_uploaded_image1_1597687758.jpg"
"1739055931-109","https://sn.coinafrique.com/categorie/chiens?page=9","Femelle pitbull","https://sn.coinafrique.com/annonce/chiens/femelle-pitbull-2555833","Femelle pitbull","120 000 CFA","Bargny, Sénégal","https://images.coinafrique.com/thumb_2555833_uploaded_image1_1597802491.jpg"
"1739055934-110","https://sn.coinafrique.com/categorie/chiens?page=9","Chiots Boerboel","https://sn.coinafrique.com/annonce/chiens/chiots-boerboel-2557147","Chiots Boerboel","Prix sur demande","Rufisque, Sénégal","https://images.coinafrique.com/thumb_2557147_uploaded_image1_1597839325.jpg"
"1739055937-111","https://sn.coinafrique.com/categorie/chiens?page=9","Chiots Doberman","https://sn.coinafrique.com/annonce/chiens/chiots-doberman-2567144","Chiots Doberman","650 000 CFA","Fann, Dakar, Sénégal","https://images.coinafrique.com/thumb_3495193_uploaded_image1_1640255635.jpg"
"1739055939-112","https://sn.coinafrique.com/categorie/chiens?page=9","Chiots Bulldog","https://sn.coinafrique.com/annonce/chiens/chiots-bulldog-2567149","Chiots Bulldog","Prix sur demande","Fann, Dakar, Sénégal","https://images.coinafrique.com/thumb_4056315_uploaded_image1_1674120801.jpg"
"1739055942-113","https://sn.coinafrique.com/categorie/chiens?page=9","Chiot Kangal","https://sn.coinafrique.com/annonce/chiens/chiot-kangal-2567155","Chiot Kangal","Prix sur demande","Fann, Dakar, Sénégal","https://images.coinafrique.com/thumb_2567155_uploaded_image1_1598112585.jpg"
"1739055945-114","https://sn.coinafrique.com/categorie/chiens?page=9","Chiot  Chiuawa","https://sn.coinafrique.com/annonce/chiens/chiot-chiuawa-2567166","Chiot  Chiuawa","Prix sur demande","Fann, Dakar, Sénégal","https://images.coinafrique.com/thumb_2567166_uploaded_image1_1598112763.jpg"
"1739055947-115","https://sn.coinafrique.com/categorie/chiens?page=9","Chiot Spitz Pomperanian","https://sn.coinafrique.com/annonce/chiens/chiot-spitz-pomperanian-2567174","Chiot Spitz Pomperanian","Prix sur demande","Fann, Dakar, Sénégal","https://images.coinafrique.com/thumb_2578678_uploaded_image1_1598473259.jpg"
"1739055950-116","https://sn.coinafrique.com/categorie/chiens?page=9","Chiots Malinois pur sang","https://sn.coinafrique.com/annonce/chiens/chiots-malinois-pur-sang-2567608","Chiots Malinois pur sang","250 000 CFA","Ouest Foire, Dakar, Sénégal","https://images.coinafrique.com/thumb_2567608_uploaded_image1_1598126860.jpg"
"1739055952-117","https://sn.coinafrique.com/categorie/chiens?page=9","Chiot Rotweiller","https://sn.coinafrique.com/annonce/chiens/chiot-rotweiller-2567679","Chiot Rotweiller","300 000 CFA","Hann Bel-Air, Dakar, Sénégal","https://images.coinafrique.com/thumb_2619263_uploaded_image1_1599843271.jpg"
"1739055955-118","https://sn.coinafrique.com/categorie/chiens?page=9","Chiot Rottweiller","https://sn.coinafrique.com/annonce/chiens/chiot-rottweiller-2575614","Chiot Rottweiller","300 000 CFA","Hann Bel-Air, Dakar, Sénégal","https://images.coinafrique.com/thumb_2619263_uploaded_image1_1599843271.jpg"
"1739055957-119","https://sn.coinafrique.com/categorie/chiens?page=9","Chiots Spitz nain Pomeranian","https://sn.coinafrique.com/annonce/chiens/chiots-spitz-nain-pomeranian-2578678","Chiots Spitz nain Pomeranian","1 900 000 CFA","Fann, Dakar, Sénégal","https://images.coinafrique.com/thumb_4105901_uploaded_image1_1677094228.jpg"
"1739055960-120","https://sn.coinafrique.com/categorie/chiens?page=9","Chiot Rottweiller","https://sn.coinafrique.com/annonce/chiens/chiot-rottweiller-2580700","Chiot Rottweiller","300 000 CFA","Hann Bel-Air, Dakar, Sénégal","https://images.coinafrique.com/thumb_2619263_uploaded_image1_1599843271.jpg"
"1739055962-121","https://sn.coinafrique.com/categorie/chiens?page=9","Chien Bichon","https://sn.coinafrique.com/annonce/chiens/chien-bichon-2581230","Chien Bichon","300 000 CFA","Dakar, Sénégal","https://images.coinafrique.com/thumb_3287244_uploaded_image1_1629321508.jpg"
"1739055965-122","https://sn.coinafrique.com/categorie/chiens?page=9","Malinois","https://sn.coinafrique.com/annonce/chiens/malinois-2581239","Malinois","300 000 CFA","Dakar, Sénégal","https://images.coinafrique.com/thumb_5124976_uploaded_image1_1736338081.jpg"
"1739055967-123","https://sn.coinafrique.com/categorie/chiens?page=9","Chien Berger","https://sn.coinafrique.com/annonce/chiens/chien-berger-2581250","Chien Berger","250 000 CFA","Dakar, Sénégal","https://images.coinafrique.com/thumb_4970950_uploaded_image1_1727800187.jpg"
"1739055970-124","https://sn.coinafrique.com/categorie/chiens?page=9","Chiots Berger Allemand","https://sn.coinafrique.com/annonce/chiens/chiots-berger-allemand-2584995","Chiots Berger Allemand","180 000 CFA","Bargny, Sénégal","https://images.coinafrique.com/thumb_2584995_uploaded_image1_1598726974.jpg"
"1739055972-125","https://sn.coinafrique.com/categorie/chiens?page=9","Chiot rottweiller","https://sn.coinafrique.com/annonce/chiens/chiot-rottweiller-2589325","Chiot rottweiller","300 000 CFA","Hann Bel-Air, Dakar, Sénégal","https://images.coinafrique.com/thumb_2619263_uploaded_image1_1599843271.jpg"
"1739055975-126","https://sn.coinafrique.com/categorie/chiens?page=9","Chiot Pitbull","https://sn.coinafrique.com/annonce/chiens/chiot-pitbull-2591285","Chiot Pitbull","150 000 CFA","Dakar, Sénégal","https://images.coinafrique.com/thumb_4951773_uploaded_image1_1726751081.jpg"
"1739055977-127","https://sn.coinafrique.com/categorie/chiens?page=9","Chiot bulldog anglais","https://sn.coinafrique.com/annonce/chiens/chiot-bulldog-anglais-2593026","Chiot bulldog anglais","Prix sur demande","Fann, Dakar, Sénégal","https://images.coinafrique.com/thumb_2593026_uploaded_image1_1599001771.jpg"
"1739055980-128","https://sn.coinafrique.com/categorie/chiens?page=9","Bichon Maltais","https://sn.coinafrique.com/annonce/chiens/bichon-maltais-2598132","Bichon Maltais","230 000 CFA","Dakar, Sénégal","https://images.coinafrique.com/thumb_5002622_uploaded_image1_1729418106.jpg"
"1739055983-129","https://sn.coinafrique.com/categorie/chiens?page=9","Chiots race Bichon","https://sn.coinafrique.com/annonce/chiens/chiots-race-bichon-2601423","Chiots race Bichon","200 000 CFA","Dieuppeul-Derklé, Dakar, Sénégal","https://images.coinafrique.com/thumb_2601423_uploaded_image1_1599252254.jpg"
"1739055992-130","https://sn.coinafrique.com/categorie/chiens?page=8","Chiots Bichon","https://sn.coinafrique.com/annonce/chiens/chiots-bichon-2603096","Chiots Bichon","200 CFA","Dakar, Sénégal","https://images.coinafrique.com/thumb_5002622_uploaded_image1_1729418106.jpg"
"1739055995-131","https://sn.coinafrique.com/categorie/chiens?page=8","Chiot Rottweiller","https://sn.coinafrique.com/annonce/chiens/chiot-rottweiller-2603171","Chiot Rottweiller","250 000 CFA","Hann Bel-Air, Dakar, Sénégal","https://images.coinafrique.com/thumb_2619263_uploaded_image1_1599843271.jpg"
"1739055997-132","https://sn.coinafrique.com/categorie/chiens?page=8","Chiots Bichon","https://sn.coinafrique.com/annonce/chiens/chiots-bichon-2603812","Chiots Bichon","200 000 CFA","Dieuppeul-Derklé, Dakar, Sénégal","https://images.coinafrique.com/thumb_4463994_uploaded_image1_1700397411.jpg"
"1739055999-133","https://sn.coinafrique.com/categorie/chiens?page=8","Husky pure race","https://sn.coinafrique.com/annonce/chiens/husky-pure-race-2614016","Husky pure race","450 000 CFA","Dakar Plateau, Dakar, Sénégal","https://images.coinafrique.com/thumb_3032898_uploaded_image1_1617282596.jpg"
"1739056002-134","https://sn.coinafrique.com/categorie/chiens?page=8","Bichon maltais","https://sn.coinafrique.com/annonce/chiens/bichon-maltais-2614957","Bichon maltais","Prix sur demande","Dieuppeul-Derklé, Dakar, Sénégal","https://images.coinafrique.com/thumb_4812592_uploaded_image1_1719436345.jpg"
"1739056004-135","https://sn.coinafrique.com/categorie/chiens?page=8","Chien rottweiller","https://sn.coinafrique.com/annonce/chiens/chien-rottweiller-2617202","Chien rottweiller","300 000 CFA","Hann Bel-Air, Dakar, Sénégal","https://images.coinafrique.com/thumb_2617202_uploaded_image1_1599768247.jpg"
"1739056007-136","https://sn.coinafrique.com/categorie/chiens?page=8","Chiot Berger Allemand","https://sn.coinafrique.com/annonce/chiens/chiot-berger-allemand-2618543","Chiot Berger Allemand","2 500 000 CFA","Mbour, Sénégal","https://images.coinafrique.com/thumb_4779635_uploaded_image1_1717531124.jpg"
"1739056010-137","https://sn.coinafrique.com/categorie/chiens?page=8","Chiot rottweiller","https://sn.coinafrique.com/annonce/chiens/chiot-rottweiller-2619263","Chiot rottweiller","250 000 CFA","Hann Bel-Air, Dakar, Sénégal","https://images.coinafrique.com/thumb_2619263_uploaded_image1_1599843271.jpg"
"1739056012-138","https://sn.coinafrique.com/categorie/chiens?page=8","Chiots Rottweiler pur sang","https://sn.coinafrique.com/annonce/chiens/chiots-rottweiler-pur-sang-2625896","Chiots Rottweiler pur sang","300 000 CFA","Dakar Plateau, Dakar, Sénégal","https://images.coinafrique.com/thumb_2625896_uploaded_image1_1600107671.jpg"
"1739056015-139","https://sn.coinafrique.com/categorie/chiens?page=8","Caniche Bichon Maltais","https://sn.coinafrique.com/annonce/chiens/caniche-bichon-maltais-2629161","Caniche Bichon Maltais","465 000 CFA","Dakar, Sénégal","https://images.coinafrique.com/thumb_2629161_uploaded_image1_1600223864.jpg"
"1739056018-140","https://sn.coinafrique.com/categorie/chiens?page=8","Chiens","https://sn.coinafrique.com/annonce/chiens/chiens-2631397","Chiens","20 000 CFA","Mbour, Sénégal","https://images.coinafrique.com/thumb_2631397_uploaded_image1_1600290558.jpg"
"1739056021-141","https://sn.coinafrique.com/categorie/chiens?page=8","Chien Red Nose pur sang","https://sn.coinafrique.com/annonce/chiens/chien-red-nose-pur-sang-2636139","Chien Red Nose pur sang","90 000 CFA","Thies, Sénégal","https://images.coinafrique.com/thumb_2636139_uploaded_image1_1600454579.jpg"
"1739056024-142","https://sn.coinafrique.com/categorie/chiens?page=8","Chiots Chowchow","https://sn.coinafrique.com/annonce/chiens/chiots-chowchow-2636642","Chiots Chowchow","Prix sur demande","Fann, Dakar, Sénégal","https://images.coinafrique.com/thumb_2636642_uploaded_image1_1600483273.jpg"
"1739056026-143","https://sn.coinafrique.com/categorie/chiens?page=8","Chiots Carlin","https://sn.coinafrique.com/annonce/chiens/chiots-carlin-2636645","Chiots Carlin","Prix sur demande","Fann, Dakar, Sénégal","https://images.coinafrique.com/thumb_4056315_uploaded_image1_1674120801.jpg"
"1739056029-144","https://sn.coinafrique.com/categorie/chiens?page=8","Chiot Husky sibérien","https://sn.coinafrique.com/annonce/chiens/chiot-husky-siberien-2647792","Chiot Husky sibérien","Prix sur demande","Fann, Dakar, Sénégal","https://images.coinafrique.com/thumb_2647792_uploaded_image1_1600900758.jpg"
"1739056031-145","https://sn.coinafrique.com/categorie/chiens?page=8","Chiot pitbull","https://sn.coinafrique.com/annonce/chiens/chiot-pitbull-2678151","Chiot pitbull","150 000 CFA","Mermoz-Sacré Coeur, Dakar, Sénégal","https://images.coinafrique.com/thumb_2678151_uploaded_image1_1602079553.jpg"
"1739056034-146","https://sn.coinafrique.com/categorie/chiens?page=8","Chien malinois","https://sn.coinafrique.com/annonce/chiens/chien-malinois-2683719","Chien malinois","180 000 CFA","Mermoz-Sacré Coeur, Dakar, Sénégal","https://images.coinafrique.com/thumb_2683719_uploaded_image1_1602268170.jpg"
"1739056036-147","https://sn.coinafrique.com/categorie/chiens?page=8","Chiot bulldog françai","https://sn.coinafrique.com/annonce/chiens/chiot-bulldog-francai-2696757","Chiot bulldog françai","Prix sur demande","Fann, Dakar, Sénégal","https://images.coinafrique.com/thumb_4056315_uploaded_image1_1674120801.jpg"
"1739056047-148","https://sn.coinafrique.com/categorie/chiens?page=8","Caniche pur sang","https://sn.coinafrique.com/annonce/chiens/caniche-pur-sang-2699954","Caniche pur sang","250 000 CFA","Saly, Sénégal","https://images.coinafrique.com/thumb_2699954_uploaded_image1_1602880167.jpg"
"1739056049-149","https://sn.coinafrique.com/categorie/chiens?page=8","Chien Husky sibérien","https://sn.coinafrique.com/annonce/chiens/chien-husky-siberien-2706061","Chien Husky sibérien","Prix sur demande","Dakar, Sénégal","https://images.coinafrique.com/thumb_2706061_uploaded_image1_1603146923.jpg"
"1739056052-150","https://sn.coinafrique.com/categorie/chiens?page=8","Chien berger allemand","https://sn.coinafrique.com/annonce/chiens/chien-berger-allemand-2727458","Chien berger allemand","250 000 CFA","Guediawaye, Dakar, Sénégal","https://images.coinafrique.com/thumb_4716925_uploaded_image1_1714422080.jpg"
"1739056054-151","https://sn.coinafrique.com/categorie/chiens?page=8","Chiots Bergers allemands","https://sn.coinafrique.com/annonce/chiens/chiots-bergers-allemands-2728385","Chiots Bergers allemands","80 000 CFA","Rufisque, Sénégal","https://images.coinafrique.com/thumb_4679501_uploaded_image1_1712415418.jpg"
"1739056057-152","https://sn.coinafrique.com/categorie/chiens?page=8","Couple chiots husky sibérien pure race","https://sn.coinafrique.com/annonce/chiens/couple-chiots-husky-siberien-pure-race-2733234","Couple chiots husky sibérien pure race","Prix sur demande","Mbao, Dakar, Sénégal","https://images.coinafrique.com/thumb_2733234_uploaded_image1_1604353697.jpg"
"1739056059-153","https://sn.coinafrique.com/categorie/chiens?page=8","Pitbulls","https://sn.coinafrique.com/annonce/chiens/pitbulls-2748068","Pitbulls","Prix sur demande","Bargny, Sénégal","https://images.coinafrique.com/thumb_3085151_uploaded_image1_1619629177.jpg"
"1739056062-154","https://sn.coinafrique.com/categorie/chiens?page=8","Chiot dog allemand","https://sn.coinafrique.com/annonce/chiens/chiot-dog-allemand-2751446","Chiot dog allemand","500 000 CFA","Mamelles, Dakar, Sénégal","https://images.coinafrique.com/thumb_2751446_uploaded_image1_1605004718.jpg"
"1739056065-155","https://sn.coinafrique.com/categorie/chiens?page=8","Chiots Bergers allemands pur sang - lignée de travail","https://sn.coinafrique.com/annonce/chiens/chiots-bergers-allemands-pur-sang-lignee-de-travail-2762158","Chiots Bergers allemands pur sang - lignée de travail","250 000 CFA","Sicap Liberté, Dakar, Sénégal","https://images.coinafrique.com/thumb_2762158_uploaded_image1_1605372613.jpg"
"1739056067-156","https://sn.coinafrique.com/categorie/chiens?page=8","Chiots","https://sn.coinafrique.com/annonce/chiens/chiots-2766184","Chiots","Prix sur demande","Dakar, Sénégal","https://images.coinafrique.com/thumb_5131922_uploaded_image1_1736729395.jpg"
"1739056071-157","https://sn.coinafrique.com/categorie/chiens?page=8","Chiots Pitbull","https://sn.coinafrique.com/annonce/chiens/chiots-pitbull-2784073","Chiots Pitbull","160 000 CFA","Thies, Sénégal","https://images.coinafrique.com/thumb_2784073_uploaded_image1_1606221523.jpg"
"1739056073-158","https://sn.coinafrique.com/categorie/chiens?page=8","Chiots berger allemand","https://sn.coinafrique.com/annonce/chiens/chiots-berger-allemand-2784090","Chiots berger allemand","200 000 CFA","Thies, Sénégal","https://images.coinafrique.com/thumb_4943304_uploaded_image1_1726252041.jpg"
"1739056076-159","https://sn.coinafrique.com/categorie/chiens?page=8","Chiots pitbull","https://sn.coinafrique.com/annonce/chiens/chiots-pitbull-2795342","Chiots pitbull","175 000 CFA","Saint Louis, Sénégal","https://images.coinafrique.com/thumb_3596319_uploaded_image1_1646581647.jpg"
"1739056078-160","https://sn.coinafrique.com/categorie/chiens?page=8","Chien malinois","https://sn.coinafrique.com/annonce/chiens/chien-malinois-2795793","Chien malinois","Prix sur demande","Dakar, Sénégal","https://images.coinafrique.com/thumb_5124976_uploaded_image1_1736338081.jpg"
"1739056081-161","https://sn.coinafrique.com/categorie/chiens?page=8","Rott royal 10","https://sn.coinafrique.com/annonce/chiens/rott-royal-10-2812803","Rott royal 10","500 000 CFA","Dakar, Sénégal","https://images.coinafrique.com/thumb_2812803_uploaded_image1_1607261227.jpg"
"1739056083-162","https://sn.coinafrique.com/categorie/chiens?page=8","Bichamon Maltais","https://sn.coinafrique.com/annonce/chiens/bichamon-maltais-2823458","Bichamon Maltais","250 000 CFA","Dakar, Sénégal","https://images.coinafrique.com/thumb_2823458_uploaded_image1_1607635304.jpg"
"1739056086-163","https://sn.coinafrique.com/categorie/chiens?page=8","Berger allemand","https://sn.coinafrique.com/annonce/chiens/berger-allemand-2835075","Berger allemand","150 000 CFA","Almadies, Dakar, Sénégal","https://images.coinafrique.com/thumb_4220216_uploaded_image1_1684354056.jpg"
"1739056090-164","https://sn.coinafrique.com/categorie/chiens?page=8","Chiot berger allemand / Rottweiller","https://sn.coinafrique.com/annonce/chiens/chiot-berger-allemand-rottweiller-2861530","Chiot berger allemand / Rottweiller","75 000 CFA","Thies, Sénégal","https://images.coinafrique.com/thumb_2862580_uploaded_image1_1609508293.jpg"
"1739056092-165","https://sn.coinafrique.com/categorie/chiens?page=8","Chiot mâle Berger allemand","https://sn.coinafrique.com/annonce/chiens/chiot-male-berger-allemand-2862580","Chiot mâle Berger allemand","100 000 CFA","Thies, Sénégal","https://images.coinafrique.com/thumb_3671351_uploaded_image1_1651056079.jpg"
"1739056095-166","https://sn.coinafrique.com/categorie/chiens?page=8","Berger allemand","https://sn.coinafrique.com/annonce/chiens/berger-allemand-2863494","Berger allemand","350 000 CFA","Dakar, Sénégal","https://images.coinafrique.com/thumb_5131922_uploaded_image1_1736729395.jpg"
"1739056097-167","https://sn.coinafrique.com/categorie/chiens?page=8","Chiot berger allemand","https://sn.coinafrique.com/annonce/chiens/chiot-berger-allemand-2864271","Chiot berger allemand","180 000 CFA","Guediawaye, Dakar, Sénégal","https://images.coinafrique.com/thumb_5016564_uploaded_image1_1730217865.jpg"
"1739056100-168","https://sn.coinafrique.com/categorie/chiens?page=8","Chiots Labrador","https://sn.coinafrique.com/annonce/chiens/chiots-labrador-2877490","Chiots Labrador","200 000 CFA","Dakar, Sénégal","https://images.coinafrique.com/thumb_4344699_uploaded_image1_1692644593.jpg"
"1739056102-169","https://sn.coinafrique.com/categorie/chiens?page=8","Chiot Bichon","https://sn.coinafrique.com/annonce/chiens/chiot-bichon-2877719","Chiot Bichon","111 111 111 111 111 000 CFA","Ouakam, Dakar, Sénégal","https://images.coinafrique.com/thumb_5114859_uploaded_image1_1735753685.jpg"
"1739056105-170","https://sn.coinafrique.com/categorie/chiens?page=8","Chiot rottweiller","https://sn.coinafrique.com/annonce/chiens/chiot-rottweiller-2882667","Chiot rottweiller","Prix sur demande","Grand Dakar, Dakar, Sénégal","https://images.coinafrique.com/thumb_2882667_uploaded_image1_1610353609.jpg"
"1739056107-171","https://sn.coinafrique.com/categorie/chiens?page=8","Chiots Bichons Spitz Royal","https://sn.coinafrique.com/annonce/chiens/chiots-bichons-spitz-royal-2890179","Chiots Bichons Spitz Royal","200 000 CFA","Saly, Sénégal","https://images.coinafrique.com/thumb_2890179_uploaded_image1_1610628933.jpg"
"1739056110-172","https://sn.coinafrique.com/categorie/chiens?page=8","Chiot pitbull","https://sn.coinafrique.com/annonce/chiens/chiot-pitbull-2896747","Chiot pitbull","175 000 CFA","Saint Louis, Sénégal","https://images.coinafrique.com/thumb_3596319_uploaded_image1_1646581647.jpg"
"1739056116-173","https://sn.coinafrique.com/categorie/chiens?page=8","Chien Pitbull","https://sn.coinafrique.com/annonce/chiens/chien-pitbull-2898017","Chien Pitbull","400 000 CFA","Hann Bel-Air, Dakar, Sénégal","https://images.coinafrique.com/thumb_2898017_uploaded_image1_1610984631.jpg"
"1739056118-174","https://sn.coinafrique.com/categorie/chiens?page=8","Caniches","https://sn.coinafrique.com/annonce/chiens/caniches-2913795","Caniches","100 000 CFA","Dakar, Sénégal","https://images.coinafrique.com/thumb_4634226_uploaded_image1_1710001956.jpg"
"1739056121-175","https://sn.coinafrique.com/categorie/chiens?page=8","Chiot Rottweiler","https://sn.coinafrique.com/annonce/chiens/chiot-rottweiler-2920881","Chiot Rottweiler","250 000 CFA","Dakar, Sénégal","https://images.coinafrique.com/thumb_5004868_uploaded_image1_1729539442.jpg"
"1739056123-176","https://sn.coinafrique.com/categorie/chiens?page=8","Chiot Husky","https://sn.coinafrique.com/annonce/chiens/chiot-husky-2922194","Chiot Husky","450 000 CFA","Dakar, Sénégal","https://images.coinafrique.com/thumb_5118298_uploaded_image1_1735944932.jpg"
"1739056126-177","https://sn.coinafrique.com/categorie/chiens?page=8","Chiot husky","https://sn.coinafrique.com/annonce/chiens/chiot-husky-2922209","Chiot husky","450 000 CFA","Dakar, Sénégal","https://images.coinafrique.com/thumb_5118298_uploaded_image1_1735944932.jpg"
"1739056128-178","https://sn.coinafrique.com/categorie/chiens?page=8","Chiots Berger Allemand","https://sn.coinafrique.com/annonce/chiens/chiots-berger-allemand-2923824","Chiots Berger Allemand","165 000 CFA","Dakar, Sénégal","https://images.coinafrique.com/thumb_5131922_uploaded_image1_1736729395.jpg"
"1739056131-179","https://sn.coinafrique.com/categorie/chiens?page=8","Chien Pitbull","https://sn.coinafrique.com/annonce/chiens/chien-pitbull-2927795","Chien Pitbull","170 000 CFA","Dakar, Sénégal","https://images.coinafrique.com/thumb_3532010_uploaded_image1_1642671792.jpg"
"1739056133-180","https://sn.coinafrique.com/categorie/chiens?page=8","Chiots bolognais","https://sn.coinafrique.com/annonce/chiens/chiots-bolognais-2932610","Chiots bolognais","150 000 CFA","Dakar, Sénégal","https://images.coinafrique.com/thumb_2932610_uploaded_image1_1612474936.jpg"
"1739056135-181","https://sn.coinafrique.com/categorie/chiens?page=8","Berger femelle","https://sn.coinafrique.com/annonce/chiens/berger-femelle-2939379","Berger femelle","160 000 CFA","Dieuppeul-Derklé, Dakar, Sénégal","https://images.coinafrique.com/thumb_2939379_uploaded_image1_1612792768.jpg"
"1739056138-182","https://sn.coinafrique.com/categorie/chiens?page=8","Chiot berger allemand / husky","https://sn.coinafrique.com/annonce/chiens/chiot-berger-allemand-husky-2945713","Chiot berger allemand / husky","175 000 CFA","Dakar, Sénégal","https://images.coinafrique.com/thumb_2945713_uploaded_image1_1613048772.jpg"
"1739056142-183","https://sn.coinafrique.com/categorie/chiens?page=8","Chiots Malinois","https://sn.coinafrique.com/annonce/chiens/chiots-malinois-2946384","Chiots Malinois","300 000 CFA","Grand Yoff, Dakar, Sénégal","https://images.coinafrique.com/thumb_2946384_uploaded_image1_1613065281.jpg"
"1739056145-184","https://sn.coinafrique.com/categorie/chiens?page=8","Chien","https://sn.coinafrique.com/annonce/chiens/chien-2949981","Chien","500 000 CFA","Mbao, Dakar, Sénégal","https://images.coinafrique.com/thumb_5078573_uploaded_image1_1733447779.jpg"
"1739056148-185","https://sn.coinafrique.com/categorie/chiens?page=8","Chien Pitbull femelle","https://sn.coinafrique.com/annonce/chiens/chien-pitbull-femelle-2950286","Chien Pitbull femelle","300 000 CFA","Saint Louis, Sénégal","https://images.coinafrique.com/thumb_2950286_uploaded_image1_1613256678.jpg"
"1739056150-186","https://sn.coinafrique.com/categorie/chiens?page=8","Chiots malinois","https://sn.coinafrique.com/annonce/chiens/chiots-malinois-2951499","Chiots malinois","250 000 CFA","Mermoz-Sacré Coeur, Dakar, Sénégal","https://images.coinafrique.com/thumb_4118286_uploaded_image1_1677846223.jpg"
"1739056153-187","https://sn.coinafrique.com/categorie/chiens?page=8","Chiots Malinois","https://sn.coinafrique.com/annonce/chiens/chiots-malinois-2951762","Chiots Malinois","230 000 CFA","Dakar, Sénégal","https://images.coinafrique.com/thumb_4807147_uploaded_image2_1719173692.jpeg"
"1739056155-188","https://sn.coinafrique.com/categorie/chiens?page=8","Chiot boerboel","https://sn.coinafrique.com/annonce/chiens/chiot-boerboel-2957371","Chiot boerboel","300 000 CFA","HLM, Dakar, Sénégal","https://images.coinafrique.com/thumb_2957371_uploaded_image1_1613600366.jpg"
"1739056158-189","https://sn.coinafrique.com/categorie/chiens?page=8","Chiot Husky 4mois femelle","https://sn.coinafrique.com/annonce/chiens/chiot-husky-4mois-femelle-2962156","Chiot Husky 4mois femelle","Prix sur demande","Mbao, Dakar, Sénégal","https://images.coinafrique.com/thumb_2962156_uploaded_image1_1613831786.jpg"
"1739056160-190","https://sn.coinafrique.com/categorie/chiens?page=8","Chiots","https://sn.coinafrique.com/annonce/chiens/chiots-2965558","Chiots","150 000 CFA","Hann Bel-Air, Dakar, Sénégal","https://images.coinafrique.com/thumb_3442911_uploaded_image1_1637185024.jpg"
"1739056163-191","https://sn.coinafrique.com/categorie/chiens?page=8","Chiots bichons maltais pure race","https://sn.coinafrique.com/annonce/chiens/chiots-bichons-maltais-pure-race-2972487","Chiots bichons maltais pure race","Prix sur demande","Mbao, Dakar, Sénégal","https://images.coinafrique.com/thumb_5104979_uploaded_image2_1734994461.jpeg"
"1739056165-192","https://sn.coinafrique.com/categorie/chiens?page=8","Chiots boerboels purebreed","https://sn.coinafrique.com/annonce/chiens/chiots-boerboels-purebreed-2974090","Chiots boerboels purebreed","400 000 CFA","Thies, Sénégal","https://images.coinafrique.com/thumb_2974090_uploaded_image1_1614426862.jpg"
"1739056167-193","https://sn.coinafrique.com/categorie/chiens?page=8","Chiots Rottweiler","https://sn.coinafrique.com/annonce/chiens/chiots-rottweiler-2978927","Chiots Rottweiler","300 000 CFA","Dakar, Sénégal","https://images.coinafrique.com/thumb_5004868_uploaded_image1_1729539442.jpg"
"1739056170-194","https://sn.coinafrique.com/categorie/chiens?page=8","Chiots Cane Corso","https://sn.coinafrique.com/annonce/chiens/chiots-cane-corso-2996177","Chiots Cane Corso","Prix sur demande","Dakar, Sénégal","https://images.coinafrique.com/thumb_2996177_uploaded_image1_1615461551.jpg"
"1739056173-195","https://sn.coinafrique.com/categorie/chiens?page=8","Chien cane corso","https://sn.coinafrique.com/annonce/chiens/chien-cane-corso-2996181","Chien cane corso","Prix sur demande","Dakar, Sénégal","https://images.coinafrique.com/thumb_2996181_uploaded_image1_1615461660.jpg"
"1739056175-196","https://sn.coinafrique.com/categorie/chiens?page=8","Chiot Labrador","https://sn.coinafrique.com/annonce/chiens/chiot-labrador-3005026","Chiot Labrador","450 000 CFA","Sicap Liberté, Dakar, Sénégal","https://images.coinafrique.com/thumb_3267297_uploaded_image1_1628319181.jpg"
"1739056178-197","https://sn.coinafrique.com/categorie/chiens?page=8","Berger belge malinois","https://sn.coinafrique.com/annonce/chiens/berger-belge-malinois-3005565","Berger belge malinois","Prix sur demande","Mamelles, Dakar, Sénégal","https://images.coinafrique.com/thumb_3005565_uploaded_image1_1615928047.jpg"
"1739056181-198","https://sn.coinafrique.com/categorie/chiens?page=8","Chiot cane corso","https://sn.coinafrique.com/annonce/chiens/chiot-cane-corso-3005863","Chiot cane corso","450 000 CFA","Colobane, Dakar, Sénégal","https://images.coinafrique.com/thumb_3005863_uploaded_image1_1615940766.jpg"
"1739056183-199","https://sn.coinafrique.com/categorie/chiens?page=8","Chien Bijon Malté","https://sn.coinafrique.com/annonce/chiens/chien-bijon-malte-3012169","Chien Bijon Malté","210 000 CFA","Sicap Liberté, Dakar, Sénégal","https://images.coinafrique.com/thumb_3012169_uploaded_image1_1616254703.jpg"
"1739056186-200","https://sn.coinafrique.com/categorie/chiens?page=8","Chiots Bergers Allemands","https://sn.coinafrique.com/annonce/chiens/chiots-bergers-allemands-3018685","Chiots Bergers Allemands","150 000 CFA","Pikine, Sénégal","https://images.coinafrique.com/thumb_4653887_uploaded_image1_1711074324.jpg"
"1739056188-201","https://sn.coinafrique.com/categorie/chiens?page=8","Chiot couple teckel","https://sn.coinafrique.com/annonce/chiens/chiot-couple-teckel-3023422","Chiot couple teckel","200 CFA","Yoff, Dakar, Sénégal","https://images.coinafrique.com/thumb_3023422_uploaded_image1_1616808652.jpg"
"1739056190-202","https://sn.coinafrique.com/categorie/chiens?page=8","Chiot pitbull","https://sn.coinafrique.com/annonce/chiens/chiot-pitbull-3025431","Chiot pitbull","150 CFA","Mamelles, Dakar, Sénégal","https://images.coinafrique.com/thumb_3025431_uploaded_image1_1616942140.jpg"
"1739056193-203","https://sn.coinafrique.com/categorie/chiens?page=8","Chiot Husky","https://sn.coinafrique.com/annonce/chiens/chiot-husky-3032898","Chiot Husky","450 000 CFA","Dakar Plateau, Dakar, Sénégal","https://images.coinafrique.com/thumb_3032898_uploaded_image1_1617282596.jpg"
"1739056195-204","https://sn.coinafrique.com/categorie/chiens?page=8","Chiots Bergers Allemands","https://sn.coinafrique.com/annonce/chiens/chiots-bergers-allemands-3035100","Chiots Bergers Allemands","150 000 CFA","Rufisque, Sénégal","https://images.coinafrique.com/thumb_4679501_uploaded_image1_1712415418.jpg"
"1739056198-205","https://sn.coinafrique.com/categorie/chiens?page=8","Chiot femelle Yorkshire","https://sn.coinafrique.com/annonce/chiens/chiot-femelle-yorkshire-3045523","Chiot femelle Yorkshire","400 000 CFA","Dakar, Sénégal","https://images.coinafrique.com/thumb_3045523_uploaded_image1_1617806957.jpg"
"1739056201-206","https://sn.coinafrique.com/categorie/chiens?page=8","Chiot berger allemand","https://sn.coinafrique.com/annonce/chiens/chiot-berger-allemand-3057290","Chiot berger allemand","160 000 CFA","Dakar, Sénégal","https://images.coinafrique.com/thumb_5131922_uploaded_image1_1736729395.jpg"
"1739056205-207","https://sn.coinafrique.com/categorie/chiens?page=8","Chiots Berger allemand","https://sn.coinafrique.com/annonce/chiens/chiots-berger-allemand-3057308","Chiots Berger allemand","160 000 CFA","Dakar, Sénégal","https://images.coinafrique.com/thumb_5131922_uploaded_image1_1736729395.jpg"
"1739056208-208","https://sn.coinafrique.com/categorie/chiens?page=8","Chiot Boerboel","https://sn.coinafrique.com/annonce/chiens/chiot-boerboel-3057395","Chiot Boerboel","450 000 CFA","Mermoz-Sacré Coeur, Dakar, Sénégal","https://images.coinafrique.com/thumb_3057395_uploaded_image1_1618335212.jpg"
"1739056210-209","https://sn.coinafrique.com/categorie/chiens?page=8","Chiot Bichon","https://sn.coinafrique.com/annonce/chiens/chiot-bichon-3062078","Chiot Bichon","250 000 CFA","Dakar, Sénégal","https://images.coinafrique.com/thumb_5002622_uploaded_image1_1729418106.jpg"
"1739056213-210","https://sn.coinafrique.com/categorie/chiens?page=8","Chiot berger allemand mâle","https://sn.coinafrique.com/annonce/chiens/chiot-berger-allemand-male-3064744","Chiot berger allemand mâle","150 000 CFA","Hann Bel-Air, Dakar, Sénégal","https://images.coinafrique.com/thumb_4884833_uploaded_image1_1723151589.jpg"
"1739056215-211","https://sn.coinafrique.com/categorie/chiens?page=8","Chiot Bichon","https://sn.coinafrique.com/annonce/chiens/chiot-bichon-3076436","Chiot Bichon","200 000 CFA","Mbao, Dakar, Sénégal","https://images.coinafrique.com/thumb_5104979_uploaded_image2_1734994461.jpeg"
"1739056218-212","https://sn.coinafrique.com/categorie/chiens?page=8","Chiots Bichon Maltais","https://sn.coinafrique.com/annonce/chiens/chiots-bichon-maltais-3079960","Chiots Bichon Maltais","350 000 CFA","Sicap Liberté, Dakar, Sénégal","https://images.coinafrique.com/thumb_5085599_uploaded_image1_1733856381.jpg"
"1739056220-213","https://sn.coinafrique.com/categorie/chiens?page=8","Chiot Pitbull","https://sn.coinafrique.com/annonce/chiens/chiot-pitbull-3083215","Chiot Pitbull","130 000 CFA","Dakar, Sénégal","https://images.coinafrique.com/thumb_4951773_uploaded_image1_1726751081.jpg"
"1739056227-214","https://sn.coinafrique.com/categorie/chiens?page=7","Chiots Pitbull","https://sn.coinafrique.com/annonce/chiens/chiots-pitbull-3085151","Chiots Pitbull","150 CFA","Bargny, Sénégal","https://images.coinafrique.com/thumb_3085151_uploaded_image1_1619629177.jpg"
"1739056230-215","https://sn.coinafrique.com/categorie/chiens?page=7","Chiots Pékinois","https://sn.coinafrique.com/annonce/chiens/chiots-pekinois-3086369","Chiots Pékinois","Prix sur demande","Fann, Dakar, Sénégal","https://images.coinafrique.com/thumb_3498824_uploaded_image1_1640602505.jpg"
"1739056232-216","https://sn.coinafrique.com/categorie/chiens?page=7","Chiot berger allemand","https://sn.coinafrique.com/annonce/chiens/chiot-berger-allemand-3092060","Chiot berger allemand","250 000 CFA","Ouest Foire, Dakar, Sénégal","https://images.coinafrique.com/thumb_3092060_uploaded_image1_1619960652.jpg"
"1739056235-217","https://sn.coinafrique.com/categorie/chiens?page=7","Chiots labradors","https://sn.coinafrique.com/annonce/chiens/chiots-labradors-3098631","Chiots labradors","450 000 CFA","Guediawaye, Dakar, Sénégal","https://images.coinafrique.com/thumb_3756515_uploaded_image1_1656067446.jpg"
"1739056238-218","https://sn.coinafrique.com/categorie/chiens?page=7","Chien Pitbull","https://sn.coinafrique.com/annonce/chiens/chien-pitbull-3098650","Chien Pitbull","300 000 CFA","Guediawaye, Dakar, Sénégal","https://images.coinafrique.com/thumb_3098650_uploaded_image1_1620217591.jpg"
"1739056240-219","https://sn.coinafrique.com/categorie/chiens?page=7","Chiots Berger Malinois mâle - femelle","https://sn.coinafrique.com/annonce/chiens/chiots-berger-malinois-male-femelle-3106040","Chiots Berger Malinois mâle - femelle","200 000 CFA","Thies, Sénégal",""
"1739056243-220","https://sn.coinafrique.com/categorie/chiens?page=7","Chien mâle berger allemand","https://sn.coinafrique.com/annonce/chiens/chien-male-berger-allemand-3106042","Chien mâle berger allemand","150 000 CFA","Thies, Sénégal",""
"1739056245-221","https://sn.coinafrique.com/categorie/chiens?page=7","Chiot berger malinois","https://sn.coinafrique.com/annonce/chiens/chiot-berger-malinois-3109622","Chiot berger malinois","100 000 CFA","Rufisque, Sénégal","https://images.coinafrique.com/thumb_4969271_uploaded_image1_1727731274.jpg"
"1739056248-222","https://sn.coinafrique.com/categorie/chiens?page=7","Chiens Berger Allemand","https://sn.coinafrique.com/annonce/chiens/chiens-berger-allemand-3121248","Chiens Berger Allemand","100 000 CFA","Thies, Sénégal","https://images.coinafrique.com/thumb_3121248_uploaded_image1_1621346709.jpg"
"1739056250-223","https://sn.coinafrique.com/categorie/chiens?page=7","Chiot Malinois","https://sn.coinafrique.com/annonce/chiens/chiot-malinois-3127168","Chiot Malinois","400 000 CFA","Mermoz-Sacré Coeur, Dakar, Sénégal","https://images.coinafrique.com/thumb_4118286_uploaded_image1_1677846223.jpg"
"1739056253-224","https://sn.coinafrique.com/categorie/chiens?page=7","Chiots tigrés","https://sn.coinafrique.com/annonce/chiens/chiots-tigres-3130909","Chiots tigrés","150 000 CFA","Pikine, Sénégal","https://images.coinafrique.com/thumb_3130909_uploaded_image1_1621857767.jpg"
"1739056255-225","https://sn.coinafrique.com/categorie/chiens?page=7","Pitbul","https://sn.coinafrique.com/annonce/chiens/pitbul-3137013","Pitbul","120 000 CFA","Bargny, Sénégal","https://images.coinafrique.com/thumb_3137013_uploaded_image1_1622138411.jpg"
"1739056258-226","https://sn.coinafrique.com/categorie/chiens?page=7","Bichons maltais","https://sn.coinafrique.com/annonce/chiens/bichons-maltais-3143508","Bichons maltais","300 000 CFA","Dakar, Sénégal","https://images.coinafrique.com/thumb_5002622_uploaded_image1_1729418106.jpg"
"1739056260-227","https://sn.coinafrique.com/categorie/chiens?page=7","Mâle berger allemand","https://sn.coinafrique.com/annonce/chiens/male-berger-allemand-3154709","Mâle berger allemand","Prix sur demande","Thies, Sénégal","https://images.coinafrique.com/thumb_3671351_uploaded_image1_1651056079.jpg"
"1739056263-228","https://sn.coinafrique.com/categorie/chiens?page=7","Mâle berger allemand","https://sn.coinafrique.com/annonce/chiens/male-berger-allemand-3154731","Mâle berger allemand","Prix sur demande","Thies, Sénégal","https://images.coinafrique.com/thumb_3671351_uploaded_image1_1651056079.jpg"
"1739056265-229","https://sn.coinafrique.com/categorie/chiens?page=7","Chiots bichon malté","https://sn.coinafrique.com/annonce/chiens/chiots-bichon-malte-3154816","Chiots bichon malté","180 000 CFA","Mermoz-Sacré Coeur, Dakar, Sénégal","https://images.coinafrique.com/thumb_3154816_uploaded_image1_1622898660.jpg"
"1739056268-230","https://sn.coinafrique.com/categorie/chiens?page=7","Chiots bergers allemands","https://sn.coinafrique.com/annonce/chiens/chiots-bergers-allemands-3156059","Chiots bergers allemands","Prix sur demande","Thies, Sénégal","https://images.coinafrique.com/thumb_4943304_uploaded_image1_1726252041.jpg"
"1739056270-231","https://sn.coinafrique.com/categorie/chiens?page=7","Chiot Labrador","https://sn.coinafrique.com/annonce/chiens/chiot-labrador-3157315","Chiot Labrador","300 000 CFA","Hann Bel-Air, Dakar, Sénégal","https://images.coinafrique.com/thumb_3157315_uploaded_image1_1623033828.jpg"
"1739056272-232","https://sn.coinafrique.com/categorie/chiens?page=7","Caniches Bichons maltais - 5 mois","https://sn.coinafrique.com/annonce/chiens/caniches-bichons-maltais-5-mois-3159435","Caniches Bichons maltais - 5 mois","125 000 CFA","Ouakam, Dakar, Sénégal","https://images.coinafrique.com/thumb_3159435_uploaded_image1_1623109995.jpg"
"1739056275-233","https://sn.coinafrique.com/categorie/chiens?page=7","Chiot Berger Allemand","https://sn.coinafrique.com/annonce/chiens/chiot-berger-allemand-3163567","Chiot Berger Allemand","165 000 CFA","Keur Massar, Sénégal","https://images.coinafrique.com/thumb_4888701_uploaded_image1_1723387152.jpg"
"1739056277-234","https://sn.coinafrique.com/categorie/chiens?page=7","Chiot Malinois","https://sn.coinafrique.com/annonce/chiens/chiot-malinois-3166487","Chiot Malinois","Prix sur demande","Sicap Liberté, Dakar, Sénégal","https://images.coinafrique.com/thumb_3166487_uploaded_image1_1623411352.jpg"
"1739056280-235","https://sn.coinafrique.com/categorie/chiens?page=7","Chiot berger allemand","https://sn.coinafrique.com/annonce/chiens/chiot-berger-allemand-3169152","Chiot berger allemand","175 000 CFA","Guediawaye, Dakar, Sénégal","https://images.coinafrique.com/thumb_5016564_uploaded_image1_1730217865.jpg"
"1739056282-236","https://sn.coinafrique.com/categorie/chiens?page=7","Chien","https://sn.coinafrique.com/annonce/chiens/chien-3173633","Chien","Prix sur demande","Pikine, Sénégal","https://images.coinafrique.com/thumb_3173633_uploaded_image1_1623766305.jpg"
"1739056285-237","https://sn.coinafrique.com/categorie/chiens?page=7","Chiots Berger Allemand","https://sn.coinafrique.com/annonce/chiens/chiots-berger-allemand-3173764","Chiots Berger Allemand","Prix sur demande","Guédiawaye, Dakar, Sénégal","https://images.coinafrique.com/thumb_3173764_uploaded_image1_1623769361.jpg"
"1739056287-238","https://sn.coinafrique.com/categorie/chiens?page=7","Chiots berger allemand","https://sn.coinafrique.com/annonce/chiens/chiots-berger-allemand-3174177","Chiots berger allemand","Prix sur demande","Thies, Sénégal","https://images.coinafrique.com/thumb_4943304_uploaded_image1_1726252041.jpg"
"1739056291-239","https://sn.coinafrique.com/categorie/chiens?page=7","Chien berger belge malinois","https://sn.coinafrique.com/annonce/chiens/chien-berger-belge-malinois-3174182","Chien berger belge malinois","Prix sur demande","Thies, Sénégal","https://images.coinafrique.com/thumb_3174182_uploaded_image1_1623781709.jpg"
"1739056297-240","https://sn.coinafrique.com/categorie/chiens?page=7","Chiots pittbull male","https://sn.coinafrique.com/annonce/chiens/chiots-pittbull-male-3182211","Chiots pittbull male","Prix sur demande","Sicap Liberté, Dakar, Sénégal","https://images.coinafrique.com/thumb_3185241_uploaded_image1_1624350699.jpg"
"1739056301-241","https://sn.coinafrique.com/categorie/chiens?page=7","Chiot Pitbull","https://sn.coinafrique.com/annonce/chiens/chiot-pitbull-3183820","Chiot Pitbull","Prix sur demande","Sicap Liberté, Dakar, Sénégal","https://images.coinafrique.com/thumb_5123496_uploaded_image1_1736258658.jpg"
"1739056304-242","https://sn.coinafrique.com/categorie/chiens?page=7","Chiot pittbull","https://sn.coinafrique.com/annonce/chiens/chiot-pittbull-3185241","Chiot pittbull","Prix sur demande","Sicap Liberté, Dakar, Sénégal","https://images.coinafrique.com/thumb_5123496_uploaded_image1_1736258658.jpg"
"1739056307-243","https://sn.coinafrique.com/categorie/chiens?page=7","Chiot Doberman","https://sn.coinafrique.com/annonce/chiens/chiot-doberman-3189286","Chiot Doberman","450 000 CFA","Parcelle Assainies, Dakar, Sénégal","https://images.coinafrique.com/thumb_3189286_uploaded_image1_1624530960.jpg"
"1739056309-244","https://sn.coinafrique.com/categorie/chiens?page=7","Chien Canne Corso italien","https://sn.coinafrique.com/annonce/chiens/chien-canne-corso-italien-3190440","Chien Canne Corso italien","300 000 CFA","Mbao, Dakar, Sénégal","https://images.coinafrique.com/thumb_3190440_uploaded_image1_1624569942.jpg"
"1739056312-245","https://sn.coinafrique.com/categorie/chiens?page=7","Chiots","https://sn.coinafrique.com/annonce/chiens/chiots-3191873","Chiots","Prix sur demande","Hann Bel-Air, Dakar, Sénégal","https://images.coinafrique.com/thumb_3442911_uploaded_image1_1637185024.jpg"
"1739056314-246","https://sn.coinafrique.com/categorie/chiens?page=7","Chiots","https://sn.coinafrique.com/annonce/chiens/chiots-3193468","Chiots","Prix sur demande","Hann Bel-Air, Dakar, Sénégal","https://images.coinafrique.com/thumb_3442911_uploaded_image1_1637185024.jpg"
"1739056317-247","https://sn.coinafrique.com/categorie/chiens?page=7","Chiot berger allemand","https://sn.coinafrique.com/annonce/chiens/chiot-berger-allemand-3193543","Chiot berger allemand","150 000 CFA","Dakar, Sénégal","https://images.coinafrique.com/thumb_5131922_uploaded_image1_1736729395.jpg"
"1739056320-248","https://sn.coinafrique.com/categorie/chiens?page=7","Chiots Rotweiller","https://sn.coinafrique.com/annonce/chiens/chiots-rotweiller-3199510","Chiots Rotweiller","Prix sur demande","Thies, Sénégal","https://images.coinafrique.com/thumb_4920593_uploaded_image1_1725147642.jpg"
"1739056325-249","https://sn.coinafrique.com/categorie/chiens?page=7","Caniche bichon","https://sn.coinafrique.com/annonce/chiens/caniche-bichon-3202334","Caniche bichon","200 000 CFA","Ouest Foire, Dakar, Sénégal","https://images.coinafrique.com/thumb_3202334_uploaded_image1_1625164146.jpg"
"1739056328-250","https://sn.coinafrique.com/categorie/chiens?page=7","Chiot Boerboel","https://sn.coinafrique.com/annonce/chiens/chiot-boerboel-3212861","Chiot Boerboel","450 000 CFA","Thies, Sénégal","https://images.coinafrique.com/thumb_3874975_uploaded_image1_1662997342.jpg"
"1739056331-251","https://sn.coinafrique.com/categorie/chiens?page=7","Chiot berger","https://sn.coinafrique.com/annonce/chiens/chiot-berger-3214802","Chiot berger","250 CFA","Sicap Liberté, Dakar, Sénégal","https://images.coinafrique.com/thumb_3742224_uploaded_image1_1655226051.jpg"
"1739056334-252","https://sn.coinafrique.com/categorie/chiens?page=7","Chiot Pitbull","https://sn.coinafrique.com/annonce/chiens/chiot-pitbull-3226832","Chiot Pitbull","Prix sur demande","Sicap Liberté, Dakar, Sénégal","https://images.coinafrique.com/thumb_5123496_uploaded_image1_1736258658.jpg"
"1739056340-253","https://sn.coinafrique.com/categorie/chiens?page=7","Chiot métisse pitbull - malinois","https://sn.coinafrique.com/annonce/chiens/chiot-metisse-pitbull-malinois-3236932","Chiot métisse pitbull - malinois","170 000 CFA","Parcelle Assainies, Dakar, Sénégal","https://images.coinafrique.com/thumb_3236932_uploaded_image1_1626721106.jpg"
"1739056343-254","https://sn.coinafrique.com/categorie/chiens?page=7","Chiot Alaskan Malamut","https://sn.coinafrique.com/annonce/chiens/chiot-alaskan-malamut-3241666","Chiot Alaskan Malamut","550 000 CFA","Dakar, Sénégal","https://images.coinafrique.com/thumb_3241666_uploaded_image1_1627044118.jpg"
"1739056345-255","https://sn.coinafrique.com/categorie/chiens?page=7","Chiot Labrador","https://sn.coinafrique.com/annonce/chiens/chiot-labrador-3241804","Chiot Labrador","10 000 CFA","Parcelle Assainies, Dakar, Sénégal","https://images.coinafrique.com/thumb_3241804_uploaded_image1_1627049158.jpg"
"1739056348-256","https://sn.coinafrique.com/categorie/chiens?page=7","Chiots malinois","https://sn.coinafrique.com/annonce/chiens/chiots-malinois-3241866","Chiots malinois","150 000 CFA","Mbao, Dakar, Sénégal","https://images.coinafrique.com/thumb_4894008_uploaded_image1_1723642785.jpg"
"1739056351-257","https://sn.coinafrique.com/categorie/chiens?page=7","Chiot","https://sn.coinafrique.com/annonce/chiens/chiot-3244351","Chiot","50 000 CFA","Dakar, Sénégal","https://images.coinafrique.com/thumb_5131922_uploaded_image1_1736729395.jpg"
"1739056353-258","https://sn.coinafrique.com/categorie/chiens?page=7","Chiot Labrador","https://sn.coinafrique.com/annonce/chiens/chiot-labrador-3247804","Chiot Labrador","Prix sur demande","Sicap Liberté, Dakar, Sénégal","https://images.coinafrique.com/thumb_3267297_uploaded_image1_1628319181.jpg"
"1739056356-259","https://sn.coinafrique.com/categorie/chiens?page=7","Chiot Labrador","https://sn.coinafrique.com/annonce/chiens/chiot-labrador-3252408","Chiot Labrador","Prix sur demande","Sicap Liberté, Dakar, Sénégal","https://images.coinafrique.com/thumb_3267297_uploaded_image1_1628319181.jpg"
"1739056359-260","https://sn.coinafrique.com/categorie/chiens?page=7","Chiot Labrador","https://sn.coinafrique.com/annonce/chiens/chiot-labrador-3267297","Chiot Labrador","Prix sur demande","Sicap Liberté, Dakar, Sénégal","https://images.coinafrique.com/thumb_3267297_uploaded_image1_1628319181.jpg"
"1739056361-261","https://sn.coinafrique.com/categorie/chiens?page=7","Chien berger allemand","https://sn.coinafrique.com/annonce/chiens/chien-berger-allemand-3270823","Chien berger allemand","130 000 CFA","Yoff, Dakar, Sénégal","https://images.coinafrique.com/thumb_3424026_uploaded_image3_1636184109.jpeg"
"1739056364-262","https://sn.coinafrique.com/categorie/chiens?page=7","Berger allemand","https://sn.coinafrique.com/annonce/chiens/berger-allemand-3275523","Berger allemand","250 000 CFA","Dakar, Sénégal","https://images.coinafrique.com/thumb_5131922_uploaded_image1_1736729395.jpg"
"1739056367-263","https://sn.coinafrique.com/categorie/chiens?page=7","Chiots berger allemand malinois","https://sn.coinafrique.com/annonce/chiens/chiots-berger-allemand-malinois-3277097","Chiots berger allemand malinois","100 000 CFA","Keur Massar, Sénégal","https://images.coinafrique.com/thumb_3277097_uploaded_image1_1628797153.jpg"
"1739056369-264","https://sn.coinafrique.com/categorie/chiens?page=7","Chiots Akita","https://sn.coinafrique.com/annonce/chiens/chiots-akita-3281423","Chiots Akita","450 000 CFA","Point E, Dakar, Sénégal","https://images.coinafrique.com/thumb_3281423_uploaded_image1_1629044957.jpg"
"1739056372-265","https://sn.coinafrique.com/categorie/chiens?page=7","Chiots bichon","https://sn.coinafrique.com/annonce/chiens/chiots-bichon-3285176","Chiots bichon","155 000 CFA","Sicap Liberté, Dakar, Sénégal","https://images.coinafrique.com/thumb_5085599_uploaded_image1_1733856381.jpg"
"1739056374-266","https://sn.coinafrique.com/categorie/chiens?page=7","Chien","https://sn.coinafrique.com/annonce/chiens/chien-3287244","Chien","200 000 CFA","Dakar, Sénégal","https://images.coinafrique.com/thumb_5124976_uploaded_image1_1736338081.jpg"
"1739056376-267","https://sn.coinafrique.com/categorie/chiens?page=7","Chiots Berger Allemand","https://sn.coinafrique.com/annonce/chiens/chiots-berger-allemand-3289564","Chiots Berger Allemand","135 000 CFA","Mbour, Sénégal","https://images.coinafrique.com/thumb_4779635_uploaded_image1_1717531124.jpg"
"1739056379-268","https://sn.coinafrique.com/categorie/chiens?page=7","Chiot Berger Allemand","https://sn.coinafrique.com/annonce/chiens/chiot-berger-allemand-3291944","Chiot Berger Allemand","100 000 CFA","Keur Massar, Sénégal","https://images.coinafrique.com/thumb_4888701_uploaded_image1_1723387152.jpg"
"1739056381-269","https://sn.coinafrique.com/categorie/chiens?page=7","Chiots Boerboels","https://sn.coinafrique.com/annonce/chiens/chiots-boerboels-3301357","Chiots Boerboels","450 000 CFA","Thies, Sénégal","https://images.coinafrique.com/thumb_3874975_uploaded_image1_1662997342.jpg"
"1739056384-270","https://sn.coinafrique.com/categorie/chiens?page=7","Chiots croisés husky golde","https://sn.coinafrique.com/annonce/chiens/chiots-croises-husky-golde-3303734","Chiots croisés husky golde","Prix sur demande","Thies, Sénégal","https://images.coinafrique.com/thumb_3303734_uploaded_image1_1630254579.jpg"
"1739056386-271","https://sn.coinafrique.com/categorie/chiens?page=7","Chiot bichon maltais","https://sn.coinafrique.com/annonce/chiens/chiot-bichon-maltais-3303737","Chiot bichon maltais","165 000 CFA","Sicap Liberté, Dakar, Sénégal","https://images.coinafrique.com/thumb_5085599_uploaded_image1_1733856381.jpg"
"1739056389-272","https://sn.coinafrique.com/categorie/chiens?page=7","Bichon maltais","https://sn.coinafrique.com/annonce/chiens/bichon-maltais-3304212","Bichon maltais","Prix sur demande","Almadies, Dakar, Sénégal","https://images.coinafrique.com/thumb_3412462_uploaded_image1_1635705551.jpg"
"1739056391-273","https://sn.coinafrique.com/categorie/chiens?page=7","Chiots","https://sn.coinafrique.com/annonce/chiens/chiots-3309512","Chiots","Prix sur demande","Thies, Sénégal","https://images.coinafrique.com/thumb_5151738_uploaded_image1_1737744308.jpg"
"1739056394-274","https://sn.coinafrique.com/categorie/chiens?page=7","Chiots","https://sn.coinafrique.com/annonce/chiens/chiots-3314578","Chiots","40 000 CFA","Dakar, Sénégal","https://images.coinafrique.com/thumb_5131922_uploaded_image1_1736729395.jpg"
"1739056396-275","https://sn.coinafrique.com/categorie/chiens?page=7","Chiots","https://sn.coinafrique.com/annonce/chiens/chiots-3317614","Chiots","40 000 CFA","Dakar, Sénégal","https://images.coinafrique.com/thumb_5131922_uploaded_image1_1736729395.jpg"
"1739056399-276","https://sn.coinafrique.com/categorie/chiens?page=7","Chiots malinois","https://sn.coinafrique.com/annonce/chiens/chiots-malinois-3328493","Chiots malinois","250 000 CFA","Fass, Dakar, Sénégal","https://images.coinafrique.com/thumb_3328493_uploaded_image1_1631307007.jpg"
"1739056401-277","https://sn.coinafrique.com/categorie/chiens?page=7","Chiots berger allemand","https://sn.coinafrique.com/annonce/chiens/chiots-berger-allemand-3328494","Chiots berger allemand","160 000 CFA","Fass, Dakar, Sénégal","https://images.coinafrique.com/thumb_3737750_uploaded_image1_1654966380.jpg"
"1739056404-278","https://sn.coinafrique.com/categorie/chiens?page=7","Chiots cane corso","https://sn.coinafrique.com/annonce/chiens/chiots-cane-corso-3328496","Chiots cane corso","400 000 CFA","Fass, Dakar, Sénégal","https://images.coinafrique.com/thumb_3627009_uploaded_image1_1648504752.jpg"
"1739056406-279","https://sn.coinafrique.com/categorie/chiens?page=7","Chien Pembroke Welch Corgi","https://sn.coinafrique.com/annonce/chiens/chien-pembroke-welch-corgi-3338430","Chien Pembroke Welch Corgi","Prix sur demande","Dakar, Sénégal","https://images.coinafrique.com/thumb_3338430_uploaded_image1_1631815367.jpg"
"1739056409-280","https://sn.coinafrique.com/categorie/chiens?page=7","Chien berger allemand","https://sn.coinafrique.com/annonce/chiens/chien-berger-allemand-3338576","Chien berger allemand","109 000 CFA","Dakar, Sénégal","https://images.coinafrique.com/thumb_4970950_uploaded_image1_1727800187.jpg"
"1739056411-281","https://sn.coinafrique.com/categorie/chiens?page=7","Chiots berger allemand  husky","https://sn.coinafrique.com/annonce/chiens/chiots-berger-allemand-husky-3344836","Chiots berger allemand  husky","120 000 CFA","Fass, Dakar, Sénégal","https://images.coinafrique.com/thumb_3344836_uploaded_image1_1632174475.jpg"
"1739056414-282","https://sn.coinafrique.com/categorie/chiens?page=7","Chiot","https://sn.coinafrique.com/annonce/chiens/chiot-3347884","Chiot","150 000 CFA","Parcelle Assainies, Dakar, Sénégal","https://images.coinafrique.com/thumb_4837526_uploaded_image1_1720683729.jpg"
"1739056416-283","https://sn.coinafrique.com/categorie/chiens?page=7","Chiots berger allemand","https://sn.coinafrique.com/annonce/chiens/chiots-berger-allemand-3348655","Chiots berger allemand","100 000 CFA","Hann Bel-Air, Dakar, Sénégal","https://images.coinafrique.com/thumb_3348655_uploaded_image1_1632345423.jpg"
"1739056419-284","https://sn.coinafrique.com/categorie/chiens?page=7","Chiot Bichon maltais","https://sn.coinafrique.com/annonce/chiens/chiot-bichon-maltais-3358891","Chiot Bichon maltais","300 000 CFA","Sicap Liberté, Dakar, Sénégal","https://images.coinafrique.com/thumb_5085599_uploaded_image1_1733856381.jpg"
"1739056421-285","https://sn.coinafrique.com/categorie/chiens?page=7","Chiots boerboels","https://sn.coinafrique.com/annonce/chiens/chiots-boerboels-3366238","Chiots boerboels","450 000 CFA","Thies, Sénégal","https://images.coinafrique.com/thumb_3874975_uploaded_image1_1662997342.jpg"
"1739056424-286","https://sn.coinafrique.com/categorie/chiens?page=7","Chien berger belge malinois","https://sn.coinafrique.com/annonce/chiens/chien-berger-belge-malinois-3366373","Chien berger belge malinois","300 000 CFA","Rufisque, Sénégal","https://images.coinafrique.com/thumb_3366373_uploaded_image1_1633299895.jpg"
"1739056426-287","https://sn.coinafrique.com/categorie/chiens?page=7","Chiot pitbull","https://sn.coinafrique.com/annonce/chiens/chiot-pitbull-3367797","Chiot pitbull","300 000 CFA","Rufisque, Sénégal","https://images.coinafrique.com/thumb_3367797_uploaded_image1_1633361188.jpg"
"1739056429-288","https://sn.coinafrique.com/categorie/chiens?page=7","Pitbull pur-sang","https://sn.coinafrique.com/annonce/chiens/pitbull-pur-sang-3368452","Pitbull pur-sang","150 000 CFA","Dakar, Sénégal","https://images.coinafrique.com/thumb_3368452_uploaded_image1_1633396286.jpg"
"1739056431-289","https://sn.coinafrique.com/categorie/chiens?page=7","Chiot berger allemand","https://sn.coinafrique.com/annonce/chiens/chiot-berger-allemand-3368938","Chiot berger allemand","150 000 CFA","Keur Massar, Sénégal","https://images.coinafrique.com/thumb_4888701_uploaded_image1_1723387152.jpg"
"1739056433-290","https://sn.coinafrique.com/categorie/chiens?page=7","Femelle berger","https://sn.coinafrique.com/annonce/chiens/femelle-berger-3376533","Femelle berger","220 CFA","Dakar, Sénégal","https://images.coinafrique.com/thumb_5131922_uploaded_image1_1736729395.jpg"
"1739056436-291","https://sn.coinafrique.com/categorie/chiens?page=7","Chiots berger allemand","https://sn.coinafrique.com/annonce/chiens/chiots-berger-allemand-3378644","Chiots berger allemand","175 CFA","Parcelle Assainies, Dakar, Sénégal","https://images.coinafrique.com/thumb_4837526_uploaded_image1_1720683729.jpg"
"1739056438-292","https://sn.coinafrique.com/categorie/chiens?page=7","Chiots berger allemand","https://sn.coinafrique.com/annonce/chiens/chiots-berger-allemand-3378709","Chiots berger allemand","175 CFA","Parcelle Assainies, Dakar, Sénégal","https://images.coinafrique.com/thumb_4837526_uploaded_image1_1720683729.jpg"
"1739056441-293","https://sn.coinafrique.com/categorie/chiens?page=7","Chiot labrador","https://sn.coinafrique.com/annonce/chiens/chiot-labrador-3384914","Chiot labrador","115 000 CFA","Point E, Dakar, Sénégal","https://images.coinafrique.com/thumb_3384914_uploaded_image1_1634172104.jpg"
"1739056443-294","https://sn.coinafrique.com/categorie/chiens?page=7","Chiot berger allemand pur-sang","https://sn.coinafrique.com/annonce/chiens/chiot-berger-allemand-pur-sang-3386631","Chiot berger allemand pur-sang","150 000 CFA","Dakar, Sénégal","https://images.coinafrique.com/thumb_4659440_uploaded_image1_1711400521.jpg"
"1739056446-295","https://sn.coinafrique.com/categorie/chiens?page=7","Chiot Shiba","https://sn.coinafrique.com/annonce/chiens/chiot-shiba-3391753","Chiot Shiba","12 000 000 CFA","Dakar, Sénégal","https://images.coinafrique.com/thumb_3391753_uploaded_image1_1634566270.jpg"
"1739056448-296","https://sn.coinafrique.com/categorie/chiens?page=7","Chiot Labrador","https://sn.coinafrique.com/annonce/chiens/chiot-labrador-3391757","Chiot Labrador","600 000 CFA","Dakar, Sénégal","https://images.coinafrique.com/thumb_4344699_uploaded_image1_1692644593.jpg"
"1739056451-297","https://sn.coinafrique.com/categorie/chiens?page=7","Chiot Cockers","https://sn.coinafrique.com/annonce/chiens/chiot-cockers-3392834","Chiot Cockers","300 000 CFA","Guediawaye, Dakar, Sénégal","https://images.coinafrique.com/thumb_3392834_uploaded_image1_1634634800.jpg"
"1739056458-298","https://sn.coinafrique.com/categorie/chiens?page=6","Chiots bergers allemands","https://sn.coinafrique.com/annonce/chiens/chiots-bergers-allemands-3401220","Chiots bergers allemands","175 000 CFA","Keur Massar, Sénégal","https://images.coinafrique.com/thumb_4888701_uploaded_image1_1723387152.jpg"
"1739056460-299","https://sn.coinafrique.com/categorie/chiens?page=6","Chiot Cairn Terrier","https://sn.coinafrique.com/annonce/chiens/chiot-cairn-terrier-3403879","Chiot Cairn Terrier","75 000 CFA","Mamelles, Dakar, Sénégal","https://images.coinafrique.com/thumb_3403879_uploaded_image1_1635228058.jpg"
"1739056463-300","https://sn.coinafrique.com/categorie/chiens?page=6","Chiot bichon","https://sn.coinafrique.com/annonce/chiens/chiot-bichon-3410404","Chiot bichon","170 000 CFA","Mermoz-Sacré Coeur, Dakar, Sénégal","https://images.coinafrique.com/thumb_4955373_uploaded_image1_1726948506.jpg"
"1739056465-301","https://sn.coinafrique.com/categorie/chiens?page=6","Chien bichon maltais mâle","https://sn.coinafrique.com/annonce/chiens/chien-bichon-maltais-male-3412462","Chien bichon maltais mâle","200 000 CFA","Almadies, Dakar, Sénégal",""
"1739056468-302","https://sn.coinafrique.com/categorie/chiens?page=6","Chiots","https://sn.coinafrique.com/annonce/chiens/chiots-3423235","Chiots","Prix sur demande","Yoff, Dakar, Sénégal","https://images.coinafrique.com/thumb_5159624_uploaded_image1_1738174976.jpg"
"1739056471-303","https://sn.coinafrique.com/categorie/chiens?page=6","Chiot","https://sn.coinafrique.com/annonce/chiens/chiot-3424026","Chiot","100 CFA","Yoff, Dakar, Sénégal","https://images.coinafrique.com/thumb_5159624_uploaded_image1_1738174976.jpg"
"1739056474-304","https://sn.coinafrique.com/categorie/chiens?page=6","Chien pitbull mâle","https://sn.coinafrique.com/annonce/chiens/chien-pitbull-male-3426533","Chien pitbull mâle","170 000 CFA","Dakar, Sénégal",""
"1739056476-305","https://sn.coinafrique.com/categorie/chiens?page=6","Chiot bichon maltais","https://sn.coinafrique.com/annonce/chiens/chiot-bichon-maltais-3428785","Chiot bichon maltais","Prix sur demande","Mbao, Dakar, Sénégal","https://images.coinafrique.com/thumb_5104979_uploaded_image2_1734994461.jpeg"
"1739056478-306","https://sn.coinafrique.com/categorie/chiens?page=6","Chiot pitbull","https://sn.coinafrique.com/annonce/chiens/chiot-pitbull-3442911","Chiot pitbull","250 000 CFA","Hann Bel-Air, Dakar, Sénégal","https://images.coinafrique.com/thumb_3442911_uploaded_image1_1637185024.jpg"
"1739056481-307","https://sn.coinafrique.com/categorie/chiens?page=6","Chien Husky Siberien","https://sn.coinafrique.com/annonce/chiens/chien-husky-siberien-3443479","Chien Husky Siberien","350 000 CFA","Dakar Plateau, Dakar, Sénégal","https://images.coinafrique.com/thumb_3443483_uploaded_image1_1637231939.jpg"
"1739056484-308","https://sn.coinafrique.com/categorie/chiens?page=6","Chien Husky Siberien","https://sn.coinafrique.com/annonce/chiens/chien-husky-siberien-3443483","Chien Husky Siberien","350 000 CFA","Dakar Plateau, Dakar, Sénégal","https://images.coinafrique.com/thumb_3443483_uploaded_image1_1637231939.jpg"
"1739056487-309","https://sn.coinafrique.com/categorie/chiens?page=6","Chiot labrador","https://sn.coinafrique.com/annonce/chiens/chiot-labrador-3449348","Chiot labrador","350 000 CFA","Guediawaye, Dakar, Sénégal","https://images.coinafrique.com/thumb_3756515_uploaded_image1_1656067446.jpg"
"1739056489-310","https://sn.coinafrique.com/categorie/chiens?page=6","Chiot Berger Allemand","https://sn.coinafrique.com/annonce/chiens/chiot-berger-allemand-3450883","Chiot Berger Allemand","130 000 CFA","Thies, Sénégal","https://images.coinafrique.com/thumb_4943304_uploaded_image1_1726252041.jpg"
"1739056492-311","https://sn.coinafrique.com/categorie/chiens?page=6","Chiot loup métissé","https://sn.coinafrique.com/annonce/chiens/chiot-loup-metisse-3459451","Chiot loup métissé","120 000 CFA","Keur Massar, Sénégal","https://images.coinafrique.com/thumb_3459451_uploaded_image1_1638229979.jpg"
"1739056495-312","https://sn.coinafrique.com/categorie/chiens?page=6","Chiot berger allemand","https://sn.coinafrique.com/annonce/chiens/chiot-berger-allemand-3460832","Chiot berger allemand","165 000 CFA","Cambérène, Dakar, Sénégal","https://images.coinafrique.com/thumb_4875998_uploaded_image1_1722728517.jpg"
"1739056498-313","https://sn.coinafrique.com/categorie/chiens?page=6","Chien Pittbull","https://sn.coinafrique.com/annonce/chiens/chien-pittbull-3474335","Chien Pittbull","350 000 CFA","Dakar Plateau, Dakar, Sénégal","https://images.coinafrique.com/thumb_3474335_uploaded_image1_1638955282.jpg"
"1739056500-314","https://sn.coinafrique.com/categorie/chiens?page=6","Chien Husky","https://sn.coinafrique.com/annonce/chiens/chien-husky-3474340","Chien Husky","400 000 CFA","Dakar Plateau, Dakar, Sénégal","https://images.coinafrique.com/thumb_3474340_uploaded_image1_1638955416.jpg"
"1739056503-315","https://sn.coinafrique.com/categorie/chiens?page=6","Chiot bichons maltais","https://sn.coinafrique.com/annonce/chiens/chiot-bichons-maltais-3480182","Chiot bichons maltais","Prix sur demande","Mbao, Dakar, Sénégal","https://images.coinafrique.com/thumb_5104979_uploaded_image2_1734994461.jpeg"
"1739056507-316","https://sn.coinafrique.com/categorie/chiens?page=6","Chien","https://sn.coinafrique.com/annonce/chiens/chien-3480830","Chien","350 000 CFA","Sicap Liberté, Dakar, Sénégal","https://images.coinafrique.com/thumb_4919921_uploaded_image1_1725115686.jpg"
"1739056510-317","https://sn.coinafrique.com/categorie/chiens?page=6","Chiots Carlin","https://sn.coinafrique.com/annonce/chiens/chiots-carlin-3482498","Chiots Carlin","Prix sur demande","Fann-Point E-Amitié, Dakar, Sénégal","https://images.coinafrique.com/thumb_4056315_uploaded_image1_1674120801.jpg"
"1739056512-318","https://sn.coinafrique.com/categorie/chiens?page=6","Chiot Caniche","https://sn.coinafrique.com/annonce/chiens/chiot-caniche-3486056","Chiot Caniche","250 000 CFA","Grand Yoff, Dakar, Sénégal","https://images.coinafrique.com/thumb_4404913_uploaded_image1_1696555140.jpg"
"1739056515-319","https://sn.coinafrique.com/categorie/chiens?page=6","Chiots labrador mâle","https://sn.coinafrique.com/annonce/chiens/chiots-labrador-male-3489190","Chiots labrador mâle","260 000 CFA","Guediawaye, Dakar, Sénégal",""
"1739056518-320","https://sn.coinafrique.com/categorie/chiens?page=6","Chiots Bichons maltais","https://sn.coinafrique.com/annonce/chiens/chiots-bichons-maltais-3489697","Chiots Bichons maltais","Prix sur demande","Mbao, Dakar, Sénégal","https://images.coinafrique.com/thumb_5104979_uploaded_image2_1734994461.jpeg"
"1739056520-321","https://sn.coinafrique.com/categorie/chiens?page=6","Chiots Doberman","https://sn.coinafrique.com/annonce/chiens/chiots-doberman-3495193","Chiots Doberman","Prix sur demande","Fann-Point E-Amitié, Dakar, Sénégal","https://images.coinafrique.com/thumb_3495193_uploaded_image1_1640255635.jpg"
"1739056523-322","https://sn.coinafrique.com/categorie/chiens?page=6","Chiots Pékinois","https://sn.coinafrique.com/annonce/chiens/chiots-pekinois-3498824","Chiots Pékinois","Prix sur demande","Fann-Point E-Amitié, Dakar, Sénégal","https://images.coinafrique.com/thumb_3498824_uploaded_image1_1640602505.jpg"
"1739056525-323","https://sn.coinafrique.com/categorie/chiens?page=6","Chiot bichon maltais","https://sn.coinafrique.com/annonce/chiens/chiot-bichon-maltais-3499830","Chiot bichon maltais","Prix sur demande","Mbao, Dakar, Sénégal","https://images.coinafrique.com/thumb_5104979_uploaded_image2_1734994461.jpeg"
"1739056528-324","https://sn.coinafrique.com/categorie/chiens?page=6","Chien Pitbull","https://sn.coinafrique.com/annonce/chiens/chien-pitbull-3507395","Chien Pitbull","130 000 CFA","Dakar, Sénégal","https://images.coinafrique.com/thumb_3532010_uploaded_image1_1642671792.jpg"
"1739056531-325","https://sn.coinafrique.com/categorie/chiens?page=6","Chiot Rottweiler","https://sn.coinafrique.com/annonce/chiens/chiot-rottweiler-3508376","Chiot Rottweiler","200 000 CFA","Keur Massar, Sénégal","https://images.coinafrique.com/thumb_3508376_uploaded_image1_1641305550.jpg"
"1739056533-326","https://sn.coinafrique.com/categorie/chiens?page=6","Chiots","https://sn.coinafrique.com/annonce/chiens/chiots-3508870","Chiots","150 000 CFA","Mbour, Sénégal","https://images.coinafrique.com/thumb_4997477_uploaded_image1_1729105958.jpg"
"1739056535-327","https://sn.coinafrique.com/categorie/chiens?page=6","Chiots caniches","https://sn.coinafrique.com/annonce/chiens/chiots-caniches-3509769","Chiots caniches","200 000 CFA","Dakar, Sénégal","https://images.coinafrique.com/thumb_4117078_uploaded_image1_1677779647.jpg"
"1739056538-328","https://sn.coinafrique.com/categorie/chiens?page=6","Chien","https://sn.coinafrique.com/annonce/chiens/chien-3512030","Chien","Prix sur demande","Rufisque, Sénégal","https://images.coinafrique.com/thumb_4679501_uploaded_image1_1712415418.jpg"
"1739056540-329","https://sn.coinafrique.com/categorie/chiens?page=6","Husky blanc sibérie","https://sn.coinafrique.com/annonce/chiens/husky-blanc-siberie-3515349","Husky blanc sibérie","600 000 CFA","Dakar Plateau, Dakar, Sénégal","https://images.coinafrique.com/thumb_3515349_uploaded_image1_1641650640.jpg"
"1739056543-330","https://sn.coinafrique.com/categorie/chiens?page=6","Chiots Bichons Maltais","https://sn.coinafrique.com/annonce/chiens/chiots-bichons-maltais-3518812","Chiots Bichons Maltais","Prix sur demande","Mbao, Dakar, Sénégal","https://images.coinafrique.com/thumb_5104979_uploaded_image2_1734994461.jpeg"
"1739056546-331","https://sn.coinafrique.com/categorie/chiens?page=6","Pitbull","https://sn.coinafrique.com/annonce/chiens/pitbull-3523897","Pitbull","150 000 CFA","Guediawaye, Dakar, Sénégal","https://images.coinafrique.com/thumb_4180447_uploaded_image1_1681745968.jpg"
"1739056549-332","https://sn.coinafrique.com/categorie/chiens?page=6","Chiots Samoyede","https://sn.coinafrique.com/annonce/chiens/chiots-samoyede-3523984","Chiots Samoyede","Prix sur demande","Fann-Point E-Amitié, Dakar, Sénégal","https://images.coinafrique.com/thumb_3799036_uploaded_image1_1658767159.jpg"
"1739056554-333","https://sn.coinafrique.com/categorie/chiens?page=6","Chien malinois","https://sn.coinafrique.com/annonce/chiens/chien-malinois-3526946","Chien malinois","200 000 CFA","Sicap Liberté, Dakar, Sénégal","https://images.coinafrique.com/thumb_3526946_uploaded_image1_1642346487.jpg"
"1739056556-334","https://sn.coinafrique.com/categorie/chiens?page=6","Chiot Bulldog Français","https://sn.coinafrique.com/annonce/chiens/chiot-bulldog-francais-3526979","Chiot Bulldog Français","Prix sur demande","Point E, Dakar, Sénégal","https://images.coinafrique.com/thumb_3526979_uploaded_image1_1642348631.jpg"
"1739056559-335","https://sn.coinafrique.com/categorie/chiens?page=6","Chiots malinois","https://sn.coinafrique.com/annonce/chiens/chiots-malinois-3528607","Chiots malinois","Prix sur demande","Rufisque, Sénégal","https://images.coinafrique.com/thumb_3586169_uploaded_image1_1646072311.jpg"
"1739056562-336","https://sn.coinafrique.com/categorie/chiens?page=6","Chien Pitbull mâle","https://sn.coinafrique.com/annonce/chiens/chien-pitbull-male-3532010","Chien Pitbull mâle","110 000 CFA","Dakar, Sénégal",""
"1739056566-337","https://sn.coinafrique.com/categorie/chiens?page=6","Dalmatien","https://sn.coinafrique.com/annonce/chiens/dalmatien-3535198","Dalmatien","500 000 CFA","Cambérène, Dakar, Sénégal","https://images.coinafrique.com/thumb_3535198_uploaded_image2_1642854976.jpeg"
"1739056568-338","https://sn.coinafrique.com/categorie/chiens?page=6","Chiot Amstaff","https://sn.coinafrique.com/annonce/chiens/chiot-amstaff-3538182","Chiot Amstaff","150 000 CFA","Mamelles, Dakar, Sénégal","https://images.coinafrique.com/thumb_3538182_uploaded_image1_1643104371.jpg"
"1739056571-339","https://sn.coinafrique.com/categorie/chiens?page=6","Chien Dogue Allemand croisé Berger","https://sn.coinafrique.com/annonce/chiens/chien-dogue-allemand-croise-berger-3538695","Chien Dogue Allemand croisé Berger","150 000 CFA","Dakar Plateau, Dakar, Sénégal","https://images.coinafrique.com/thumb_3538695_uploaded_image1_1643123090.jpg"
"1739056573-340","https://sn.coinafrique.com/categorie/chiens?page=6","Chiot Caniche","https://sn.coinafrique.com/annonce/chiens/chiot-caniche-3539780","Chiot Caniche","200 000 CFA","Guediawaye, Dakar, Sénégal","https://images.coinafrique.com/thumb_3539780_uploaded_image1_1643199203.jpg"
"1739056576-341","https://sn.coinafrique.com/categorie/chiens?page=6","Chiots berger allemand","https://sn.coinafrique.com/annonce/chiens/chiots-berger-allemand-3542781","Chiots berger allemand","Prix sur demande","Mbao, Dakar, Sénégal","https://images.coinafrique.com/thumb_5040967_uploaded_image1_1731453566.jpg"
"1739056579-342","https://sn.coinafrique.com/categorie/chiens?page=6","Chien","https://sn.coinafrique.com/annonce/chiens/chien-3554069","Chien","Prix sur demande","Saint Louis, Sénégal","https://images.coinafrique.com/thumb_3554069_uploaded_image1_1643979741.jpg"
"1739056582-343","https://sn.coinafrique.com/categorie/chiens?page=6","Femelle pitt","https://sn.coinafrique.com/annonce/chiens/femelle-pitt-3555055","Femelle pitt","130 000 CFA","Saint Louis, Sénégal","https://images.coinafrique.com/thumb_3555055_uploaded_image1_1644018829.jpg"
"1739056585-344","https://sn.coinafrique.com/categorie/chiens?page=6","Chien Rottweiler","https://sn.coinafrique.com/annonce/chiens/chien-rottweiler-3559497","Chien Rottweiler","200 000 CFA","Dakar Plateau, Dakar, Sénégal","https://images.coinafrique.com/thumb_3559497_uploaded_image1_1644342610.jpg"
"1739056587-345","https://sn.coinafrique.com/categorie/chiens?page=6","Chiots malinois","https://sn.coinafrique.com/annonce/chiens/chiots-malinois-3560042","Chiots malinois","150 000 CFA","Almadies, Dakar, Sénégal","https://images.coinafrique.com/thumb_4885713_uploaded_image1_1723206642.jpg"
"1739056590-346","https://sn.coinafrique.com/categorie/chiens?page=6","Caniches","https://sn.coinafrique.com/annonce/chiens/caniches-3564716","Caniches","200 000 CFA","Yoff, Dakar, Sénégal","https://images.coinafrique.com/thumb_3564716_uploaded_image1_1644653719.jpg"
"1739056593-347","https://sn.coinafrique.com/categorie/chiens?page=6","Chien Husky Berger","https://sn.coinafrique.com/annonce/chiens/chien-husky-berger-3567601","Chien Husky Berger","200 000 CFA","Mermoz-Sacré Coeur, Dakar, Sénégal","https://images.coinafrique.com/thumb_3567601_uploaded_image1_1644861792.jpg"
"1739056596-348","https://sn.coinafrique.com/categorie/chiens?page=6","Caniche","https://sn.coinafrique.com/annonce/chiens/caniche-3576029","Caniche","200 000 CFA","Mermoz-Sacré Coeur, Dakar, Sénégal","https://images.coinafrique.com/thumb_4330813_uploaded_image1_1691723836.jpg"
"1739056599-349","https://sn.coinafrique.com/categorie/chiens?page=6","Berger allemand","https://sn.coinafrique.com/annonce/chiens/berger-allemand-3580502","Berger allemand","400 000 CFA","Keur Massar, Sénégal","https://images.coinafrique.com/thumb_4888701_uploaded_image1_1723387152.jpg"
"1739056602-350","https://sn.coinafrique.com/categorie/chiens?page=6","Chiots Berger Malinois","https://sn.coinafrique.com/annonce/chiens/chiots-berger-malinois-3586169","Chiots Berger Malinois","Prix sur demande","Rufisque, Sénégal","https://images.coinafrique.com/thumb_3586169_uploaded_image1_1646072311.jpg"
"1739056605-351","https://sn.coinafrique.com/categorie/chiens?page=6","Berger allemand femelle","https://sn.coinafrique.com/annonce/chiens/berger-allemand-femelle-3588708","Berger allemand femelle","80 000 CFA","Dakar, Sénégal","https://images.coinafrique.com/thumb_5131922_uploaded_image1_1736729395.jpg"
"1739056610-352","https://sn.coinafrique.com/categorie/chiens?page=6","Chiots croisés","https://sn.coinafrique.com/annonce/chiens/chiots-croises-3590682","Chiots croisés","150 000 CFA","Sicap Liberté, Dakar, Sénégal","https://images.coinafrique.com/thumb_3590682_uploaded_image1_1646255754.jpg"
"1739056613-353","https://sn.coinafrique.com/categorie/chiens?page=6","Chiot mâle Pitbull","https://sn.coinafrique.com/annonce/chiens/chiot-male-pitbull-3596319","Chiot mâle Pitbull","120 000 CFA","Saint Louis, Sénégal","https://images.coinafrique.com/thumb_3596319_uploaded_image1_1646581647.jpg"
"1739056617-354","https://sn.coinafrique.com/categorie/chiens?page=6","Chiot Berger Allemand","https://sn.coinafrique.com/annonce/chiens/chiot-berger-allemand-3603083","Chiot Berger Allemand","135 000 CFA","Fass, Dakar, Sénégal","https://images.coinafrique.com/thumb_3737750_uploaded_image1_1654966380.jpg"
"1739056621-355","https://sn.coinafrique.com/categorie/chiens?page=6","Chiot Husky","https://sn.coinafrique.com/annonce/chiens/chiot-husky-3603086","Chiot Husky","600 000 CFA","Fass, Dakar, Sénégal","https://images.coinafrique.com/thumb_3603086_uploaded_image1_1646937069.jpg"
"1739056623-356","https://sn.coinafrique.com/categorie/chiens?page=6","Chiots bergers allemands","https://sn.coinafrique.com/annonce/chiens/chiots-bergers-allemands-3605422","Chiots bergers allemands","170 000 CFA","Keur Massar, Sénégal","https://images.coinafrique.com/thumb_4888701_uploaded_image1_1723387152.jpg"
"1739056626-357","https://sn.coinafrique.com/categorie/chiens?page=6","Chien Bichon Maltais","https://sn.coinafrique.com/annonce/chiens/chien-bichon-maltais-3605748","Chien Bichon Maltais","250 000 CFA","Ouest Foire, Dakar, Sénégal","https://images.coinafrique.com/thumb_3605748_uploaded_image1_1647097502.jpg"
"1739056628-358","https://sn.coinafrique.com/categorie/chiens?page=6","Chien","https://sn.coinafrique.com/annonce/chiens/chien-3606222","Chien","150 000 CFA","Ouest Foire, Dakar, Sénégal","https://images.coinafrique.com/thumb_4814513_uploaded_image1_1719531765.jpg"
"1739056632-359","https://sn.coinafrique.com/categorie/chiens?page=6","Bichon Maltais","https://sn.coinafrique.com/annonce/chiens/bichon-maltais-3609624","Bichon Maltais","200 000 CFA","Hann Bel-Air, Dakar, Sénégal","https://images.coinafrique.com/thumb_3609624_uploaded_image1_1647349943.jpg"
"1739056635-360","https://sn.coinafrique.com/categorie/chiens?page=6","Chiot femelle","https://sn.coinafrique.com/annonce/chiens/chiot-femelle-3620121","Chiot femelle","80 000 CFA","Thies, Sénégal","https://images.coinafrique.com/thumb_4893046_uploaded_image1_1723590343.jpg"
"1739056637-361","https://sn.coinafrique.com/categorie/chiens?page=6","Chiot Berger","https://sn.coinafrique.com/annonce/chiens/chiot-berger-3620132","Chiot Berger","150 000 CFA","Thies, Sénégal","https://images.coinafrique.com/thumb_5151738_uploaded_image1_1737744308.jpg"
"1739056640-362","https://sn.coinafrique.com/categorie/chiens?page=6","Chiot dog allemand","https://sn.coinafrique.com/annonce/chiens/chiot-dog-allemand-3627007","Chiot dog allemand","650 000 CFA","Fass, Dakar, Sénégal","https://images.coinafrique.com/thumb_3627007_uploaded_image1_1648504683.jpg"
"1739056644-363","https://sn.coinafrique.com/categorie/chiens?page=6","Chiots cane corso","https://sn.coinafrique.com/annonce/chiens/chiots-cane-corso-3627009","Chiots cane corso","650 000 CFA","Fass, Dakar, Sénégal","https://images.coinafrique.com/thumb_3627009_uploaded_image1_1648504752.jpg"
"1739056647-364","https://sn.coinafrique.com/categorie/chiens?page=6","Berger Malinois","https://sn.coinafrique.com/annonce/chiens/berger-malinois-3641088","Berger Malinois","250 000 CFA","Almadies, Dakar, Sénégal","https://images.coinafrique.com/thumb_4885713_uploaded_image1_1723206642.jpg"
"1739056649-365","https://sn.coinafrique.com/categorie/chiens?page=6","Chiots Bichon","https://sn.coinafrique.com/annonce/chiens/chiots-bichon-3643080","Chiots Bichon","400 000 CFA","Saly, Sénégal","https://images.coinafrique.com/thumb_3643086_uploaded_image1_1649338352.jpg"
"1739056651-366","https://sn.coinafrique.com/categorie/chiens?page=6","Chiots Bichon","https://sn.coinafrique.com/annonce/chiens/chiots-bichon-3643086","Chiots Bichon","400 000 CFA","Saly, Sénégal","https://images.coinafrique.com/thumb_3643086_uploaded_image1_1649338352.jpg"
"1739056655-367","https://sn.coinafrique.com/categorie/chiens?page=6","Chien malinois belge","https://sn.coinafrique.com/annonce/chiens/chien-malinois-belge-3651393","Chien malinois belge","400 000 CFA","Almadies, Dakar, Sénégal","https://images.coinafrique.com/thumb_3651393_uploaded_image1_1649830979.jpg"
"1739056660-368","https://sn.coinafrique.com/categorie/chiens?page=6","Chiots Berger Allemand","https://sn.coinafrique.com/annonce/chiens/chiots-berger-allemand-3671351","Chiots Berger Allemand","180 000 CFA","Mariste, Dakar, Sénégal","https://images.coinafrique.com/thumb_3671351_uploaded_image1_1651056079.jpg"
"1739056663-369","https://sn.coinafrique.com/categorie/chiens?page=6","Chiots Bergers Allemands","https://sn.coinafrique.com/annonce/chiens/chiots-bergers-allemands-3672231","Chiots Bergers Allemands","165 000 CFA","Dakar, Sénégal","https://images.coinafrique.com/thumb_5131922_uploaded_image1_1736729395.jpg"
"1739056666-370","https://sn.coinafrique.com/categorie/chiens?page=6","Bichons","https://sn.coinafrique.com/annonce/chiens/bichons-3674870","Bichons","300 000 CFA","Mermoz-Sacré Coeur, Dakar, Sénégal","https://images.coinafrique.com/thumb_4955373_uploaded_image1_1726948506.jpg"
"1739056668-371","https://sn.coinafrique.com/categorie/chiens?page=6","Chiots","https://sn.coinafrique.com/annonce/chiens/chiots-3674879","Chiots","350 000 CFA","Mermoz-Sacré Coeur, Dakar, Sénégal","https://images.coinafrique.com/thumb_4955373_uploaded_image1_1726948506.jpg"
"1739056671-372","https://sn.coinafrique.com/categorie/chiens?page=6","Chien Boerbull","https://sn.coinafrique.com/annonce/chiens/chien-boerbull-3675601","Chien Boerbull","350 000 CFA","Rufisque, Sénégal","https://images.coinafrique.com/thumb_3675601_uploaded_image1_1651344929.jpg"
"1739056673-373","https://sn.coinafrique.com/categorie/chiens?page=6","Chiot Pittbull","https://sn.coinafrique.com/annonce/chiens/chiot-pittbull-3675795","Chiot Pittbull","Prix sur demande","Sicap Liberté, Dakar, Sénégal","https://images.coinafrique.com/thumb_5123496_uploaded_image1_1736258658.jpg"
"1739056675-374","https://sn.coinafrique.com/categorie/chiens?page=6","Chiots Berger Allemand","https://sn.coinafrique.com/annonce/chiens/chiots-berger-allemand-3676669","Chiots Berger Allemand","150 000 CFA","Dakar, Sénégal","https://images.coinafrique.com/thumb_5131922_uploaded_image1_1736729395.jpg"
"1739056678-375","https://sn.coinafrique.com/categorie/chiens?page=6","Chiot Caniche bichon","https://sn.coinafrique.com/annonce/chiens/chiot-caniche-bichon-3680927","Chiot Caniche bichon","300 000 CFA","Gueule Tapée, Dakar, Sénégal","https://images.coinafrique.com/thumb_3680927_uploaded_image1_1651687101.jpg"
"1739056680-376","https://sn.coinafrique.com/categorie/chiens?page=6","Chiots Chowsky","https://sn.coinafrique.com/annonce/chiens/chiots-chowsky-3685884","Chiots Chowsky","600 000 CFA","Dakar, Sénégal","https://images.coinafrique.com/thumb_3685884_uploaded_image1_1651951280.jpg"
"1739056683-377","https://sn.coinafrique.com/categorie/chiens?page=6","Chiots Labradors","https://sn.coinafrique.com/annonce/chiens/chiots-labradors-3696528","Chiots Labradors","65 000 CFA","Grand Dakar, Dakar, Sénégal","https://images.coinafrique.com/thumb_3696528_uploaded_image1_1652568034.jpg"
"1739056686-378","https://sn.coinafrique.com/categorie/chiens?page=6","Rottweiler royal  femelle","https://sn.coinafrique.com/annonce/chiens/rottweiler-royal-femelle-3696751","Rottweiler royal  femelle","350 000 CFA","Toubab Dialao, Sénégal","https://images.coinafrique.com/thumb_3696751_uploaded_image1_1652605169.jpg"
"1739056688-379","https://sn.coinafrique.com/categorie/chiens?page=6","Chiot bergers allemands","https://sn.coinafrique.com/annonce/chiens/chiot-bergers-allemands-3698110","Chiot bergers allemands","250 000 CFA","Thies, Sénégal","https://images.coinafrique.com/thumb_4943304_uploaded_image1_1726252041.jpg"
"1739056691-380","https://sn.coinafrique.com/categorie/chiens?page=6","Bichon malte","https://sn.coinafrique.com/annonce/chiens/bichon-malte-3701821","Bichon malte","95 000 CFA","Sicap Liberté, Dakar, Sénégal","https://images.coinafrique.com/thumb_3701821_uploaded_image1_1652903283.jpg"
"1739056694-381","https://sn.coinafrique.com/categorie/chiens?page=6","Chien Pitbull","https://sn.coinafrique.com/annonce/chiens/chien-pitbull-3702631","Chien Pitbull","500 000 CFA","Pout, Sénégal","https://images.coinafrique.com/thumb_3702631_uploaded_image1_1652963572.jpg"
"1739056702-382","https://sn.coinafrique.com/categorie/chiens?page=5","Chiot malinois","https://sn.coinafrique.com/annonce/chiens/chiot-malinois-3712064","Chiot malinois","Prix sur demande","Mbour, Sénégal","https://images.coinafrique.com/thumb_4997477_uploaded_image1_1729105958.jpg"
"1739056704-383","https://sn.coinafrique.com/categorie/chiens?page=5","Chiot berger allemand","https://sn.coinafrique.com/annonce/chiens/chiot-berger-allemand-3715300","Chiot berger allemand","165 000 CFA","Fass, Dakar, Sénégal","https://images.coinafrique.com/thumb_3737750_uploaded_image1_1654966380.jpg"
"1739056707-384","https://sn.coinafrique.com/categorie/chiens?page=5","Chien malinois","https://sn.coinafrique.com/annonce/chiens/chien-malinois-3722963","Chien malinois","200 000 CFA","HLM, Dakar, Sénégal","https://images.coinafrique.com/thumb_3722963_uploaded_image1_1654171360.jpg"
"1739056709-385","https://sn.coinafrique.com/categorie/chiens?page=5","Chiot Spitz","https://sn.coinafrique.com/annonce/chiens/chiot-spitz-3734409","Chiot Spitz","Prix sur demande","Fann-Point E-Amitié, Dakar, Sénégal","https://images.coinafrique.com/thumb_4105901_uploaded_image1_1677094228.jpg"
"1739056712-386","https://sn.coinafrique.com/categorie/chiens?page=5","Chiots Bergers Allemands","https://sn.coinafrique.com/annonce/chiens/chiots-bergers-allemands-3737750","Chiots Bergers Allemands","150 000 CFA","Fass, Dakar, Sénégal","https://images.coinafrique.com/thumb_3737750_uploaded_image1_1654966380.jpg"
"1739056715-387","https://sn.coinafrique.com/categorie/chiens?page=5","Bulldog français","https://sn.coinafrique.com/annonce/chiens/bulldog-francais-3740584","Bulldog français","Prix sur demande","Fann-Point E-Amitié, Dakar, Sénégal","https://images.coinafrique.com/thumb_4056315_uploaded_image1_1674120801.jpg"
"1739056718-388","https://sn.coinafrique.com/categorie/chiens?page=5","Yorkshire toy terrier","https://sn.coinafrique.com/annonce/chiens/yorkshire-toy-terrier-3740585","Yorkshire toy terrier","Prix sur demande","Fann-Point E-Amitié, Dakar, Sénégal","https://images.coinafrique.com/thumb_3740585_uploaded_image1_1655145883.jpg"
"1739056721-389","https://sn.coinafrique.com/categorie/chiens?page=5","Chiuawa toy","https://sn.coinafrique.com/annonce/chiens/chiuawa-toy-3740587","Chiuawa toy","Prix sur demande","Fann-Point E-Amitié, Dakar, Sénégal","https://images.coinafrique.com/thumb_3740587_uploaded_image1_1655145956.jpg"
"1739056723-390","https://sn.coinafrique.com/categorie/chiens?page=5","Chiot Pittbull","https://sn.coinafrique.com/annonce/chiens/chiot-pittbull-3742171","Chiot Pittbull","Prix sur demande","Sicap Liberté, Dakar, Sénégal","https://images.coinafrique.com/thumb_5123496_uploaded_image1_1736258658.jpg"
"1739056726-391","https://sn.coinafrique.com/categorie/chiens?page=5","Chiots Pittbull","https://sn.coinafrique.com/annonce/chiens/chiots-pittbull-3742224","Chiots Pittbull","Prix sur demande","Sicap Liberté, Dakar, Sénégal","https://images.coinafrique.com/thumb_5123496_uploaded_image1_1736258658.jpg"
"1739056728-392","https://sn.coinafrique.com/categorie/chiens?page=5","Caniche Bichon","https://sn.coinafrique.com/annonce/chiens/caniche-bichon-3745475","Caniche Bichon","275 000 CFA","Gueule Tapée, Dakar, Sénégal","https://images.coinafrique.com/thumb_3745475_uploaded_image1_1655394522.jpg"
"1739056731-393","https://sn.coinafrique.com/categorie/chiens?page=5","Chiot Labrador","https://sn.coinafrique.com/annonce/chiens/chiot-labrador-3756515","Chiot Labrador","350 000 CFA","Guediawaye, Dakar, Sénégal","https://images.coinafrique.com/thumb_3756515_uploaded_image1_1656067446.jpg"
"1739056733-394","https://sn.coinafrique.com/categorie/chiens?page=5","Chiots Boerboel","https://sn.coinafrique.com/annonce/chiens/chiots-boerboel-3757511","Chiots Boerboel","Prix sur demande","Dakar, Sénégal","https://images.coinafrique.com/thumb_4951796_uploaded_image1_1726751862.jpg"
"1739056736-395","https://sn.coinafrique.com/categorie/chiens?page=5","Husky de Sibérie","https://sn.coinafrique.com/annonce/chiens/husky-de-siberie-3760923","Husky de Sibérie","350 000 CFA","Mboro, Sénégal","https://images.coinafrique.com/thumb_3760923_uploaded_image1_1656352716.jpg"
"1739056738-396","https://sn.coinafrique.com/categorie/chiens?page=5","Chiots métissés berger allemand","https://sn.coinafrique.com/annonce/chiens/chiots-metisses-berger-allemand-3763206","Chiots métissés berger allemand","300 000 CFA","Mbour, Sénégal","https://images.coinafrique.com/thumb_3763206_uploaded_image1_1656503598.jpg"
"1739056741-397","https://sn.coinafrique.com/categorie/chiens?page=5","Chiot","https://sn.coinafrique.com/annonce/chiens/chiot-3764064","Chiot","Prix sur demande","Dakar, Sénégal","https://images.coinafrique.com/thumb_5131922_uploaded_image1_1736729395.jpg"
"1739056743-398","https://sn.coinafrique.com/categorie/chiens?page=5","Chiot pitbull","https://sn.coinafrique.com/annonce/chiens/chiot-pitbull-3765560","Chiot pitbull","125 000 CFA","Mariste, Dakar, Sénégal","https://images.coinafrique.com/thumb_3765560_uploaded_image1_1656635723.jpg"
"1739056746-399","https://sn.coinafrique.com/categorie/chiens?page=5","Chiot bichon maltais","https://sn.coinafrique.com/annonce/chiens/chiot-bichon-maltais-3778149","Chiot bichon maltais","150 000 CFA","Gueule Tapée, Dakar, Sénégal","https://images.coinafrique.com/thumb_3778149_uploaded_image1_1657302373.jpg"
"1739056749-400","https://sn.coinafrique.com/categorie/chiens?page=5","Pitbull","https://sn.coinafrique.com/annonce/chiens/pitbull-3782217","Pitbull","200 000 CFA","Mbao, Dakar, Sénégal","https://images.coinafrique.com/thumb_3782217_uploaded_image1_1657654646.jpg"
"1739056752-401","https://sn.coinafrique.com/categorie/chiens?page=5","Pit Bull","https://sn.coinafrique.com/annonce/chiens/pit-bull-3783830","Pit Bull","200 000 CFA","Mbao, Dakar, Sénégal","https://images.coinafrique.com/thumb_3807116_uploaded_image1_1659270891.jpg"
"1739056756-402","https://sn.coinafrique.com/categorie/chiens?page=5","Chiots bulldog français","https://sn.coinafrique.com/annonce/chiens/chiots-bulldog-francais-3788228","Chiots bulldog français","700 000 CFA","Mermoz-Sacré Coeur, Dakar, Sénégal","https://images.coinafrique.com/thumb_3788228_uploaded_image1_1658070642.jpg"
"1739056758-403","https://sn.coinafrique.com/categorie/chiens?page=5","Chiots","https://sn.coinafrique.com/annonce/chiens/chiots-3795668","Chiots","200 000 CFA","Dakar, Sénégal","https://images.coinafrique.com/thumb_5131922_uploaded_image1_1736729395.jpg"
"1739056761-404","https://sn.coinafrique.com/categorie/chiens?page=5","Chiens","https://sn.coinafrique.com/annonce/chiens/chiens-3796612","Chiens","100 000 CFA","Dakar, Sénégal","https://images.coinafrique.com/thumb_5124976_uploaded_image1_1736338081.jpg"
"1739056763-405","https://sn.coinafrique.com/categorie/chiens?page=5","Chiots métisses","https://sn.coinafrique.com/annonce/chiens/chiots-metisses-3796617","Chiots métisses","100 000 CFA","Dakar, Sénégal","https://images.coinafrique.com/thumb_3798734_uploaded_image1_1658755588.jpg"
"1739056766-406","https://sn.coinafrique.com/categorie/chiens?page=5","Chiot","https://sn.coinafrique.com/annonce/chiens/chiot-3798734","Chiot","100 000 CFA","Dakar, Sénégal","https://images.coinafrique.com/thumb_5131922_uploaded_image1_1736729395.jpg"
"1739056768-407","https://sn.coinafrique.com/categorie/chiens?page=5","Chiot Samoyede","https://sn.coinafrique.com/annonce/chiens/chiot-samoyede-3799036","Chiot Samoyede","Prix sur demande","Fann-Point E-Amitié, Dakar, Sénégal","https://images.coinafrique.com/thumb_3799036_uploaded_image1_1658767159.jpg"
"1739056771-408","https://sn.coinafrique.com/categorie/chiens?page=5","Chienne Husky","https://sn.coinafrique.com/annonce/chiens/chienne-husky-3804084","Chienne Husky","Prix sur demande","Sicap Liberté, Dakar, Sénégal","https://images.coinafrique.com/thumb_3804084_uploaded_image1_1659043627.jpg"
"1739056774-409","https://sn.coinafrique.com/categorie/chiens?page=5","Pit bull terrier","https://sn.coinafrique.com/annonce/chiens/pit-bull-terrier-3807116","Pit bull terrier","100 000 CFA","Mbao, Dakar, Sénégal","https://images.coinafrique.com/thumb_3807116_uploaded_image1_1659270891.jpg"
"1739056780-410","https://sn.coinafrique.com/categorie/chiens?page=5","Chiot Berger Allemand","https://sn.coinafrique.com/annonce/chiens/chiot-berger-allemand-3807360","Chiot Berger Allemand","200 000 CFA","Ngaparou, Sénégal","https://images.coinafrique.com/thumb_3858177_uploaded_image1_1662077390.jpg"
"1739056783-411","https://sn.coinafrique.com/categorie/chiens?page=5","Chiot bichon","https://sn.coinafrique.com/annonce/chiens/chiot-bichon-3812064","Chiot bichon","250 000 CFA","Keur Massar, Sénégal","https://images.coinafrique.com/thumb_4934038_uploaded_image1_1725809065.jpg"
"1739056786-412","https://sn.coinafrique.com/categorie/chiens?page=5","Husky Sibérien","https://sn.coinafrique.com/annonce/chiens/husky-siberien-3826391","Husky Sibérien","600 000 CFA","Diamalaye 1, Dakar, Sénégal","https://images.coinafrique.com/thumb_3826391_uploaded_image1_1660255503.jpg"
"1739056789-413","https://sn.coinafrique.com/categorie/chiens?page=5","Chiot Husky","https://sn.coinafrique.com/annonce/chiens/chiot-husky-3828001","Chiot Husky","Prix sur demande","Sicap Liberté, Dakar, Sénégal","https://images.coinafrique.com/thumb_3842536_uploaded_image1_1661251974.jpg"
"1739056791-414","https://sn.coinafrique.com/categorie/chiens?page=5","Chiot pittbull mâle","https://sn.coinafrique.com/annonce/chiens/chiot-pittbull-male-3828012","Chiot pittbull mâle","Prix sur demande","Sicap Liberté, Dakar, Sénégal","https://images.coinafrique.com/thumb_3185241_uploaded_image1_1624350699.jpg"
"1739056794-415","https://sn.coinafrique.com/categorie/chiens?page=5","Chiots Bichons Maltais","https://sn.coinafrique.com/annonce/chiens/chiots-bichons-maltais-3830263","Chiots Bichons Maltais","360 000 CFA","Keur Massar, Sénégal","https://images.coinafrique.com/thumb_4934038_uploaded_image1_1725809065.jpg"
"1739056796-416","https://sn.coinafrique.com/categorie/chiens?page=5","Chiots","https://sn.coinafrique.com/annonce/chiens/chiots-3832175","Chiots","150 000 CFA","Point E, Dakar, Sénégal","https://images.coinafrique.com/thumb_5028791_uploaded_image1_1730840222.jpg"
"1739056799-417","https://sn.coinafrique.com/categorie/chiens?page=5","Chiot   Bichon","https://sn.coinafrique.com/annonce/chiens/chiot-bichon-3833288","Chiot   Bichon","210 000 CFA","Mamelles, Dakar, Sénégal","https://images.coinafrique.com/thumb_5133780_uploaded_image1_1736845188.jpg"
"1739056801-418","https://sn.coinafrique.com/categorie/chiens?page=5","Chiot  Husky","https://sn.coinafrique.com/annonce/chiens/chiot-husky-3833295","Chiot  Husky","390 000 CFA","Mamelles, Dakar, Sénégal","https://images.coinafrique.com/thumb_3833295_uploaded_image1_1660690344.jpg"
"1739056804-419","https://sn.coinafrique.com/categorie/chiens?page=5","Pitbull","https://sn.coinafrique.com/annonce/chiens/pitbull-3834863","Pitbull","150 000 CFA","Dakar, Sénégal","https://images.coinafrique.com/thumb_4951773_uploaded_image1_1726751081.jpg"
"1739056806-420","https://sn.coinafrique.com/categorie/chiens?page=5","Chiot pitbull","https://sn.coinafrique.com/annonce/chiens/chiot-pitbull-3834868","Chiot pitbull","150 000 CFA","Dakar, Sénégal","https://images.coinafrique.com/thumb_4951773_uploaded_image1_1726751081.jpg"
"1739056809-421","https://sn.coinafrique.com/categorie/chiens?page=5","Chiot Husky","https://sn.coinafrique.com/annonce/chiens/chiot-husky-3842536","Chiot Husky","400 000 CFA","Sicap Liberté, Dakar, Sénégal","https://images.coinafrique.com/thumb_3842536_uploaded_image1_1661251974.jpg"
"1739056811-422","https://sn.coinafrique.com/categorie/chiens?page=5","Chiots Berger Malinois","https://sn.coinafrique.com/annonce/chiens/chiots-berger-malinois-3847815","Chiots Berger Malinois","250 000 CFA","Rufisque, Sénégal","https://images.coinafrique.com/thumb_4969271_uploaded_image1_1727731274.jpg"
"1739056813-423","https://sn.coinafrique.com/categorie/chiens?page=5","Chiot berger allemand","https://sn.coinafrique.com/annonce/chiens/chiot-berger-allemand-3858177","Chiot berger allemand","150 000 CFA","Ngaparou, Sénégal","https://images.coinafrique.com/thumb_3858177_uploaded_image1_1662077390.jpg"
"1739056816-424","https://sn.coinafrique.com/categorie/chiens?page=5","Caniche bichon","https://sn.coinafrique.com/annonce/chiens/caniche-bichon-3861980","Caniche bichon","200 000 CFA","Sicap Liberté, Dakar, Sénégal","https://images.coinafrique.com/thumb_3861980_uploaded_image1_1662259844.jpg"
"1739056818-425","https://sn.coinafrique.com/categorie/chiens?page=5","Bichon maltais","https://sn.coinafrique.com/annonce/chiens/bichon-maltais-3865643","Bichon maltais","Prix sur demande","Mbao, Dakar, Sénégal","https://images.coinafrique.com/thumb_5104979_uploaded_image2_1734994461.jpeg"
"1739056821-426","https://sn.coinafrique.com/categorie/chiens?page=5","Chiot berger","https://sn.coinafrique.com/annonce/chiens/chiot-berger-3865651","Chiot berger","Prix sur demande","Mbao, Dakar, Sénégal","https://images.coinafrique.com/thumb_5040967_uploaded_image1_1731453566.jpg"
"1739056823-427","https://sn.coinafrique.com/categorie/chiens?page=5","Chiot malinois","https://sn.coinafrique.com/annonce/chiens/chiot-malinois-3867595","Chiot malinois","250 000 CFA","Toubab Dialao, Sénégal","https://images.coinafrique.com/thumb_3867595_uploaded_image2_1662560517.jpeg"
"1739056825-428","https://sn.coinafrique.com/categorie/chiens?page=5","Chienne Cane Corso","https://sn.coinafrique.com/annonce/chiens/chienne-cane-corso-3867600","Chienne Cane Corso","400 000 CFA","Toubab Dialao, Sénégal","https://images.coinafrique.com/thumb_3867600_uploaded_image1_1662560691.jpg"
"1739056828-429","https://sn.coinafrique.com/categorie/chiens?page=5","Chiot Yorkshire Toy","https://sn.coinafrique.com/annonce/chiens/chiot-yorkshire-toy-3868293","Chiot Yorkshire Toy","Prix sur demande","Fann-Point E-Amitié, Dakar, Sénégal","https://images.coinafrique.com/thumb_3868293_uploaded_image1_1662590348.jpg"
"1739056830-430","https://sn.coinafrique.com/categorie/chiens?page=5","Chiot Berger Malinois femelle","https://sn.coinafrique.com/annonce/chiens/chiot-berger-malinois-femelle-3874592","Chiot Berger Malinois femelle","300 000 CFA","Yoff, Dakar, Sénégal","https://images.coinafrique.com/thumb_3874592_uploaded_image1_1662985359.jpg"
"1739056833-431","https://sn.coinafrique.com/categorie/chiens?page=5","Chiot femelle boerboel","https://sn.coinafrique.com/annonce/chiens/chiot-femelle-boerboel-3874975","Chiot femelle boerboel","550 000 CFA","Thies, Sénégal","https://images.coinafrique.com/thumb_3874975_uploaded_image1_1662997342.jpg"
"1739056835-432","https://sn.coinafrique.com/categorie/chiens?page=5","Berger malinois","https://sn.coinafrique.com/annonce/chiens/berger-malinois-3881831","Berger malinois","250 000 CFA","Rufisque, Sénégal","https://images.coinafrique.com/thumb_4969271_uploaded_image1_1727731274.jpg"
"1739056838-433","https://sn.coinafrique.com/categorie/chiens?page=5","Chiots Berger Allemand","https://sn.coinafrique.com/annonce/chiens/chiots-berger-allemand-3890175","Chiots Berger Allemand","150 000 CFA","Mamelles, Dakar, Sénégal","https://images.coinafrique.com/thumb_3890175_uploaded_image1_1663943837.jpg"
"1739056840-434","https://sn.coinafrique.com/categorie/chiens?page=5","Chiots Bulldogs français","https://sn.coinafrique.com/annonce/chiens/chiots-bulldogs-francais-3893728","Chiots Bulldogs français","500 000 CFA","Sacré-Coeur, Dakar, Sénégal","https://images.coinafrique.com/thumb_3893742_uploaded_image1_1664199903.jpg"
"1739056842-435","https://sn.coinafrique.com/categorie/chiens?page=5","Chiots Bulldogs français","https://sn.coinafrique.com/annonce/chiens/chiots-bulldogs-francais-3893742","Chiots Bulldogs français","500 000 CFA","Sacré-Coeur, Dakar, Sénégal","https://images.coinafrique.com/thumb_3893742_uploaded_image1_1664199903.jpg"
"1739056845-436","https://sn.coinafrique.com/categorie/chiens?page=5","Chiots Pinschers toy","https://sn.coinafrique.com/annonce/chiens/chiots-pinschers-toy-3893750","Chiots Pinschers toy","400 000 CFA","Sacré-Coeur, Dakar, Sénégal","https://images.coinafrique.com/thumb_3893750_uploaded_image1_1664200070.jpg"
"1739056847-437","https://sn.coinafrique.com/categorie/chiens?page=5","Chiots  Berger Allemand","https://sn.coinafrique.com/annonce/chiens/chiots-berger-allemand-3895930","Chiots  Berger Allemand","135 000 CFA","Keur Massar, Sénégal","https://images.coinafrique.com/thumb_4888701_uploaded_image1_1723387152.jpg"
"1739056850-438","https://sn.coinafrique.com/categorie/chiens?page=5","Chiots  Bichon","https://sn.coinafrique.com/annonce/chiens/chiots-bichon-3897557","Chiots  Bichon","Prix sur demande","Mbao, Dakar, Sénégal","https://images.coinafrique.com/thumb_5104979_uploaded_image2_1734994461.jpeg"
"1739056852-439","https://sn.coinafrique.com/categorie/chiens?page=5","Chiots métisse malinois et berger belge","https://sn.coinafrique.com/annonce/chiens/chiots-metisse-malinois-et-berger-belge-3899662","Chiots métisse malinois et berger belge","120 000 CFA","Diamniadio, Sénégal","https://images.coinafrique.com/thumb_3899662_uploaded_image1_1664548562.jpg"
"1739056855-440","https://sn.coinafrique.com/categorie/chiens?page=5","Chien Berger Allemand","https://sn.coinafrique.com/annonce/chiens/chien-berger-allemand-3900127","Chien Berger Allemand","250 000 CFA","Keur Massar, Sénégal","https://images.coinafrique.com/thumb_4172538_uploaded_image1_1681227060.jpg"
"1739056857-441","https://sn.coinafrique.com/categorie/chiens?page=5","Chiots Rottweilers","https://sn.coinafrique.com/annonce/chiens/chiots-rottweilers-3905906","Chiots Rottweilers","250 000 CFA","Ouest Foire, Dakar, Sénégal","https://images.coinafrique.com/thumb_3905906_uploaded_image1_1664894472.jpg"
"1739056860-442","https://sn.coinafrique.com/categorie/chiens?page=5","Chiot berger allemand mâle","https://sn.coinafrique.com/annonce/chiens/chiot-berger-allemand-male-3910219","Chiot berger allemand mâle","200 000 CFA","Mbao, Dakar, Sénégal","https://images.coinafrique.com/thumb_3671351_uploaded_image1_1651056079.jpg"
"1739056862-443","https://sn.coinafrique.com/categorie/chiens?page=5","Chiot Béninois Marocain","https://sn.coinafrique.com/annonce/chiens/chiot-beninois-marocain-3917424","Chiot Béninois Marocain","150 000 CFA","Yoff, Dakar, Sénégal","https://images.coinafrique.com/thumb_3917424_uploaded_image1_1665594964.jpg"
"1739056865-444","https://sn.coinafrique.com/categorie/chiens?page=5","Chiot Berger Allemand","https://sn.coinafrique.com/annonce/chiens/chiot-berger-allemand-3919086","Chiot Berger Allemand","150 000 CFA","Thies, Sénégal","https://images.coinafrique.com/thumb_4943304_uploaded_image1_1726252041.jpg"
"1739056867-445","https://sn.coinafrique.com/categorie/chiens?page=5","Bichon maltais","https://sn.coinafrique.com/annonce/chiens/bichon-maltais-3936588","Bichon maltais","300 000 CFA","Yoff, Dakar, Sénégal","https://images.coinafrique.com/thumb_4993670_uploaded_image1_1728931466.jpg"
"1739056869-446","https://sn.coinafrique.com/categorie/chiens?page=5","Bergers Belges Malinois","https://sn.coinafrique.com/annonce/chiens/bergers-belges-malinois-3939343","Bergers Belges Malinois","200 000 CFA","Ouakam, Dakar, Sénégal","https://images.coinafrique.com/thumb_3939343_uploaded_image1_1666955832.jpg"
"1739056875-447","https://sn.coinafrique.com/categorie/chiens?page=5","Chiots  Berger Allemand","https://sn.coinafrique.com/annonce/chiens/chiots-berger-allemand-3940749","Chiots  Berger Allemand","150 000 CFA","Dakar, Sénégal","https://images.coinafrique.com/thumb_5131922_uploaded_image1_1736729395.jpg"
"1739056880-448","https://sn.coinafrique.com/categorie/chiens?page=5","Mâle Boerbull","https://sn.coinafrique.com/annonce/chiens/male-boerbull-3950528","Mâle Boerbull","600 000 CFA","Pikine, Sénégal",""
"1739056889-449","https://sn.coinafrique.com/categorie/chiens?page=5","Femelle Husky","https://sn.coinafrique.com/annonce/chiens/femelle-husky-3950534","Femelle Husky","500 000 CFA","Pikine, Sénégal","https://images.coinafrique.com/thumb_3950534_uploaded_image1_1667574665.jpg"
"1739056895-450","https://sn.coinafrique.com/categorie/chiens?page=5","Berger Malinois","https://sn.coinafrique.com/annonce/chiens/berger-malinois-3961680","Berger Malinois","1 200 000 CFA","Pikine, Sénégal","https://images.coinafrique.com/thumb_3961682_uploaded_image3_1668213260.jpeg"
"1739056899-451","https://sn.coinafrique.com/categorie/chiens?page=5","Berger Malinois","https://sn.coinafrique.com/annonce/chiens/berger-malinois-3961682","Berger Malinois","1 200 000 CFA","Pikine, Sénégal","https://images.coinafrique.com/thumb_3961682_uploaded_image3_1668213260.jpeg"
"1739056901-452","https://sn.coinafrique.com/categorie/chiens?page=5","Chiots","https://sn.coinafrique.com/annonce/chiens/chiots-3962314","Chiots","250 000 CFA","Cambérène, Dakar, Sénégal","https://images.coinafrique.com/thumb_4919750_uploaded_image1_1725108338.jpg"
"1739056904-453","https://sn.coinafrique.com/categorie/chiens?page=5","Chiot Bichon Maltais","https://sn.coinafrique.com/annonce/chiens/chiot-bichon-maltais-3975894","Chiot Bichon Maltais","120 000 CFA","Mermoz-Sacré Coeur, Dakar, Sénégal","https://images.coinafrique.com/thumb_3975894_uploaded_image1_1669133398.jpg"
"1739056907-454","https://sn.coinafrique.com/categorie/chiens?page=5","Femelle Berger Allemand","https://sn.coinafrique.com/annonce/chiens/femelle-berger-allemand-3989786","Femelle Berger Allemand","250 000 CFA","Thies, Sénégal","https://images.coinafrique.com/thumb_4532817_uploaded_image1_1704659367.jpg"
"1739056909-455","https://sn.coinafrique.com/categorie/chiens?page=5","Mâle Pitbull","https://sn.coinafrique.com/annonce/chiens/male-pitbull-3997099","Mâle Pitbull","120 000 CFA","Dakar, Sénégal","https://images.coinafrique.com/thumb_3185241_uploaded_image1_1624350699.jpg"
"1739056912-456","https://sn.coinafrique.com/categorie/chiens?page=5","Chiot Berger Allemand","https://sn.coinafrique.com/annonce/chiens/chiot-berger-allemand-4005622","Chiot Berger Allemand","150 000 CFA","Colobane, Dakar, Sénégal","https://images.coinafrique.com/thumb_4005622_uploaded_image1_1670861007.jpg"
"1739056914-457","https://sn.coinafrique.com/categorie/chiens?page=5","Chiot Husky","https://sn.coinafrique.com/annonce/chiens/chiot-husky-4018249","Chiot Husky","200 000 CFA","Cambérène, Dakar, Sénégal","https://images.coinafrique.com/thumb_4023358_uploaded_image1_1672057592.jpg"
"1739056917-458","https://sn.coinafrique.com/categorie/chiens?page=5","Chiots Husky","https://sn.coinafrique.com/annonce/chiens/chiots-husky-4023358","Chiots Husky","150 000 CFA","Cambérène, Dakar, Sénégal","https://images.coinafrique.com/thumb_4023358_uploaded_image1_1672057592.jpg"
"1739056919-459","https://sn.coinafrique.com/categorie/chiens?page=5","Chiot Bichon","https://sn.coinafrique.com/annonce/chiens/chiot-bichon-4025445","Chiot Bichon","130 000 CFA","Dieuppeul-Derklé, Dakar, Sénégal","https://images.coinafrique.com/thumb_4463994_uploaded_image1_1700397411.jpg"
"1739056922-460","https://sn.coinafrique.com/categorie/chiens?page=5","Chiots Bichons","https://sn.coinafrique.com/annonce/chiens/chiots-bichons-4025449","Chiots Bichons","30 000 CFA","Dieuppeul-Derklé, Dakar, Sénégal","https://images.coinafrique.com/thumb_4463994_uploaded_image1_1700397411.jpg"
"1739056924-461","https://sn.coinafrique.com/categorie/chiens?page=5","Chiots bichon","https://sn.coinafrique.com/annonce/chiens/chiots-bichon-4027584","Chiots bichon","130 000 CFA","Dieuppeul-Derklé, Dakar, Sénégal","https://images.coinafrique.com/thumb_4463994_uploaded_image1_1700397411.jpg"
"1739056926-462","https://sn.coinafrique.com/categorie/chiens?page=5","Chiots cane corso","https://sn.coinafrique.com/annonce/chiens/chiots-cane-corso-4034427","Chiots cane corso","350 000 CFA","Saly, Sénégal","https://images.coinafrique.com/thumb_4034427_uploaded_image1_1672853648.jpg"
"1739056929-463","https://sn.coinafrique.com/categorie/chiens?page=5","Chiots bichons","https://sn.coinafrique.com/annonce/chiens/chiots-bichons-4041795","Chiots bichons","130 000 CFA","Dieuppeul-Derklé, Dakar, Sénégal","https://images.coinafrique.com/thumb_4463994_uploaded_image1_1700397411.jpg"
"1739056931-464","https://sn.coinafrique.com/categorie/chiens?page=5","Chiots Bichons","https://sn.coinafrique.com/annonce/chiens/chiots-bichons-4041802","Chiots Bichons","130 000 CFA","Dieuppeul-Derklé, Dakar, Sénégal","https://images.coinafrique.com/thumb_4463994_uploaded_image1_1700397411.jpg"
"1739056934-465","https://sn.coinafrique.com/categorie/chiens?page=5","Chiots Berger Allemand","https://sn.coinafrique.com/annonce/chiens/chiots-berger-allemand-4044025","Chiots Berger Allemand","130 000 CFA","Dakar, Sénégal","https://images.coinafrique.com/thumb_5131922_uploaded_image1_1736729395.jpg"
"1739056941-466","https://sn.coinafrique.com/categorie/chiens?page=4","Chiots berger allemand","https://sn.coinafrique.com/annonce/chiens/chiots-berger-allemand-4047402","Chiots berger allemand","180 000 CFA","Cambérène, Dakar, Sénégal","https://images.coinafrique.com/thumb_4875998_uploaded_image1_1722728517.jpg"
"1739056943-467","https://sn.coinafrique.com/categorie/chiens?page=4","Chiots Bichons","https://sn.coinafrique.com/annonce/chiens/chiots-bichons-4048333","Chiots Bichons","130 000 CFA","Dieuppeul-Derklé, Dakar, Sénégal","https://images.coinafrique.com/thumb_4463994_uploaded_image1_1700397411.jpg"
"1739056946-468","https://sn.coinafrique.com/categorie/chiens?page=4","Chiot Bichon","https://sn.coinafrique.com/annonce/chiens/chiot-bichon-4048503","Chiot Bichon","200 000 CFA","Dakar, Sénégal","https://images.coinafrique.com/thumb_5002622_uploaded_image1_1729418106.jpg"
"1739056952-469","https://sn.coinafrique.com/categorie/chiens?page=4","Chiot Rottweiller","https://sn.coinafrique.com/annonce/chiens/chiot-rottweiller-4051242","Chiot Rottweiller","200 000 CFA","Dieuppeul-Derklé, Dakar, Sénégal","https://images.coinafrique.com/thumb_4051242_uploaded_image1_1673810971.jpg"
"1739056955-470","https://sn.coinafrique.com/categorie/chiens?page=4","Chiots Bulldog français","https://sn.coinafrique.com/annonce/chiens/chiots-bulldog-francais-4056315","Chiots Bulldog français","Prix sur demande","Fann-Point E-Amitié, Dakar, Sénégal","https://images.coinafrique.com/thumb_4056315_uploaded_image1_1674120801.jpg"
"1739056957-471","https://sn.coinafrique.com/categorie/chiens?page=4","Chiots bergers allemands","https://sn.coinafrique.com/annonce/chiens/chiots-bergers-allemands-4057130","Chiots bergers allemands","160 000 CFA","Keur Massar, Sénégal","https://images.coinafrique.com/thumb_4888701_uploaded_image1_1723387152.jpg"
"1739056960-472","https://sn.coinafrique.com/categorie/chiens?page=4","Chiot Golden Retriever","https://sn.coinafrique.com/annonce/chiens/chiot-golden-retriever-4059349","Chiot Golden Retriever","650 000 CFA","Fann, Dakar, Sénégal","https://images.coinafrique.com/thumb_4059349_uploaded_image1_1674300377.jpg"
"1739056963-473","https://sn.coinafrique.com/categorie/chiens?page=4","Chiot husky sibérien","https://sn.coinafrique.com/annonce/chiens/chiot-husky-siberien-4063809","Chiot husky sibérien","Prix sur demande","Mbao, Dakar, Sénégal","https://images.coinafrique.com/thumb_4063809_uploaded_image1_1674588250.jpg"
"1739056967-474","https://sn.coinafrique.com/categorie/chiens?page=4","Chiots Pitbull","https://sn.coinafrique.com/annonce/chiens/chiots-pitbull-4070065","Chiots Pitbull","100 000 CFA","Dakar, Sénégal","https://images.coinafrique.com/thumb_4951773_uploaded_image1_1726751081.jpg"
"1739056970-475","https://sn.coinafrique.com/categorie/chiens?page=4","Chiots Bichons","https://sn.coinafrique.com/annonce/chiens/chiots-bichons-4077248","Chiots Bichons","130 000 CFA","Dieuppeul-Derklé, Dakar, Sénégal","https://images.coinafrique.com/thumb_4463994_uploaded_image1_1700397411.jpg"
"1739056973-476","https://sn.coinafrique.com/categorie/chiens?page=4","Chiots Pitbull","https://sn.coinafrique.com/annonce/chiens/chiots-pitbull-4078372","Chiots Pitbull","100 000 CFA","Dakar, Sénégal","https://images.coinafrique.com/thumb_4951773_uploaded_image1_1726751081.jpg"
"1739056975-477","https://sn.coinafrique.com/categorie/chiens?page=4","Chien berger allemand","https://sn.coinafrique.com/annonce/chiens/chien-berger-allemand-4080591","Chien berger allemand","300 000 CFA","Dakar, Sénégal","https://images.coinafrique.com/thumb_4970950_uploaded_image1_1727800187.jpg"
"1739056978-478","https://sn.coinafrique.com/categorie/chiens?page=4","Chiot berger malinois","https://sn.coinafrique.com/annonce/chiens/chiot-berger-malinois-4085335","Chiot berger malinois","700 000 CFA","Rufisque, Sénégal","https://images.coinafrique.com/thumb_4969271_uploaded_image1_1727731274.jpg"
"1739056981-479","https://sn.coinafrique.com/categorie/chiens?page=4","Chiot Spitz Nain Pomeranien","https://sn.coinafrique.com/annonce/chiens/chiot-spitz-nain-pomeranien-4105901","Chiot Spitz Nain Pomeranien","Prix sur demande","Fann-Point E-Amitié, Dakar, Sénégal","https://images.coinafrique.com/thumb_4105901_uploaded_image1_1677094228.jpg"
"1739056986-480","https://sn.coinafrique.com/categorie/chiens?page=4","Chiot mâle bichon","https://sn.coinafrique.com/annonce/chiens/chiot-male-bichon-4108812","Chiot mâle bichon","100 000 CFA","Mbao, Dakar, Sénégal","https://images.coinafrique.com/thumb_3143508_uploaded_image1_1622507623.jpg"
"1739056989-481","https://sn.coinafrique.com/categorie/chiens?page=4","Chiot Caniche bichon","https://sn.coinafrique.com/annonce/chiens/chiot-caniche-bichon-4117078","Chiot Caniche bichon","150 000 CFA","Dakar, Sénégal","https://images.coinafrique.com/thumb_4117078_uploaded_image1_1677779647.jpg"
"1739056991-482","https://sn.coinafrique.com/categorie/chiens?page=4","Chiots malinois","https://sn.coinafrique.com/annonce/chiens/chiots-malinois-4118286","Chiots malinois","280 000 CFA","Mermoz-Sacré Coeur, Dakar, Sénégal","https://images.coinafrique.com/thumb_4118286_uploaded_image1_1677846223.jpg"
"1739056994-483","https://sn.coinafrique.com/categorie/chiens?page=4","Chiot bichon maltais","https://sn.coinafrique.com/annonce/chiens/chiot-bichon-maltais-4118672","Chiot bichon maltais","130 000 CFA","Grand Yoff, Dakar, Sénégal","https://images.coinafrique.com/thumb_4118672_uploaded_image1_1677860063.jpg"
"1739056996-484","https://sn.coinafrique.com/categorie/chiens?page=4","Chien berger allemand","https://sn.coinafrique.com/annonce/chiens/chien-berger-allemand-4121621","Chien berger allemand","140 000 CFA","Dakar, Sénégal","https://images.coinafrique.com/thumb_4970950_uploaded_image1_1727800187.jpg"
"1739056999-485","https://sn.coinafrique.com/categorie/chiens?page=4","Chien Bichon","https://sn.coinafrique.com/annonce/chiens/chien-bichon-4124637","Chien Bichon","150 000 CFA","Ouakam, Dakar, Sénégal","https://images.coinafrique.com/thumb_4124637_uploaded_image1_1678229133.jpg"
"1739057001-486","https://sn.coinafrique.com/categorie/chiens?page=4","Chiots Berger allemand","https://sn.coinafrique.com/annonce/chiens/chiots-berger-allemand-4125859","Chiots Berger allemand","Prix sur demande","Mbao, Dakar, Sénégal","https://images.coinafrique.com/thumb_5040967_uploaded_image1_1731453566.jpg"
"1739057004-487","https://sn.coinafrique.com/categorie/chiens?page=4","Chiot Bichon Maltais","https://sn.coinafrique.com/annonce/chiens/chiot-bichon-maltais-4125861","Chiot Bichon Maltais","Prix sur demande","Mbao, Dakar, Sénégal","https://images.coinafrique.com/thumb_5104979_uploaded_image2_1734994461.jpeg"
"1739057007-488","https://sn.coinafrique.com/categorie/chiens?page=4","Chiens Rottweiler","https://sn.coinafrique.com/annonce/chiens/chiens-rottweiler-4126333","Chiens Rottweiler","1 350 000 CFA","Almadies, Dakar, Sénégal","https://images.coinafrique.com/thumb_4126333_uploaded_image1_1678330232.jpg"
"1739057009-489","https://sn.coinafrique.com/categorie/chiens?page=4","Chienne Labrador","https://sn.coinafrique.com/annonce/chiens/chienne-labrador-4126334","Chienne Labrador","650 000 CFA","Almadies, Dakar, Sénégal","https://images.coinafrique.com/thumb_4126334_uploaded_image1_1678330605.jpg"
"1739057011-490","https://sn.coinafrique.com/categorie/chiens?page=4","Chienne Golden Retriever","https://sn.coinafrique.com/annonce/chiens/chienne-golden-retriever-4126336","Chienne Golden Retriever","700 000 CFA","Almadies, Dakar, Sénégal","https://images.coinafrique.com/thumb_4126336_uploaded_image1_1678330762.jpg"
"1739057014-491","https://sn.coinafrique.com/categorie/chiens?page=4","Chiots malinois","https://sn.coinafrique.com/annonce/chiens/chiots-malinois-4126440","Chiots malinois","280 000 CFA","Dakar, Sénégal","https://images.coinafrique.com/thumb_4807147_uploaded_image2_1719173692.jpeg"
"1739057016-492","https://sn.coinafrique.com/categorie/chiens?page=4","Chiot  berger","https://sn.coinafrique.com/annonce/chiens/chiot-berger-4130159","Chiot  berger","150 000 CFA","Dakar, Sénégal","https://images.coinafrique.com/thumb_5131922_uploaded_image1_1736729395.jpg"
"1739057019-493","https://sn.coinafrique.com/categorie/chiens?page=4","Chiots Berger Allemand","https://sn.coinafrique.com/annonce/chiens/chiots-berger-allemand-4131053","Chiots Berger Allemand","100 000 CFA","Keur Massar, Sénégal","https://images.coinafrique.com/thumb_4888701_uploaded_image1_1723387152.jpg"
"1739057021-494","https://sn.coinafrique.com/categorie/chiens?page=4","Chiot Mal Bichon","https://sn.coinafrique.com/annonce/chiens/chiot-mal-bichon-4134271","Chiot Mal Bichon","250 CFA","Dakar, Sénégal","https://images.coinafrique.com/thumb_4165184_uploaded_image1_1680766831.jpg"
"1739057024-495","https://sn.coinafrique.com/categorie/chiens?page=4","Chiots berger allemand","https://sn.coinafrique.com/annonce/chiens/chiots-berger-allemand-4135756","Chiots berger allemand","150 000 CFA","Diamniadio, Sénégal","https://images.coinafrique.com/thumb_5173038_uploaded_image1_1738846508.jpg"
"1739057026-496","https://sn.coinafrique.com/categorie/chiens?page=4","Chiot Bichon","https://sn.coinafrique.com/annonce/chiens/chiot-bichon-4137626","Chiot Bichon","70 000 CFA","Dieuppeul-Derklé, Dakar, Sénégal","https://images.coinafrique.com/thumb_4463994_uploaded_image1_1700397411.jpg"
"1739057029-497","https://sn.coinafrique.com/categorie/chiens?page=4","Chiot Berger Allemand","https://sn.coinafrique.com/annonce/chiens/chiot-berger-allemand-4141061","Chiot Berger Allemand","125 000 CFA","Diamniadio, Sénégal","https://images.coinafrique.com/thumb_5173038_uploaded_image1_1738846508.jpg"
"1739057031-498","https://sn.coinafrique.com/categorie/chiens?page=4","Chiot Labrador","https://sn.coinafrique.com/annonce/chiens/chiot-labrador-4141864","Chiot Labrador","750 000 CFA","Dakar, Sénégal","https://images.coinafrique.com/thumb_4344699_uploaded_image1_1692644593.jpg"
"1739057034-499","https://sn.coinafrique.com/categorie/chiens?page=4","Chien Jack russell","https://sn.coinafrique.com/annonce/chiens/chien-jack-russell-4142083","Chien Jack russell","175 000 CFA","Mariste, Dakar, Sénégal","https://images.coinafrique.com/thumb_4142083_uploaded_image1_1679347655.jpg"
"1739057037-500","https://sn.coinafrique.com/categorie/chiens?page=4","Chiot Bichon","https://sn.coinafrique.com/annonce/chiens/chiot-bichon-4149942","Chiot Bichon","150 000 CFA","Dakar, Sénégal","https://images.coinafrique.com/thumb_5002622_uploaded_image1_1729418106.jpg"
"1739057040-501","https://sn.coinafrique.com/categorie/chiens?page=4","Chiots","https://sn.coinafrique.com/annonce/chiens/chiots-4149988","Chiots","120 000 CFA","Dakar, Sénégal","https://images.coinafrique.com/thumb_5131922_uploaded_image1_1736729395.jpg"
"1739057042-502","https://sn.coinafrique.com/categorie/chiens?page=4","Chiots Malinois","https://sn.coinafrique.com/annonce/chiens/chiots-malinois-4158059","Chiots Malinois","150 000 CFA","Rufisque, Sénégal","https://images.coinafrique.com/thumb_4969271_uploaded_image1_1727731274.jpg"
"1739057045-503","https://sn.coinafrique.com/categorie/chiens?page=4","Chiots  Malinois","https://sn.coinafrique.com/annonce/chiens/chiots-malinois-4159449","Chiots  Malinois","350 000 CFA","Dakar Plateau, Dakar, Sénégal","https://images.coinafrique.com/thumb_4206429_uploaded_image1_1683473426.jpg"
"1739057047-504","https://sn.coinafrique.com/categorie/chiens?page=4","Chiots  Malinois","https://sn.coinafrique.com/annonce/chiens/chiots-malinois-4162884","Chiots  Malinois","200 000 CFA","Dakar, Sénégal","https://images.coinafrique.com/thumb_4807147_uploaded_image2_1719173692.jpeg"
"1739057050-505","https://sn.coinafrique.com/categorie/chiens?page=4","Chiot Bichon","https://sn.coinafrique.com/annonce/chiens/chiot-bichon-4165184","Chiot Bichon","150 CFA","Dakar, Sénégal","https://images.coinafrique.com/thumb_5002622_uploaded_image1_1729418106.jpg"
"1739057052-506","https://sn.coinafrique.com/categorie/chiens?page=4","Chiots labrador","https://sn.coinafrique.com/annonce/chiens/chiots-labrador-4167214","Chiots labrador","400 000 CFA","Rufisque, Sénégal","https://images.coinafrique.com/thumb_4167214_uploaded_image1_1680870219.jpg"
"1739057055-507","https://sn.coinafrique.com/categorie/chiens?page=4","Chiot  Caniche","https://sn.coinafrique.com/annonce/chiens/chiot-caniche-4169389","Chiot  Caniche","300 000 CFA","Ngor, Dakar, Sénégal","https://images.coinafrique.com/thumb_4169389_uploaded_image1_1681006575.jpg"
"1739057057-508","https://sn.coinafrique.com/categorie/chiens?page=4","Chiot Berger allemand","https://sn.coinafrique.com/annonce/chiens/chiot-berger-allemand-4171222","Chiot Berger allemand","Prix sur demande","Almadies, Dakar, Sénégal","https://images.coinafrique.com/thumb_4220216_uploaded_image1_1684354056.jpg"
"1739057060-509","https://sn.coinafrique.com/categorie/chiens?page=4","Chiens berger allemand","https://sn.coinafrique.com/annonce/chiens/chiens-berger-allemand-4172538","Chiens berger allemand","200 000 CFA","Keur Massar, Sénégal","https://images.coinafrique.com/thumb_4172538_uploaded_image1_1681227060.jpg"
"1739057062-510","https://sn.coinafrique.com/categorie/chiens?page=4","Chiot","https://sn.coinafrique.com/annonce/chiens/chiot-4174428","Chiot","150 000 CFA","Dakar Plateau, Dakar, Sénégal","https://images.coinafrique.com/thumb_4853861_uploaded_image1_1721576301.jpg"
"1739057065-511","https://sn.coinafrique.com/categorie/chiens?page=4","Chiots bergers allemands","https://sn.coinafrique.com/annonce/chiens/chiots-bergers-allemands-4176841","Chiots bergers allemands","200 000 CFA","Saly, Sénégal","https://images.coinafrique.com/thumb_4530727_uploaded_image1_1704546741.jpg"
"1739057067-512","https://sn.coinafrique.com/categorie/chiens?page=4","Chiot Bichon Maltais","https://sn.coinafrique.com/annonce/chiens/chiot-bichon-maltais-4178317","Chiot Bichon Maltais","100 000 CFA","Sicap Liberté, Dakar, Sénégal","https://images.coinafrique.com/thumb_5085599_uploaded_image1_1733856381.jpg"
"1739057070-513","https://sn.coinafrique.com/categorie/chiens?page=4","Chiot pitbull","https://sn.coinafrique.com/annonce/chiens/chiot-pitbull-4180447","Chiot pitbull","100 000 CFA","Guediawaye, Dakar, Sénégal","https://images.coinafrique.com/thumb_4180447_uploaded_image1_1681745968.jpg"
"1739057073-514","https://sn.coinafrique.com/categorie/chiens?page=4","Chiot Malinois","https://sn.coinafrique.com/annonce/chiens/chiot-malinois-4186165","Chiot Malinois","200 000 CFA","Rufisque, Sénégal","https://images.coinafrique.com/thumb_4969271_uploaded_image1_1727731274.jpg"
"1739057075-515","https://sn.coinafrique.com/categorie/chiens?page=4","Chiens Labrador","https://sn.coinafrique.com/annonce/chiens/chiens-labrador-4186378","Chiens Labrador","Prix sur demande","Mbao, Dakar, Sénégal","https://images.coinafrique.com/thumb_4186378_uploaded_image2_1682164251.jpeg"
"1739057078-516","https://sn.coinafrique.com/categorie/chiens?page=4","Chien Malinois","https://sn.coinafrique.com/annonce/chiens/chien-malinois-4186380","Chien Malinois","Prix sur demande","Mbao, Dakar, Sénégal","https://images.coinafrique.com/thumb_5078573_uploaded_image1_1733447779.jpg"
"1739057081-517","https://sn.coinafrique.com/categorie/chiens?page=4","Chiot berger malinois","https://sn.coinafrique.com/annonce/chiens/chiot-berger-malinois-4189681","Chiot berger malinois","130 000 CFA","Mariste, Dakar, Sénégal","https://images.coinafrique.com/thumb_4189681_uploaded_image1_1682428415.jpg"
"1739057084-518","https://sn.coinafrique.com/categorie/chiens?page=4","Chiens","https://sn.coinafrique.com/annonce/chiens/chiens-4190505","Chiens","150 000 CFA","Lac rose, Sénégal","https://images.coinafrique.com/thumb_4190505_uploaded_image1_1682468019.jpg"
"1739057086-519","https://sn.coinafrique.com/categorie/chiens?page=4","Chienne malinoise","https://sn.coinafrique.com/annonce/chiens/chienne-malinoise-4191047","Chienne malinoise","250 000 CFA","Dakar, Sénégal","https://images.coinafrique.com/thumb_4191047_uploaded_image1_1682510654.jpg"
"1739057088-520","https://sn.coinafrique.com/categorie/chiens?page=4","Chienne malinois","https://sn.coinafrique.com/annonce/chiens/chienne-malinois-4192516","Chienne malinois","300 000 CFA","Dakar, Sénégal","https://images.coinafrique.com/thumb_5124976_uploaded_image1_1736338081.jpg"
"1739057091-521","https://sn.coinafrique.com/categorie/chiens?page=4","Chien","https://sn.coinafrique.com/annonce/chiens/chien-4198141","Chien","300 000 CFA","Dakar, Sénégal","https://images.coinafrique.com/thumb_5124976_uploaded_image1_1736338081.jpg"
"1739057093-522","https://sn.coinafrique.com/categorie/chiens?page=4","Chiots Berger Allemand","https://sn.coinafrique.com/annonce/chiens/chiots-berger-allemand-4203328","Chiots Berger Allemand","150 000 CFA","Dakar, Sénégal","https://images.coinafrique.com/thumb_5131922_uploaded_image1_1736729395.jpg"
"1739057096-523","https://sn.coinafrique.com/categorie/chiens?page=4","Chiens Berger Allemand","https://sn.coinafrique.com/annonce/chiens/chiens-berger-allemand-4203333","Chiens Berger Allemand","Prix sur demande","Dakar, Sénégal","https://images.coinafrique.com/thumb_4970950_uploaded_image1_1727800187.jpg"
"1739057098-524","https://sn.coinafrique.com/categorie/chiens?page=4","Chiot  Allemand","https://sn.coinafrique.com/annonce/chiens/chiot-allemand-4204043","Chiot  Allemand","600 000 CFA","Dakar, Sénégal","https://images.coinafrique.com/thumb_5131922_uploaded_image1_1736729395.jpg"
"1739057101-525","https://sn.coinafrique.com/categorie/chiens?page=4","Chiots Caniches","https://sn.coinafrique.com/annonce/chiens/chiots-caniches-4206419","Chiots Caniches","150 000 CFA","Dakar Plateau, Dakar, Sénégal","https://images.coinafrique.com/thumb_4206419_uploaded_image1_1683473050.jpg"
"1739057104-526","https://sn.coinafrique.com/categorie/chiens?page=4","Chiots Berger Allemand","https://sn.coinafrique.com/annonce/chiens/chiots-berger-allemand-4206427","Chiots Berger Allemand","150 000 CFA","Dakar Plateau, Dakar, Sénégal","https://images.coinafrique.com/thumb_4206427_uploaded_image1_1683473206.jpg"
"1739057106-527","https://sn.coinafrique.com/categorie/chiens?page=4","Chiots Berger Belge","https://sn.coinafrique.com/annonce/chiens/chiots-berger-belge-4206429","Chiots Berger Belge","250 000 CFA","Dakar Plateau, Dakar, Sénégal","https://images.coinafrique.com/thumb_4206429_uploaded_image1_1683473426.jpg"
"1739057109-528","https://sn.coinafrique.com/categorie/chiens?page=4","Chiots berger allemand","https://sn.coinafrique.com/annonce/chiens/chiots-berger-allemand-4209184","Chiots berger allemand","175 000 CFA","Thies, Sénégal","https://images.coinafrique.com/thumb_4943304_uploaded_image1_1726252041.jpg"
"1739057111-529","https://sn.coinafrique.com/categorie/chiens?page=4","Chien","https://sn.coinafrique.com/annonce/chiens/chien-4216138","Chien","150 000 CFA","Dakar, Sénégal","https://images.coinafrique.com/thumb_5124976_uploaded_image1_1736338081.jpg"
"1739057114-530","https://sn.coinafrique.com/categorie/chiens?page=4","Chiots Pitbull","https://sn.coinafrique.com/annonce/chiens/chiots-pitbull-4219240","Chiots Pitbull","130 000 CFA","Ouest Foire, Dakar, Sénégal","https://images.coinafrique.com/thumb_4226576_uploaded_image1_1684815976.jpg"
"1739057116-531","https://sn.coinafrique.com/categorie/chiens?page=4","Chiots Pitbulls","https://sn.coinafrique.com/annonce/chiens/chiots-pitbulls-4219520","Chiots Pitbulls","190 000 CFA","Ouakam, Dakar, Sénégal","https://images.coinafrique.com/thumb_4219520_uploaded_image2_1684323670.jpeg"
"1739057119-532","https://sn.coinafrique.com/categorie/chiens?page=4","Chiots Berger Allemand","https://sn.coinafrique.com/annonce/chiens/chiots-berger-allemand-4220216","Chiots Berger Allemand","125 000 CFA","Almadies, Dakar, Sénégal","https://images.coinafrique.com/thumb_4220216_uploaded_image1_1684354056.jpg"
"1739057121-533","https://sn.coinafrique.com/categorie/chiens?page=4","Chiot Bichon Maltais","https://sn.coinafrique.com/annonce/chiens/chiot-bichon-maltais-4220294","Chiot Bichon Maltais","190 000 CFA","Cambérène, Dakar, Sénégal","https://images.coinafrique.com/thumb_4220294_uploaded_image1_1684360783.jpg"
"1739057124-534","https://sn.coinafrique.com/categorie/chiens?page=4","Chien Berger allemand","https://sn.coinafrique.com/annonce/chiens/chien-berger-allemand-4221634","Chien Berger allemand","350 000 CFA","Dakar, Sénégal","https://images.coinafrique.com/thumb_4970950_uploaded_image1_1727800187.jpg"
"1739057126-535","https://sn.coinafrique.com/categorie/chiens?page=4","Chiots Pitbull","https://sn.coinafrique.com/annonce/chiens/chiots-pitbull-4226576","Chiots Pitbull","100 000 CFA","Ouest Foire, Dakar, Sénégal","https://images.coinafrique.com/thumb_4226576_uploaded_image1_1684815976.jpg"
"1739057129-536","https://sn.coinafrique.com/categorie/chiens?page=4","Chien","https://sn.coinafrique.com/annonce/chiens/chien-4227862","Chien","150 000 CFA","Thies, Sénégal","https://images.coinafrique.com/thumb_4579870_uploaded_image1_1707162831.jpg"
"1739057131-537","https://sn.coinafrique.com/categorie/chiens?page=4","Chiots malinois","https://sn.coinafrique.com/annonce/chiens/chiots-malinois-4235508","Chiots malinois","220 000 CFA","Keur Massar, Sénégal","https://images.coinafrique.com/thumb_4969495_uploaded_image1_1727744912.jpg"
"1739057134-538","https://sn.coinafrique.com/categorie/chiens?page=4","Chiot Pitbull","https://sn.coinafrique.com/annonce/chiens/chiot-pitbull-4240673","Chiot Pitbull","Prix sur demande","HLM, Dakar, Sénégal","https://images.coinafrique.com/thumb_4240673_uploaded_image1_1685739306.jpg"
"1739057136-539","https://sn.coinafrique.com/categorie/chiens?page=4","Chien  Rottweiler","https://sn.coinafrique.com/annonce/chiens/chien-rottweiler-4242529","Chien  Rottweiler","350 000 CFA","Dakar, Sénégal","https://images.coinafrique.com/thumb_4242529_uploaded_image1_1685899419.jpg"
"1739057139-540","https://sn.coinafrique.com/categorie/chiens?page=4","Chiots  Bergers australien","https://sn.coinafrique.com/annonce/chiens/chiots-bergers-australien-4242936","Chiots  Bergers australien","650 000 CFA","Saly, Sénégal","https://images.coinafrique.com/thumb_4242936_uploaded_image1_1685941455.jpg"
"1739057141-541","https://sn.coinafrique.com/categorie/chiens?page=4","Chiot  Malinois","https://sn.coinafrique.com/annonce/chiens/chiot-malinois-4255782","Chiot  Malinois","250 000 CFA","Dakar, Sénégal","https://images.coinafrique.com/thumb_4807147_uploaded_image2_1719173692.jpeg"
"1739057144-542","https://sn.coinafrique.com/categorie/chiens?page=4","Chiot Labrador","https://sn.coinafrique.com/annonce/chiens/chiot-labrador-4257284","Chiot Labrador","Prix sur demande","Mbao, Dakar, Sénégal","https://images.coinafrique.com/thumb_5136517_uploaded_image1_1736959572.jpg"
"1739057146-543","https://sn.coinafrique.com/categorie/chiens?page=4","Chiots Malinois","https://sn.coinafrique.com/annonce/chiens/chiots-malinois-4260253","Chiots Malinois","Prix sur demande","Saly, Sénégal","https://images.coinafrique.com/thumb_4795597_uploaded_image1_1718373916.jpg"
"1739057149-544","https://sn.coinafrique.com/categorie/chiens?page=4","Chien berger Allemand","https://sn.coinafrique.com/annonce/chiens/chien-berger-allemand-4263673","Chien berger Allemand","250 000 CFA","Mamelles, Dakar, Sénégal","https://images.coinafrique.com/thumb_4263673_uploaded_image1_1687280336.jpg"
"1739057151-545","https://sn.coinafrique.com/categorie/chiens?page=4","Chien Berger Allemand","https://sn.coinafrique.com/annonce/chiens/chien-berger-allemand-4266819","Chien Berger Allemand","250 000 CFA","Dakar, Sénégal","https://images.coinafrique.com/thumb_4970950_uploaded_image1_1727800187.jpg"
"1739057154-546","https://sn.coinafrique.com/categorie/chiens?page=4","Chiots Berger Allemand","https://sn.coinafrique.com/annonce/chiens/chiots-berger-allemand-4268216","Chiots Berger Allemand","150 000 CFA","Dakar, Sénégal","https://images.coinafrique.com/thumb_5131922_uploaded_image1_1736729395.jpg"
"1739057157-547","https://sn.coinafrique.com/categorie/chiens?page=4","Chiot Bichon","https://sn.coinafrique.com/annonce/chiens/chiot-bichon-4268527","Chiot Bichon","150 000 CFA","Dieuppeul-Derklé, Dakar, Sénégal","https://images.coinafrique.com/thumb_4463994_uploaded_image1_1700397411.jpg"
"1739057160-548","https://sn.coinafrique.com/categorie/chiens?page=4","Chiots Berger Allemand","https://sn.coinafrique.com/annonce/chiens/chiots-berger-allemand-4277563","Chiots Berger Allemand","260 000 CFA","Dakar, Sénégal","https://images.coinafrique.com/thumb_5131922_uploaded_image1_1736729395.jpg"
"1739057163-549","https://sn.coinafrique.com/categorie/chiens?page=4","Chiots Bichons","https://sn.coinafrique.com/annonce/chiens/chiots-bichons-4277694","Chiots Bichons","150 000 CFA","Dieuppeul-Derklé, Dakar, Sénégal","https://images.coinafrique.com/thumb_4463994_uploaded_image1_1700397411.jpg"
"1739057170-550","https://sn.coinafrique.com/categorie/chiens?page=3","Chiot croisé Husky / Berger Allemand","https://sn.coinafrique.com/annonce/chiens/chiot-croise-husky-berger-allemand-4280738","Chiot croisé Husky / Berger Allemand","180 000 CFA","Parcelle Assainies, Dakar, Sénégal","https://images.coinafrique.com/thumb_4280738_uploaded_image2_1688487016.jpeg"
"1739057173-551","https://sn.coinafrique.com/categorie/chiens?page=3","Chiots Cane Corso","https://sn.coinafrique.com/annonce/chiens/chiots-cane-corso-4283254","Chiots Cane Corso","350 000 CFA","Almadies, Dakar, Sénégal","https://images.coinafrique.com/thumb_4295604_uploaded_image1_1689430034.jpg"
"1739057176-552","https://sn.coinafrique.com/categorie/chiens?page=3","Chiots Husky's","https://sn.coinafrique.com/annonce/chiens/chiots-huskys-4284697","Chiots Husky's","250 000 CFA","Cambérène, Dakar, Sénégal","https://images.coinafrique.com/thumb_4023358_uploaded_image1_1672057592.jpg"
"1739057178-553","https://sn.coinafrique.com/categorie/chiens?page=3","Chiots Labradors","https://sn.coinafrique.com/annonce/chiens/chiots-labradors-4287921","Chiots Labradors","650 000 CFA","Almadies, Dakar, Sénégal","https://images.coinafrique.com/thumb_4287921_uploaded_image1_1688944788.jpg"
"1739057181-554","https://sn.coinafrique.com/categorie/chiens?page=3","Chiens Malinois","https://sn.coinafrique.com/annonce/chiens/chiens-malinois-4290173","Chiens Malinois","250 000 CFA","Dakar, Sénégal","https://images.coinafrique.com/thumb_5124976_uploaded_image1_1736338081.jpg"
"1739057184-555","https://sn.coinafrique.com/categorie/chiens?page=3","Chiots  Akita japonaise","https://sn.coinafrique.com/annonce/chiens/chiots-akita-japonaise-4294289","Chiots  Akita japonaise","850 000 CFA","Fann, Dakar, Sénégal","https://images.coinafrique.com/thumb_4294289_uploaded_image1_1689338730.jpg"
"1739057186-556","https://sn.coinafrique.com/categorie/chiens?page=3","Chiots Cane Corso","https://sn.coinafrique.com/annonce/chiens/chiots-cane-corso-4295604","Chiots Cane Corso","350 000 CFA","Almadies, Dakar, Sénégal","https://images.coinafrique.com/thumb_4295604_uploaded_image1_1689430034.jpg"
"1739057189-557","https://sn.coinafrique.com/categorie/chiens?page=3","Chiot  Berger Allemand","https://sn.coinafrique.com/annonce/chiens/chiot-berger-allemand-4296542","Chiot  Berger Allemand","200 000 CFA","Saint Louis, Sénégal","https://images.coinafrique.com/thumb_5013765_uploaded_image1_1730056659.jpg"
"1739057191-558","https://sn.coinafrique.com/categorie/chiens?page=3","Chiot Cane Corso","https://sn.coinafrique.com/annonce/chiens/chiot-cane-corso-4300394","Chiot Cane Corso","400 000 CFA","Pikine, Sénégal","https://images.coinafrique.com/thumb_4300394_uploaded_image1_1689770783.jpg"
"1739057194-559","https://sn.coinafrique.com/categorie/chiens?page=3","Chiot Spitz Nain","https://sn.coinafrique.com/annonce/chiens/chiot-spitz-nain-4305634","Chiot Spitz Nain","180 000 CFA","Sacré-Coeur, Dakar, Sénégal","https://images.coinafrique.com/thumb_4305634_uploaded_image1_1690146671.jpg"
"1739057196-560","https://sn.coinafrique.com/categorie/chiens?page=3","Chiot Bichon","https://sn.coinafrique.com/annonce/chiens/chiot-bichon-4307889","Chiot Bichon","150 000 CFA","Dieuppeul-Derklé, Dakar, Sénégal","https://images.coinafrique.com/thumb_4463994_uploaded_image1_1700397411.jpg"
"1739057199-561","https://sn.coinafrique.com/categorie/chiens?page=3","Chiot  Bichon nain","https://sn.coinafrique.com/annonce/chiens/chiot-bichon-nain-4311860","Chiot  Bichon nain","200 000 CFA","Almadies, Dakar, Sénégal","https://images.coinafrique.com/thumb_4311860_uploaded_image1_1690537675.jpg"
"1739057201-562","https://sn.coinafrique.com/categorie/chiens?page=3","Chiot Malinois","https://sn.coinafrique.com/annonce/chiens/chiot-malinois-4312162","Chiot Malinois","200 000 CFA","Dakar, Sénégal","https://images.coinafrique.com/thumb_4807147_uploaded_image2_1719173692.jpeg"
"1739057204-563","https://sn.coinafrique.com/categorie/chiens?page=3","Chiots Bichons","https://sn.coinafrique.com/annonce/chiens/chiots-bichons-4314748","Chiots Bichons","150 000 CFA","Dieuppeul-Derklé, Dakar, Sénégal","https://images.coinafrique.com/thumb_4463994_uploaded_image1_1700397411.jpg"
"1739057207-564","https://sn.coinafrique.com/categorie/chiens?page=3","Chiots berger allemand","https://sn.coinafrique.com/annonce/chiens/chiots-berger-allemand-4315045","Chiots berger allemand","180 000 CFA","Dakar, Sénégal","https://images.coinafrique.com/thumb_5131922_uploaded_image1_1736729395.jpg"
"1739057209-565","https://sn.coinafrique.com/categorie/chiens?page=3","Chiot berger allemand","https://sn.coinafrique.com/annonce/chiens/chiot-berger-allemand-4315123","Chiot berger allemand","Prix sur demande","Thies, Sénégal","https://images.coinafrique.com/thumb_4943304_uploaded_image1_1726252041.jpg"
"1739057214-566","https://sn.coinafrique.com/categorie/chiens?page=3","Chiots  Malinois","https://sn.coinafrique.com/annonce/chiens/chiots-malinois-4318517","Chiots  Malinois","225 000 CFA","Dakar, Sénégal","https://images.coinafrique.com/thumb_4807147_uploaded_image2_1719173692.jpeg"
"1739057216-567","https://sn.coinafrique.com/categorie/chiens?page=3","Chiots  Boerbull","https://sn.coinafrique.com/annonce/chiens/chiots-boerbull-4324260","Chiots  Boerbull","Prix sur demande","Biscuiterie, Dakar, Sénégal","https://images.coinafrique.com/thumb_4324260_uploaded_image1_1691322006.jpg"
"1739057218-568","https://sn.coinafrique.com/categorie/chiens?page=3","Chiot Pitbull","https://sn.coinafrique.com/annonce/chiens/chiot-pitbull-4327552","Chiot Pitbull","Prix sur demande","Sicap Liberté, Dakar, Sénégal","https://images.coinafrique.com/thumb_5123496_uploaded_image1_1736258658.jpg"
"1739057221-569","https://sn.coinafrique.com/categorie/chiens?page=3","Chiots Bichons","https://sn.coinafrique.com/annonce/chiens/chiots-bichons-4330247","Chiots Bichons","150 CFA","Dieuppeul-Derklé, Dakar, Sénégal","https://images.coinafrique.com/thumb_4463994_uploaded_image1_1700397411.jpg"
"1739057225-570","https://sn.coinafrique.com/categorie/chiens?page=3","Chiot  Caniche","https://sn.coinafrique.com/annonce/chiens/chiot-caniche-4330813","Chiot  Caniche","Prix sur demande","Mermoz-Sacré Coeur, Dakar, Sénégal","https://images.coinafrique.com/thumb_4330813_uploaded_image1_1691723836.jpg"
"1739057227-571","https://sn.coinafrique.com/categorie/chiens?page=3","Chiot Pitbull","https://sn.coinafrique.com/annonce/chiens/chiot-pitbull-4332159","Chiot Pitbull","Prix sur demande","Sicap Liberté, Dakar, Sénégal","https://images.coinafrique.com/thumb_5123496_uploaded_image1_1736258658.jpg"
"1739057230-572","https://sn.coinafrique.com/categorie/chiens?page=3","Chien  Berger","https://sn.coinafrique.com/annonce/chiens/chien-berger-4344463","Chien  Berger","Prix sur demande","Almadies, Dakar, Sénégal","https://images.coinafrique.com/thumb_4344463_uploaded_image1_1692634225.jpg"
"1739057232-573","https://sn.coinafrique.com/categorie/chiens?page=3","Chiots","https://sn.coinafrique.com/annonce/chiens/chiots-4344699","Chiots","250 000 CFA","Dakar, Sénégal","https://images.coinafrique.com/thumb_5131922_uploaded_image1_1736729395.jpg"
"1739057235-574","https://sn.coinafrique.com/categorie/chiens?page=3","Chiot Malinois","https://sn.coinafrique.com/annonce/chiens/chiot-malinois-4347159","Chiot Malinois","225 000 CFA","Rufisque, Sénégal","https://images.coinafrique.com/thumb_4969271_uploaded_image1_1727731274.jpg"
"1739057237-575","https://sn.coinafrique.com/categorie/chiens?page=3","Chiots Berger Malinois","https://sn.coinafrique.com/annonce/chiens/chiots-berger-malinois-4347191","Chiots Berger Malinois","140 000 CFA","Almadies, Dakar, Sénégal","https://images.coinafrique.com/thumb_4885713_uploaded_image1_1723206642.jpg"
"1739057240-576","https://sn.coinafrique.com/categorie/chiens?page=3","Chiots Bichons","https://sn.coinafrique.com/annonce/chiens/chiots-bichons-4349193","Chiots Bichons","150 000 CFA","Dieuppeul-Derklé, Dakar, Sénégal","https://images.coinafrique.com/thumb_4463994_uploaded_image1_1700397411.jpg"
"1739057242-577","https://sn.coinafrique.com/categorie/chiens?page=3","Chiot Berger allemand","https://sn.coinafrique.com/annonce/chiens/chiot-berger-allemand-4351042","Chiot Berger allemand","Prix sur demande","Mbour, Sénégal","https://images.coinafrique.com/thumb_4779635_uploaded_image1_1717531124.jpg"
"1739057268-578","https://sn.coinafrique.com/categorie/chiens?page=3","Vente chiot pittbull  femelle","https://sn.coinafrique.com/annonce/chiens/vente-chiot-pittbull-femelle-4351149","Vente chiot pittbull  femelle","Prix sur demande","Sicap Liberté, Dakar, Sénégal","https://images.coinafrique.com/thumb_4351149_uploaded_image1_1693052882.jpg"
"1739057271-579","https://sn.coinafrique.com/categorie/chiens?page=3","Chiot Bichon","https://sn.coinafrique.com/annonce/chiens/chiot-bichon-4359376","Chiot Bichon","160 000 CFA","Dieuppeul-Derklé, Dakar, Sénégal","https://images.coinafrique.com/thumb_4463994_uploaded_image1_1700397411.jpg"
"1739057273-580","https://sn.coinafrique.com/categorie/chiens?page=3","Chiot Labrador","https://sn.coinafrique.com/annonce/chiens/chiot-labrador-4362528","Chiot Labrador","600 000 CFA","Dakar Plateau, Dakar, Sénégal","https://images.coinafrique.com/thumb_4362528_uploaded_image1_1693831725.jpg"
"1739057277-581","https://sn.coinafrique.com/categorie/chiens?page=3","Chiot Berger Allemand","https://sn.coinafrique.com/annonce/chiens/chiot-berger-allemand-4364394","Chiot Berger Allemand","300 000 CFA","Keur Massar, Sénégal","https://images.coinafrique.com/thumb_4888701_uploaded_image1_1723387152.jpg"
"1739057280-582","https://sn.coinafrique.com/categorie/chiens?page=3","Chiots Berger Allemand","https://sn.coinafrique.com/annonce/chiens/chiots-berger-allemand-4372068","Chiots Berger Allemand","150 000 CFA","Grand Yoff, Dakar, Sénégal","https://images.coinafrique.com/thumb_4372068_uploaded_image1_1694433846.jpg"
"1739057283-583","https://sn.coinafrique.com/categorie/chiens?page=3","Chiots  Berger Malinois","https://sn.coinafrique.com/annonce/chiens/chiots-berger-malinois-4375184","Chiots  Berger Malinois","170 000 CFA","Ngor, Dakar, Sénégal","https://images.coinafrique.com/thumb_4375184_uploaded_image1_1694613400.jpg"
"1739057285-584","https://sn.coinafrique.com/categorie/chiens?page=3","Chiot Bichon","https://sn.coinafrique.com/annonce/chiens/chiot-bichon-4380821","Chiot Bichon","180 000 CFA","Sicap Liberté, Dakar, Sénégal","https://images.coinafrique.com/thumb_5085599_uploaded_image1_1733856381.jpg"
"1739057288-585","https://sn.coinafrique.com/categorie/chiens?page=3","Chiots Husky","https://sn.coinafrique.com/annonce/chiens/chiots-husky-4390232","Chiots Husky","400 000 CFA","Mariste, Dakar, Sénégal","https://images.coinafrique.com/thumb_4390232_uploaded_image1_1695643427.jpg"
"1739057290-586","https://sn.coinafrique.com/categorie/chiens?page=3","Chiot Bichon femelle","https://sn.coinafrique.com/annonce/chiens/chiot-bichon-femelle-4391785","Chiot Bichon femelle","160 000 CFA","Dieuppeul-Derklé, Dakar, Sénégal","https://images.coinafrique.com/thumb_4391785_uploaded_image1_1695736409.jpg"
"1739057293-587","https://sn.coinafrique.com/categorie/chiens?page=3","Chiot Bichon Maltais","https://sn.coinafrique.com/annonce/chiens/chiot-bichon-maltais-4396239","Chiot Bichon Maltais","180 000 CFA","Sicap Liberté, Dakar, Sénégal","https://images.coinafrique.com/thumb_5085599_uploaded_image1_1733856381.jpg"
"1739057300-588","https://sn.coinafrique.com/categorie/chiens?page=3","Chiot Berger allemand","https://sn.coinafrique.com/annonce/chiens/chiot-berger-allemand-4396584","Chiot Berger allemand","300 000 CFA","Thies, Sénégal","https://images.coinafrique.com/thumb_4943304_uploaded_image1_1726252041.jpg"
"1739057302-589","https://sn.coinafrique.com/categorie/chiens?page=3","Chiot Boerboel","https://sn.coinafrique.com/annonce/chiens/chiot-boerboel-4397438","Chiot Boerboel","400 000 CFA","Sicap foire, Dakar, Sénégal","https://images.coinafrique.com/thumb_4397438_uploaded_image1_1696155746.jpg"
"1739057305-590","https://sn.coinafrique.com/categorie/chiens?page=3","Chiot Cane Corso","https://sn.coinafrique.com/annonce/chiens/chiot-cane-corso-4397456","Chiot Cane Corso","200 000 CFA","Sicap foire, Dakar, Sénégal","https://images.coinafrique.com/thumb_4397456_uploaded_image1_1696156624.jpg"
"1739057307-591","https://sn.coinafrique.com/categorie/chiens?page=3","Chiot Pitbull","https://sn.coinafrique.com/annonce/chiens/chiot-pitbull-4397460","Chiot Pitbull","150 000 CFA","Sicap foire, Dakar, Sénégal","https://images.coinafrique.com/thumb_4397460_uploaded_image1_1696156833.jpg"
"1739057310-592","https://sn.coinafrique.com/categorie/chiens?page=3","Chien Malinois","https://sn.coinafrique.com/annonce/chiens/chien-malinois-4399201","Chien Malinois","130 000 CFA","Mamelles, Dakar, Sénégal","https://images.coinafrique.com/thumb_4399201_uploaded_image1_1696256233.jpg"
"1739057312-593","https://sn.coinafrique.com/categorie/chiens?page=3","Chiot Caniche","https://sn.coinafrique.com/annonce/chiens/chiot-caniche-4404913","Chiot Caniche","120 000 CFA","Grand Yoff, Dakar, Sénégal","https://images.coinafrique.com/thumb_4404913_uploaded_image1_1696555140.jpg"
"1739057315-594","https://sn.coinafrique.com/categorie/chiens?page=3","Chiots Bichon Maltais","https://sn.coinafrique.com/annonce/chiens/chiots-bichon-maltais-4405536","Chiots Bichon Maltais","150 000 CFA","Dakar, Sénégal","https://images.coinafrique.com/thumb_5002622_uploaded_image1_1729418106.jpg"
"1739057318-595","https://sn.coinafrique.com/categorie/chiens?page=3","Chiot Bichon","https://sn.coinafrique.com/annonce/chiens/chiot-bichon-4405915","Chiot Bichon","180 000 CFA","Grand Yoff, Dakar, Sénégal","https://images.coinafrique.com/thumb_4739575_uploaded_image1_1715527231.jpg"
"1739057320-596","https://sn.coinafrique.com/categorie/chiens?page=3","Chiot Presa Canario","https://sn.coinafrique.com/annonce/chiens/chiot-presa-canario-4407651","Chiot Presa Canario","Prix sur demande","Pikine, Sénégal","https://images.coinafrique.com/thumb_4407651_uploaded_image1_1696729959.jpg"
"1739057322-597","https://sn.coinafrique.com/categorie/chiens?page=3","Chiot","https://sn.coinafrique.com/annonce/chiens/chiot-4408048","Chiot","Prix sur demande","Ngor, Dakar, Sénégal","https://images.coinafrique.com/thumb_4937044_uploaded_image1_1725971142.jpg"
"1739057325-598","https://sn.coinafrique.com/categorie/chiens?page=3","Chien","https://sn.coinafrique.com/annonce/chiens/chien-4413890","Chien","300 000 CFA","Dakar, Sénégal","https://images.coinafrique.com/thumb_5124976_uploaded_image1_1736338081.jpg"
"1739057327-599","https://sn.coinafrique.com/categorie/chiens?page=3","Chien Berger Allemand","https://sn.coinafrique.com/annonce/chiens/chien-berger-allemand-4413893","Chien Berger Allemand","300 000 CFA","Dakar, Sénégal","https://images.coinafrique.com/thumb_4970950_uploaded_image1_1727800187.jpg"
"1739057330-600","https://sn.coinafrique.com/categorie/chiens?page=3","Chien Berger Allemand","https://sn.coinafrique.com/annonce/chiens/chien-berger-allemand-4413898","Chien Berger Allemand","200 000 CFA","Dakar, Sénégal","https://images.coinafrique.com/thumb_4970950_uploaded_image1_1727800187.jpg"
"1739057333-601","https://sn.coinafrique.com/categorie/chiens?page=3","Chiot Presa Canario","https://sn.coinafrique.com/annonce/chiens/chiot-presa-canario-4421861","Chiot Presa Canario","Prix sur demande","Thies, Sénégal","https://images.coinafrique.com/thumb_4421861_uploaded_image1_1697640775.jpg"
"1739057335-602","https://sn.coinafrique.com/categorie/chiens?page=3","Femelles Bichon Maltais","https://sn.coinafrique.com/annonce/chiens/femelles-bichon-maltais-4436255","Femelles Bichon Maltais","170 000 CFA","Sicap Liberté, Dakar, Sénégal","https://images.coinafrique.com/thumb_5074658_uploaded_image2_1733268730.jpeg"
"1739057338-603","https://sn.coinafrique.com/categorie/chiens?page=3","Chiot Caniche","https://sn.coinafrique.com/annonce/chiens/chiot-caniche-4456414","Chiot Caniche","150 000 CFA","Fass, Dakar, Sénégal","https://images.coinafrique.com/thumb_4456414_uploaded_image1_1699894532.jpg"
"1739057340-604","https://sn.coinafrique.com/categorie/chiens?page=3","Chiot Malinois","https://sn.coinafrique.com/annonce/chiens/chiot-malinois-4463659","Chiot Malinois","250 000 CFA","Dakar, Sénégal","https://images.coinafrique.com/thumb_4807147_uploaded_image2_1719173692.jpeg"
"1739057344-605","https://sn.coinafrique.com/categorie/chiens?page=3","Chiot Bichon","https://sn.coinafrique.com/annonce/chiens/chiot-bichon-4463994","Chiot Bichon","175 000 CFA","Dieuppeul-Derklé, Dakar, Sénégal","https://images.coinafrique.com/thumb_4463994_uploaded_image1_1700397411.jpg"
"1739057348-606","https://sn.coinafrique.com/categorie/chiens?page=3","Chien Kangal","https://sn.coinafrique.com/annonce/chiens/chien-kangal-4473735","Chien Kangal","Prix sur demande","Saly, Sénégal","https://images.coinafrique.com/thumb_4473735_uploaded_image1_1701045157.jpg"
"1739057351-607","https://sn.coinafrique.com/categorie/chiens?page=3","Chiot Rottweiler","https://sn.coinafrique.com/annonce/chiens/chiot-rottweiler-4482373","Chiot Rottweiler","350 000 CFA","Dakar, Sénégal","https://images.coinafrique.com/thumb_5004868_uploaded_image1_1729539442.jpg"
"1739057353-608","https://sn.coinafrique.com/categorie/chiens?page=3","Chiot Malinois","https://sn.coinafrique.com/annonce/chiens/chiot-malinois-4482375","Chiot Malinois","275 CFA","Dakar, Sénégal","https://images.coinafrique.com/thumb_4807147_uploaded_image2_1719173692.jpeg"
"1739057356-609","https://sn.coinafrique.com/categorie/chiens?page=3","Chiots Bichon Maltais","https://sn.coinafrique.com/annonce/chiens/chiots-bichon-maltais-4491233","Chiots Bichon Maltais","150 000 CFA","Lac rose, Sénégal","https://images.coinafrique.com/thumb_4491233_uploaded_image1_1702048768.jpg"
"1739057359-610","https://sn.coinafrique.com/categorie/chiens?page=3","Bichon Maltais","https://sn.coinafrique.com/annonce/chiens/bichon-maltais-4497133","Bichon Maltais","150 000 CFA","Sicap Liberté, Dakar, Sénégal","https://images.coinafrique.com/thumb_5085599_uploaded_image1_1733856381.jpg"
"1739057362-611","https://sn.coinafrique.com/categorie/chiens?page=3","Bichon Maltais","https://sn.coinafrique.com/annonce/chiens/bichon-maltais-4497142","Bichon Maltais","120 000 CFA","Sicap Liberté, Dakar, Sénégal","https://images.coinafrique.com/thumb_5085599_uploaded_image1_1733856381.jpg"
"1739057364-612","https://sn.coinafrique.com/categorie/chiens?page=3","Chiot Caniche","https://sn.coinafrique.com/annonce/chiens/chiot-caniche-4499987","Chiot Caniche","Prix sur demande","Mbour, Sénégal","https://images.coinafrique.com/thumb_4499987_uploaded_image1_1702579369.jpg"
"1739057367-613","https://sn.coinafrique.com/categorie/chiens?page=3","Chiot Boerbool","https://sn.coinafrique.com/annonce/chiens/chiot-boerbool-4513571","Chiot Boerbool","550 000 CFA","Thies, Sénégal","https://images.coinafrique.com/thumb_4513571_uploaded_image1_1703524590.jpg"
"1739057369-614","https://sn.coinafrique.com/categorie/chiens?page=3","Chiens  Malinois charbonnés","https://sn.coinafrique.com/annonce/chiens/chiens-malinois-charbonnes-4513573","Chiens  Malinois charbonnés","700 000 CFA","Thies, Sénégal","https://images.coinafrique.com/thumb_4513573_uploaded_image1_1703524791.jpg"
"1739057372-615","https://sn.coinafrique.com/categorie/chiens?page=3","Chiotte Berger Allemand","https://sn.coinafrique.com/annonce/chiens/chiotte-berger-allemand-4513582","Chiotte Berger Allemand","230 000 CFA","Thies, Sénégal","https://images.coinafrique.com/thumb_4943304_uploaded_image1_1726252041.jpg"
"1739057375-616","https://sn.coinafrique.com/categorie/chiens?page=3","Chiot Berger Allemand","https://sn.coinafrique.com/annonce/chiens/chiot-berger-allemand-4513587","Chiot Berger Allemand","700 000 CFA","Thies, Sénégal","https://images.coinafrique.com/thumb_4943304_uploaded_image1_1726252041.jpg"
"1739057377-617","https://sn.coinafrique.com/categorie/chiens?page=3","Chiots Bergers Allemands","https://sn.coinafrique.com/annonce/chiens/chiots-bergers-allemands-4530727","Chiots Bergers Allemands","125 000 CFA","Saly, Sénégal","https://images.coinafrique.com/thumb_4530727_uploaded_image1_1704546741.jpg"
"1739057380-618","https://sn.coinafrique.com/categorie/chiens?page=3","Chiot Berger allemand","https://sn.coinafrique.com/annonce/chiens/chiot-berger-allemand-4532063","Chiot Berger allemand","150 000 CFA","Dakar, Sénégal","https://images.coinafrique.com/thumb_5131922_uploaded_image1_1736729395.jpg"
"1739057383-619","https://sn.coinafrique.com/categorie/chiens?page=3","Chiot Berger Allemand","https://sn.coinafrique.com/annonce/chiens/chiot-berger-allemand-4532817","Chiot Berger Allemand","150 000 CFA","Thies, Sénégal","https://images.coinafrique.com/thumb_4943304_uploaded_image1_1726252041.jpg"
"1739057386-620","https://sn.coinafrique.com/categorie/chiens?page=3","Chiot Berger Malinois","https://sn.coinafrique.com/annonce/chiens/chiot-berger-malinois-4532826","Chiot Berger Malinois","250 000 CFA","Thies, Sénégal","https://images.coinafrique.com/thumb_5151738_uploaded_image1_1737744308.jpg"
"1739057388-621","https://sn.coinafrique.com/categorie/chiens?page=3","Chiot Rott","https://sn.coinafrique.com/annonce/chiens/chiot-rott-4532830","Chiot Rott","300 000 CFA","Thies, Sénégal","https://images.coinafrique.com/thumb_4920593_uploaded_image1_1725147642.jpg"
"1739057391-622","https://sn.coinafrique.com/categorie/chiens?page=3","Chiot Bichon","https://sn.coinafrique.com/annonce/chiens/chiot-bichon-4536513","Chiot Bichon","120 000 CFA","Sicap Liberté, Dakar, Sénégal","https://images.coinafrique.com/thumb_5085599_uploaded_image1_1733856381.jpg"
"1739057393-623","https://sn.coinafrique.com/categorie/chiens?page=3","Rottweiler femelle 2 mois","https://sn.coinafrique.com/annonce/chiens/rottweiler-femelle-2-mois-4543266","Rottweiler femelle 2 mois","275 000 CFA","Dakar, Sénégal","https://images.coinafrique.com/thumb_4543266_uploaded_image1_1705144667.jpg"
"1739057396-624","https://sn.coinafrique.com/categorie/chiens?page=3","Chiot femelle Malinois et Red Nose","https://sn.coinafrique.com/annonce/chiens/chiot-femelle-malinois-et-red-nose-4548513","Chiot femelle Malinois et Red Nose","250 000 CFA","Dakar, Sénégal","https://images.coinafrique.com/thumb_4548513_uploaded_image1_1705430390.jpg"
"1739057398-625","https://sn.coinafrique.com/categorie/chiens?page=3","Chiot Malinois","https://sn.coinafrique.com/annonce/chiens/chiot-malinois-4549443","Chiot Malinois","350 000 CFA","Dakar, Sénégal","https://images.coinafrique.com/thumb_4807147_uploaded_image2_1719173692.jpeg"
"1739057402-626","https://sn.coinafrique.com/categorie/chiens?page=3","Chiots mâle","https://sn.coinafrique.com/annonce/chiens/chiots-male-4556192","Chiots mâle","195 000 CFA","Point E, Dakar, Sénégal","https://images.coinafrique.com/thumb_1862107_uploaded_image1_1585455904.62.png"
"1739057405-627","https://sn.coinafrique.com/categorie/chiens?page=3","Chiots  Bichon maltais","https://sn.coinafrique.com/annonce/chiens/chiots-bichon-maltais-4557442","Chiots  Bichon maltais","Prix sur demande","Dakar, Sénégal","https://images.coinafrique.com/thumb_5002622_uploaded_image1_1729418106.jpg"
"1739057407-628","https://sn.coinafrique.com/categorie/chiens?page=3","Chiens malinois","https://sn.coinafrique.com/annonce/chiens/chiens-malinois-4559186","Chiens malinois","Prix sur demande","Dakar, Sénégal","https://images.coinafrique.com/thumb_5124976_uploaded_image1_1736338081.jpg"
"1739057410-629","https://sn.coinafrique.com/categorie/chiens?page=3","Chiens Malinois charbonner","https://sn.coinafrique.com/annonce/chiens/chiens-malinois-charbonner-4560526","Chiens Malinois charbonner","250 000 CFA","Rufisque, Sénégal","https://images.coinafrique.com/thumb_4560526_uploaded_image1_1706096544.jpg"
"1739057412-630","https://sn.coinafrique.com/categorie/chiens?page=3","Chiot Bichon","https://sn.coinafrique.com/annonce/chiens/chiot-bichon-4564541","Chiot Bichon","170 000 CFA","Mermoz-Sacré Coeur, Dakar, Sénégal","https://images.coinafrique.com/thumb_4955373_uploaded_image1_1726948506.jpg"
"1739057415-631","https://sn.coinafrique.com/categorie/chiens?page=3","Chiots Berger Allemand","https://sn.coinafrique.com/annonce/chiens/chiots-berger-allemand-4578066","Chiots Berger Allemand","175 000 CFA","Dakar, Sénégal","https://images.coinafrique.com/thumb_5131922_uploaded_image1_1736729395.jpg"
"1739057417-632","https://sn.coinafrique.com/categorie/chiens?page=3","Chiot Rottweiler","https://sn.coinafrique.com/annonce/chiens/chiot-rottweiler-4578118","Chiot Rottweiler","250 000 CFA","Almadies 2, Dakar, Sénégal","https://images.coinafrique.com/thumb_4578118_uploaded_image1_1707073637.jpg"
"1739057420-633","https://sn.coinafrique.com/categorie/chiens?page=3","Chiot Berger Allemand","https://sn.coinafrique.com/annonce/chiens/chiot-berger-allemand-4578293","Chiot Berger Allemand","150 000 CFA","Almadies 2, Dakar, Sénégal","https://images.coinafrique.com/thumb_4578293_uploaded_image1_1707081785.jpg"
"1739057426-634","https://sn.coinafrique.com/categorie/chiens?page=2","Chien American Bully","https://sn.coinafrique.com/annonce/chiens/chien-american-bully-4579870","Chien American Bully","Prix sur demande","Thies, Sénégal","https://images.coinafrique.com/thumb_4579870_uploaded_image1_1707162831.jpg"
"1739057429-635","https://sn.coinafrique.com/categorie/chiens?page=2","Chien Boerboel","https://sn.coinafrique.com/annonce/chiens/chien-boerboel-4580660","Chien Boerboel","250 CFA","Dakar, Sénégal","https://images.coinafrique.com/thumb_4580660_uploaded_image1_1707214130.jpg"
"1739057431-636","https://sn.coinafrique.com/categorie/chiens?page=2","Bichon maltais femelle","https://sn.coinafrique.com/annonce/chiens/bichon-maltais-femelle-4583262","Bichon maltais femelle","130 000 CFA","Almadies 2, Dakar, Sénégal","https://images.coinafrique.com/thumb_4583262_uploaded_image1_1707324718.jpg"
"1739057434-637","https://sn.coinafrique.com/categorie/chiens?page=2","Chiot Bichon maltais","https://sn.coinafrique.com/annonce/chiens/chiot-bichon-maltais-4592152","Chiot Bichon maltais","150 000 CFA","Ouakam, Dakar, Sénégal","https://images.coinafrique.com/thumb_4592152_uploaded_image1_1707841961.jpg"
"1739057436-638","https://sn.coinafrique.com/categorie/chiens?page=2","Chiot Bichon","https://sn.coinafrique.com/annonce/chiens/chiot-bichon-4595120","Chiot Bichon","100 000 CFA","Thies, Sénégal","https://images.coinafrique.com/thumb_4595120_uploaded_image1_1708002349.jpg"
"1739057439-639","https://sn.coinafrique.com/categorie/chiens?page=2","Chien Berger Belge Malinois","https://sn.coinafrique.com/annonce/chiens/chien-berger-belge-malinois-4599516","Chien Berger Belge Malinois","300 000 CFA","Mbao, Dakar, Sénégal","https://images.coinafrique.com/thumb_4687438_uploaded_image1_1712878170.jpg"
"1739057441-640","https://sn.coinafrique.com/categorie/chiens?page=2","Chiens berger allemand","https://sn.coinafrique.com/annonce/chiens/chiens-berger-allemand-4604923","Chiens berger allemand","Prix sur demande","Dakar, Sénégal","https://images.coinafrique.com/thumb_4970950_uploaded_image1_1727800187.jpg"
"1739057444-641","https://sn.coinafrique.com/categorie/chiens?page=2","Chiens boerbulls","https://sn.coinafrique.com/annonce/chiens/chiens-boerbulls-4606579","Chiens boerbulls","Prix sur demande","Diamniadio, Sénégal","https://images.coinafrique.com/thumb_4606579_uploaded_image1_1708609223.jpg"
"1739057446-642","https://sn.coinafrique.com/categorie/chiens?page=2","Chien Boerboel","https://sn.coinafrique.com/annonce/chiens/chien-boerboel-4607340","Chien Boerboel","275 000 CFA","Diamniadio, Sénégal","https://images.coinafrique.com/thumb_4607340_uploaded_image1_1708639477.jpg"
"1739057449-643","https://sn.coinafrique.com/categorie/chiens?page=2","Chien Berger Allemand","https://sn.coinafrique.com/annonce/chiens/chien-berger-allemand-4609624","Chien Berger Allemand","Prix sur demande","Dakar, Sénégal","https://images.coinafrique.com/thumb_4970950_uploaded_image1_1727800187.jpg"
"1739057451-644","https://sn.coinafrique.com/categorie/chiens?page=2","Bichon","https://sn.coinafrique.com/annonce/chiens/bichon-4611544","Bichon","150 000 CFA","Mariste, Dakar, Sénégal","https://images.coinafrique.com/thumb_4611544_uploaded_image1_1708894607.jpg"
"1739057454-645","https://sn.coinafrique.com/categorie/chiens?page=2","Chiot Malinois","https://sn.coinafrique.com/annonce/chiens/chiot-malinois-4618143","Chiot Malinois","300 000 CFA","Dakar, Sénégal","https://images.coinafrique.com/thumb_4807147_uploaded_image2_1719173692.jpeg"
"1739057456-646","https://sn.coinafrique.com/categorie/chiens?page=2","Chien Berger Femelle adulte","https://sn.coinafrique.com/annonce/chiens/chien-berger-femelle-adulte-4630010","Chien Berger Femelle adulte","500 000 CFA","Dakar, Sénégal","https://images.coinafrique.com/thumb_4630010_uploaded_image1_1709800534.jpg"
"1739057459-647","https://sn.coinafrique.com/categorie/chiens?page=2","Caniche","https://sn.coinafrique.com/annonce/chiens/caniche-4634226","Caniche","200 000 CFA","Dakar, Sénégal","https://images.coinafrique.com/thumb_4634226_uploaded_image1_1710001956.jpg"
"1739057461-648","https://sn.coinafrique.com/categorie/chiens?page=2","Chiot Berger Allemand mâle","https://sn.coinafrique.com/annonce/chiens/chiot-berger-allemand-male-4636694","Chiot Berger Allemand mâle","180 000 CFA","Dakar, Sénégal","https://images.coinafrique.com/thumb_4884833_uploaded_image1_1723151589.jpg"
"1739057464-649","https://sn.coinafrique.com/categorie/chiens?page=2","Chiots Golden Retriever","https://sn.coinafrique.com/annonce/chiens/chiots-golden-retriever-4652247","Chiots Golden Retriever","650 000 CFA","Dakar Plateau, Dakar, Sénégal","https://images.coinafrique.com/thumb_4853861_uploaded_image1_1721576301.jpg"
"1739057466-650","https://sn.coinafrique.com/categorie/chiens?page=2","Chiot Berger Allemand","https://sn.coinafrique.com/annonce/chiens/chiot-berger-allemand-4653887","Chiot Berger Allemand","Prix sur demande","Pikine, Sénégal","https://images.coinafrique.com/thumb_4653887_uploaded_image1_1711074324.jpg"
"1739057468-651","https://sn.coinafrique.com/categorie/chiens?page=2","Chien Berger allemand","https://sn.coinafrique.com/annonce/chiens/chien-berger-allemand-4657472","Chien Berger allemand","175 000 CFA","Dakar, Sénégal","https://images.coinafrique.com/thumb_4970950_uploaded_image1_1727800187.jpg"
"1739057471-652","https://sn.coinafrique.com/categorie/chiens?page=2","Chiot Berger Allemand","https://sn.coinafrique.com/annonce/chiens/chiot-berger-allemand-4659440","Chiot Berger Allemand","160 000 CFA","Dakar, Sénégal","https://images.coinafrique.com/thumb_5131922_uploaded_image1_1736729395.jpg"
"1739057474-653","https://sn.coinafrique.com/categorie/chiens?page=2","Chiot Berger Allemand","https://sn.coinafrique.com/annonce/chiens/chiot-berger-allemand-4660990","Chiot Berger Allemand","250 000 CFA","Dakar, Sénégal","https://images.coinafrique.com/thumb_5131922_uploaded_image1_1736729395.jpg"
"1739057477-654","https://sn.coinafrique.com/categorie/chiens?page=2","Chiot Boerbull","https://sn.coinafrique.com/annonce/chiens/chiot-boerbull-4664447","Chiot Boerbull","Prix sur demande","Dakar, Sénégal","https://images.coinafrique.com/thumb_4664453_uploaded_image1_1711641058.jpg"
"1739057480-655","https://sn.coinafrique.com/categorie/chiens?page=2","Chiot Boerbull","https://sn.coinafrique.com/annonce/chiens/chiot-boerbull-4664453","Chiot Boerbull","Prix sur demande","Dakar, Sénégal","https://images.coinafrique.com/thumb_4664453_uploaded_image1_1711641058.jpg"
"1739057483-656","https://sn.coinafrique.com/categorie/chiens?page=2","Chiot Malinois","https://sn.coinafrique.com/annonce/chiens/chiot-malinois-4667946","Chiot Malinois","250 000 CFA","Rufisque, Sénégal","https://images.coinafrique.com/thumb_4969271_uploaded_image1_1727731274.jpg"
"1739057485-657","https://sn.coinafrique.com/categorie/chiens?page=2","Chiot Berger Allemand","https://sn.coinafrique.com/annonce/chiens/chiot-berger-allemand-4670652","Chiot Berger Allemand","150 000 CFA","Guediawaye, Dakar, Sénégal","https://images.coinafrique.com/thumb_5016564_uploaded_image1_1730217865.jpg"
"1739057488-658","https://sn.coinafrique.com/categorie/chiens?page=2","Chiots Bichons Maltais","https://sn.coinafrique.com/annonce/chiens/chiots-bichons-maltais-4672174","Chiots Bichons Maltais","100 000 CFA","Ouest Foire, Dakar, Sénégal","https://images.coinafrique.com/thumb_4672174_uploaded_image1_1712086423.jpg"
"1739057492-659","https://sn.coinafrique.com/categorie/chiens?page=2","Chien Berger Allemand","https://sn.coinafrique.com/annonce/chiens/chien-berger-allemand-4679501","Chien Berger Allemand","310 000 CFA","Rufisque, Sénégal","https://images.coinafrique.com/thumb_4679501_uploaded_image1_1712415418.jpg"
"1739057496-660","https://sn.coinafrique.com/categorie/chiens?page=2","Malinois mal","https://sn.coinafrique.com/annonce/chiens/malinois-mal-4679677","Malinois mal","250 CFA","Dakar, Sénégal","https://images.coinafrique.com/thumb_4679677_uploaded_image1_1712423347.jpg"
"1739057499-661","https://sn.coinafrique.com/categorie/chiens?page=2","Chiot Ridgback","https://sn.coinafrique.com/annonce/chiens/chiot-ridgback-4680610","Chiot Ridgback","500 000 CFA","Diamniadio, Sénégal","https://images.coinafrique.com/thumb_4680610_uploaded_image1_1712497780.jpg"
"1739057501-662","https://sn.coinafrique.com/categorie/chiens?page=2","Chiots Malinois","https://sn.coinafrique.com/annonce/chiens/chiots-malinois-4681737","Chiots Malinois","Prix sur demande","Mbao, Dakar, Sénégal","https://images.coinafrique.com/thumb_4894008_uploaded_image1_1723642785.jpg"
"1739057504-663","https://sn.coinafrique.com/categorie/chiens?page=2","Chiot Bichon Maltais","https://sn.coinafrique.com/annonce/chiens/chiot-bichon-maltais-4683644","Chiot Bichon Maltais","777 621 466 CFA","Dakar, Sénégal","https://images.coinafrique.com/thumb_5002622_uploaded_image1_1729418106.jpg"
"1739057507-664","https://sn.coinafrique.com/categorie/chiens?page=2","Chien Berger Belge Malinois","https://sn.coinafrique.com/annonce/chiens/chien-berger-belge-malinois-4687438","Chien Berger Belge Malinois","250 000 CFA","Mbao, Dakar, Sénégal","https://images.coinafrique.com/thumb_4687438_uploaded_image1_1712878170.jpg"
"1739057509-665","https://sn.coinafrique.com/categorie/chiens?page=2","Chiot Berger Allemand","https://sn.coinafrique.com/annonce/chiens/chiot-berger-allemand-4692204","Chiot Berger Allemand","200 000 CFA","Fann, Dakar, Sénégal","https://images.coinafrique.com/thumb_5114394_uploaded_image1_1735682024.jpg"
"1739057512-666","https://sn.coinafrique.com/categorie/chiens?page=2","Chiot Berger Allemand","https://sn.coinafrique.com/annonce/chiens/chiot-berger-allemand-4692205","Chiot Berger Allemand","Prix sur demande","Fann, Dakar, Sénégal","https://images.coinafrique.com/thumb_5114394_uploaded_image1_1735682024.jpg"
"1739057515-667","https://sn.coinafrique.com/categorie/chiens?page=2","Chiot Malinois","https://sn.coinafrique.com/annonce/chiens/chiot-malinois-4695228","Chiot Malinois","779 638 883 CFA","Dakar, Sénégal","https://images.coinafrique.com/thumb_4807147_uploaded_image2_1719173692.jpeg"
"1739057518-668","https://sn.coinafrique.com/categorie/chiens?page=2","Femelle Apbt Brinze","https://sn.coinafrique.com/annonce/chiens/femelle-apbt-brinze-4711619","Femelle Apbt Brinze","250 000 CFA","Dakar, Sénégal","https://images.coinafrique.com/thumb_4711619_uploaded_image1_1714093089.jpg"
"1739057520-669","https://sn.coinafrique.com/categorie/chiens?page=2","Chien Berger Allemand","https://sn.coinafrique.com/annonce/chiens/chien-berger-allemand-4716925","Chien Berger Allemand","200 000 CFA","Guediawaye, Dakar, Sénégal","https://images.coinafrique.com/thumb_4716925_uploaded_image1_1714422080.jpg"
"1739057523-670","https://sn.coinafrique.com/categorie/chiens?page=2","Berger Allemand Femelle","https://sn.coinafrique.com/annonce/chiens/berger-allemand-femelle-4717577","Berger Allemand Femelle","500 000 CFA","Dakar, Sénégal","https://images.coinafrique.com/thumb_5131922_uploaded_image1_1736729395.jpg"
"1739057525-671","https://sn.coinafrique.com/categorie/chiens?page=2","Rottweiler","https://sn.coinafrique.com/annonce/chiens/rottweiler-4727689","Rottweiler","300 000 CFA","Dakar, Sénégal","https://images.coinafrique.com/thumb_5004868_uploaded_image1_1729539442.jpg"
"1739057528-672","https://sn.coinafrique.com/categorie/chiens?page=2","Chiot Bichon","https://sn.coinafrique.com/annonce/chiens/chiot-bichon-4739575","Chiot Bichon","150 000 CFA","Grand Yoff, Dakar, Sénégal","https://images.coinafrique.com/thumb_4739575_uploaded_image1_1715527231.jpg"
"1739057530-673","https://sn.coinafrique.com/categorie/chiens?page=2","Chiots","https://sn.coinafrique.com/annonce/chiens/chiots-4740260","Chiots","20 000 CFA","Gorée, Dakar, Sénégal","https://images.coinafrique.com/thumb_4740260_uploaded_image1_1715562134.jpg"
"1739057533-674","https://sn.coinafrique.com/categorie/chiens?page=2","Chiots","https://sn.coinafrique.com/annonce/chiens/chiots-4746939","Chiots","Prix sur demande","Thies, Sénégal","https://images.coinafrique.com/thumb_5151738_uploaded_image1_1737744308.jpg"
"1739057535-675","https://sn.coinafrique.com/categorie/chiens?page=2","Chien Husky","https://sn.coinafrique.com/annonce/chiens/chien-husky-4755258","Chien Husky","300 000 CFA","Ouest Foire, Dakar, Sénégal","https://images.coinafrique.com/thumb_4814513_uploaded_image1_1719531765.jpg"
"1739057537-676","https://sn.coinafrique.com/categorie/chiens?page=2","Chiot Malinois","https://sn.coinafrique.com/annonce/chiens/chiot-malinois-4755803","Chiot Malinois","290 CFA","Dakar, Sénégal","https://images.coinafrique.com/thumb_4807147_uploaded_image2_1719173692.jpeg"
"1739057540-677","https://sn.coinafrique.com/categorie/chiens?page=2","Chiots Berger XL","https://sn.coinafrique.com/annonce/chiens/chiots-berger-xl-4758802","Chiots Berger XL","250 000 CFA","Saly, Sénégal","https://images.coinafrique.com/thumb_4758802_uploaded_image1_1716485273.jpg"
"1739057543-678","https://sn.coinafrique.com/categorie/chiens?page=2","Chiots Berger Allemand","https://sn.coinafrique.com/annonce/chiens/chiots-berger-allemand-4764005","Chiots Berger Allemand","400 000 CFA","Mbour, Sénégal","https://images.coinafrique.com/thumb_4779635_uploaded_image1_1717531124.jpg"
"1739057545-679","https://sn.coinafrique.com/categorie/chiens?page=2","Berger allemand pure sang","https://sn.coinafrique.com/annonce/chiens/berger-allemand-pure-sang-4779635","Berger allemand pure sang","160 000 CFA","Mbour, Sénégal","https://images.coinafrique.com/thumb_4779635_uploaded_image1_1717531124.jpg"
"1739057548-680","https://sn.coinafrique.com/categorie/chiens?page=2","Chiot malinois femelle","https://sn.coinafrique.com/annonce/chiens/chiot-malinois-femelle-4795597","Chiot malinois femelle","250 000 CFA","Saly, Sénégal","https://images.coinafrique.com/thumb_4795597_uploaded_image1_1718373916.jpg"
"1739057550-681","https://sn.coinafrique.com/categorie/chiens?page=2","Bichon Maltais","https://sn.coinafrique.com/annonce/chiens/bichon-maltais-4806292","Bichon Maltais","779 638 883 CFA","Dakar, Sénégal","https://images.coinafrique.com/thumb_5002622_uploaded_image1_1729418106.jpg"
"1739057553-682","https://sn.coinafrique.com/categorie/chiens?page=2","Chien Malinois","https://sn.coinafrique.com/annonce/chiens/chien-malinois-4806294","Chien Malinois","77 963 888 CFA","Dakar, Sénégal","https://images.coinafrique.com/thumb_5124976_uploaded_image1_1736338081.jpg"
"1739057555-683","https://sn.coinafrique.com/categorie/chiens?page=2","Chiot Malinois 4 mois","https://sn.coinafrique.com/annonce/chiens/chiot-malinois-4-mois-4807147","Chiot Malinois 4 mois","275 CFA","Dakar, Sénégal","https://images.coinafrique.com/thumb_4807147_uploaded_image2_1719173692.jpeg"
"1739057558-684","https://sn.coinafrique.com/categorie/chiens?page=2","Chiots dog canaries","https://sn.coinafrique.com/annonce/chiens/chiots-dog-canaries-4808208","Chiots dog canaries","Prix sur demande","Keur Massar, Sénégal","https://images.coinafrique.com/thumb_5112459_uploaded_image1_1735553703.jpg"
"1739057560-685","https://sn.coinafrique.com/categorie/chiens?page=2","Bichon maltais","https://sn.coinafrique.com/annonce/chiens/bichon-maltais-4812592","Bichon maltais","145 000 CFA","Dieuppeul-Derklé, Dakar, Sénégal","https://images.coinafrique.com/thumb_4812592_uploaded_image1_1719436345.jpg"
"1739057563-686","https://sn.coinafrique.com/categorie/chiens?page=2","Chiot Husky pur sang","https://sn.coinafrique.com/annonce/chiens/chiot-husky-pur-sang-4814513","Chiot Husky pur sang","250 000 CFA","Ouest Foire, Dakar, Sénégal","https://images.coinafrique.com/thumb_4814513_uploaded_image1_1719531765.jpg"
"1739057565-687","https://sn.coinafrique.com/categorie/chiens?page=2","Chiots Berger Allemand","https://sn.coinafrique.com/annonce/chiens/chiots-berger-allemand-4817314","Chiots Berger Allemand","160 000 CFA","Cambérène, Dakar, Sénégal","https://images.coinafrique.com/thumb_4875998_uploaded_image1_1722728517.jpg"
"1739057568-688","https://sn.coinafrique.com/categorie/chiens?page=2","Chiots Malinois","https://sn.coinafrique.com/annonce/chiens/chiots-malinois-4828053","Chiots Malinois","300 000 CFA","Thies, Sénégal","https://images.coinafrique.com/thumb_5151738_uploaded_image1_1737744308.jpg"
"1739057570-689","https://sn.coinafrique.com/categorie/chiens?page=2","Chiens de race","https://sn.coinafrique.com/annonce/chiens/chiens-de-race-4829728","Chiens de race","500 000 CFA","HLM, Dakar, Sénégal","https://images.coinafrique.com/thumb_5158454_uploaded_image1_1738138116.jpg"
"1739057573-690","https://sn.coinafrique.com/categorie/chiens?page=2","Chiens de race","https://sn.coinafrique.com/annonce/chiens/chiens-de-race-4829755","Chiens de race","250 000 CFA","HLM, Dakar, Sénégal","https://images.coinafrique.com/thumb_5158454_uploaded_image1_1738138116.jpg"
"1739057575-691","https://sn.coinafrique.com/categorie/chiens?page=2","Berger Allemand poil long","https://sn.coinafrique.com/annonce/chiens/berger-allemand-poil-long-4834152","Berger Allemand poil long","150 000 CFA","Thies, Sénégal","https://images.coinafrique.com/thumb_4834152_uploaded_image1_1720526802.jpg"
"1739057578-692","https://sn.coinafrique.com/categorie/chiens?page=2","Chiots Berger Allemand","https://sn.coinafrique.com/annonce/chiens/chiots-berger-allemand-4837526","Chiots Berger Allemand","350 000 CFA","Parcelle Assainies, Dakar, Sénégal","https://images.coinafrique.com/thumb_4837526_uploaded_image1_1720683729.jpg"
"1739057580-693","https://sn.coinafrique.com/categorie/chiens?page=2","Berger Allemand","https://sn.coinafrique.com/annonce/chiens/berger-allemand-4840125","Berger Allemand","150 000 CFA","Cambérène, Dakar, Sénégal","https://images.coinafrique.com/thumb_4875998_uploaded_image1_1722728517.jpg"
"1739057583-694","https://sn.coinafrique.com/categorie/chiens?page=2","Chien Bichon","https://sn.coinafrique.com/annonce/chiens/chien-bichon-4844767","Chien Bichon","160 000 CFA","Sicap Liberté, Dakar, Sénégal","https://images.coinafrique.com/thumb_4844767_uploaded_image1_1721086997.jpg"
"1739057586-695","https://sn.coinafrique.com/categorie/chiens?page=2","Berger allemand","https://sn.coinafrique.com/annonce/chiens/berger-allemand-4845561","Berger allemand","150 000 CFA","Diamniadio, Sénégal","https://images.coinafrique.com/thumb_5173038_uploaded_image1_1738846508.jpg"
"1739057589-696","https://sn.coinafrique.com/categorie/chiens?page=2","Chiots spitz nain","https://sn.coinafrique.com/annonce/chiens/chiots-spitz-nain-4845887","Chiots spitz nain","800 000 CFA","Dakar Plateau, Dakar, Sénégal","https://images.coinafrique.com/thumb_4845887_uploaded_image1_1721141629.jpg"
"1739057591-697","https://sn.coinafrique.com/categorie/chiens?page=2","Chiots Rottweiler","https://sn.coinafrique.com/annonce/chiens/chiots-rottweiler-4848898","Chiots Rottweiler","250 000 CFA","Mariste, Dakar, Sénégal","https://images.coinafrique.com/thumb_4848898_uploaded_image1_1721301203.jpg"
"1739057594-698","https://sn.coinafrique.com/categorie/chiens?page=2","Chiot Belgian Malinois charbonne","https://sn.coinafrique.com/annonce/chiens/chiot-belgian-malinois-charbonne-4850412","Chiot Belgian Malinois charbonne","250 000 CFA","Yoff, Dakar, Sénégal","https://images.coinafrique.com/thumb_4850412_uploaded_image1_1721376820.jpg"
"1739057596-699","https://sn.coinafrique.com/categorie/chiens?page=2","Chiot Cane Corso","https://sn.coinafrique.com/annonce/chiens/chiot-cane-corso-4851447","Chiot Cane Corso","Prix sur demande","Mariste, Dakar, Sénégal","https://images.coinafrique.com/thumb_4851447_uploaded_image1_1721414706.jpg"
"1739057598-700","https://sn.coinafrique.com/categorie/chiens?page=2","Chiot Husky","https://sn.coinafrique.com/annonce/chiens/chiot-husky-4852383","Chiot Husky","200 000 CFA","Mbour, Sénégal","https://images.coinafrique.com/thumb_4852383_uploaded_image1_1721477152.jpg"
"1739057601-701","https://sn.coinafrique.com/categorie/chiens?page=2","Chiot Chiwawa","https://sn.coinafrique.com/annonce/chiens/chiot-chiwawa-4853647","Chiot Chiwawa","550 000 CFA","Dakar Plateau, Dakar, Sénégal","https://images.coinafrique.com/thumb_4853647_uploaded_image1_1721564020.jpg"
"1739057604-702","https://sn.coinafrique.com/categorie/chiens?page=2","Chiots Golden retriever","https://sn.coinafrique.com/annonce/chiens/chiots-golden-retriever-4853861","Chiots Golden retriever","650 000 CFA","Dakar Plateau, Dakar, Sénégal","https://images.coinafrique.com/thumb_4853861_uploaded_image1_1721576301.jpg"
"1739057606-703","https://sn.coinafrique.com/categorie/chiens?page=2","Chiot Dogo argentino","https://sn.coinafrique.com/annonce/chiens/chiot-dogo-argentino-4853893","Chiot Dogo argentino","Prix sur demande","Thies, Sénégal","https://images.coinafrique.com/thumb_4853893_uploaded_image1_1721578319.jpg"
"1739057608-704","https://sn.coinafrique.com/categorie/chiens?page=2","Chiots berger allemand","https://sn.coinafrique.com/annonce/chiens/chiots-berger-allemand-4858734","Chiots berger allemand","150 000 CFA","Keur Massar, Sénégal","https://images.coinafrique.com/thumb_4888701_uploaded_image1_1723387152.jpg"
"1739057612-705","https://sn.coinafrique.com/categorie/chiens?page=2","Bichons maltin pure race","https://sn.coinafrique.com/annonce/chiens/bichons-maltin-pure-race-4865327","Bichons maltin pure race","250 000 CFA","HLM, Dakar, Sénégal","https://images.coinafrique.com/thumb_4865327_uploaded_image1_1722209598.jpg"
"1739057614-706","https://sn.coinafrique.com/categorie/chiens?page=2","Chiot Caniche","https://sn.coinafrique.com/annonce/chiens/chiot-caniche-4867390","Chiot Caniche","150 000 CFA","Thies, Sénégal","https://images.coinafrique.com/thumb_4893046_uploaded_image1_1723590343.jpg"
"1739057617-707","https://sn.coinafrique.com/categorie/chiens?page=2","Chiot berger malinois","https://sn.coinafrique.com/annonce/chiens/chiot-berger-malinois-4868594","Chiot berger malinois","150 000 CFA","Keur Massar, Sénégal","https://images.coinafrique.com/thumb_4868594_uploaded_image1_1722382090.jpg"
"1739057619-708","https://sn.coinafrique.com/categorie/chiens?page=2","Chiot Berger Allemand","https://sn.coinafrique.com/annonce/chiens/chiot-berger-allemand-4875998","Chiot Berger Allemand","150 000 CFA","Cambérène, Dakar, Sénégal","https://images.coinafrique.com/thumb_4875998_uploaded_image1_1722728517.jpg"
"1739057622-709","https://sn.coinafrique.com/categorie/chiens?page=2","Chiot Berger Allemand","https://sn.coinafrique.com/annonce/chiens/chiot-berger-allemand-4884833","Chiot Berger Allemand","150 000 CFA","Dakar, Sénégal","https://images.coinafrique.com/thumb_5131922_uploaded_image1_1736729395.jpg"
"1739057624-710","https://sn.coinafrique.com/categorie/chiens?page=2","Golden Retriever","https://sn.coinafrique.com/annonce/chiens/golden-retriever-4885131","Golden Retriever","300 000 CFA","Almadies 2, Dakar, Sénégal","https://images.coinafrique.com/thumb_4885131_uploaded_image1_1723173005.jpg"
"1739057626-711","https://sn.coinafrique.com/categorie/chiens?page=2","Pitbull","https://sn.coinafrique.com/annonce/chiens/pitbull-4885134","Pitbull","135 000 CFA","Almadies 2, Dakar, Sénégal","https://images.coinafrique.com/thumb_4885134_uploaded_image1_1723173253.jpg"
"1739057629-712","https://sn.coinafrique.com/categorie/chiens?page=2","Berger Allemand","https://sn.coinafrique.com/annonce/chiens/berger-allemand-4885136","Berger Allemand","150 000 CFA","Almadies 2, Dakar, Sénégal","https://images.coinafrique.com/thumb_4885136_uploaded_image1_1723173479.jpg"
"1739057631-713","https://sn.coinafrique.com/categorie/chiens?page=2","Vente de chiots","https://sn.coinafrique.com/annonce/chiens/vente-de-chiots-4885713","Vente de chiots","130 000 CFA","Almadies, Dakar, Sénégal","https://images.coinafrique.com/thumb_4885713_uploaded_image1_1723206642.jpg"
"1739057634-714","https://sn.coinafrique.com/categorie/chiens?page=2","Chiot Berger Malinois","https://sn.coinafrique.com/annonce/chiens/chiot-berger-malinois-4887929","Chiot Berger Malinois","300 000 CFA","Mbour, Sénégal","https://images.coinafrique.com/thumb_4997477_uploaded_image1_1729105958.jpg"
"1739057636-715","https://sn.coinafrique.com/categorie/chiens?page=2","Berger allemand","https://sn.coinafrique.com/annonce/chiens/berger-allemand-4888701","Berger allemand","150 000 CFA","Keur Massar, Sénégal","https://images.coinafrique.com/thumb_4888701_uploaded_image1_1723387152.jpg"
"1739057639-716","https://sn.coinafrique.com/categorie/chiens?page=2","Chiot Berger Allemand","https://sn.coinafrique.com/annonce/chiens/chiot-berger-allemand-4892261","Chiot Berger Allemand","150 000 CFA","Dakar, Sénégal","https://images.coinafrique.com/thumb_5131922_uploaded_image1_1736729395.jpg"
"1739057641-717","https://sn.coinafrique.com/categorie/chiens?page=2","Chiot femelle caniche","https://sn.coinafrique.com/annonce/chiens/chiot-femelle-caniche-4893046","Chiot femelle caniche","150 000 CFA","Thies, Sénégal","https://images.coinafrique.com/thumb_4893046_uploaded_image1_1723590343.jpg"
"1739057647-718","https://sn.coinafrique.com/categorie/chiens?page=1","Chiot Husky","https://sn.coinafrique.com/annonce/chiens/chiot-husky-4893706","Chiot Husky","400 000 CFA","Keur Massar, Sénégal","https://images.coinafrique.com/thumb_4893706_uploaded_image1_1723634647.jpg"
"1739057650-719","https://sn.coinafrique.com/categorie/chiens?page=1","Chiot Berger Malinois","https://sn.coinafrique.com/annonce/chiens/chiot-berger-malinois-4894008","Chiot Berger Malinois","130 000 CFA","Mbao, Dakar, Sénégal","https://images.coinafrique.com/thumb_4894008_uploaded_image1_1723642785.jpg"
"1739057652-720","https://sn.coinafrique.com/categorie/chiens?page=1","Boerboel","https://sn.coinafrique.com/annonce/chiens/boerboel-4894355","Boerboel","400 000 CFA","Almadies 2, Dakar, Sénégal","https://images.coinafrique.com/thumb_4894355_uploaded_image1_1723654678.jpg"
"1739057655-721","https://sn.coinafrique.com/categorie/chiens?page=1","Berger Malinois","https://sn.coinafrique.com/annonce/chiens/berger-malinois-4910751","Berger Malinois","200 000 CFA","Dakar, Sénégal","https://images.coinafrique.com/thumb_4910751_uploaded_image1_1724605148.jpg"
"1739057657-722","https://sn.coinafrique.com/categorie/chiens?page=1","Chiot Bichon","https://sn.coinafrique.com/annonce/chiens/chiot-bichon-4912455","Chiot Bichon","160 000 CFA","Keur Massar, Sénégal","https://images.coinafrique.com/thumb_4934038_uploaded_image1_1725809065.jpg"
"1739057660-723","https://sn.coinafrique.com/categorie/chiens?page=1","Cane Corso de 4 mois","https://sn.coinafrique.com/annonce/chiens/cane-corso-de-4-mois-4919921","Cane Corso de 4 mois","450 000 CFA","Sicap Liberté, Dakar, Sénégal","https://images.coinafrique.com/thumb_4919921_uploaded_image1_1725115686.jpg"
"1739057662-724","https://sn.coinafrique.com/categorie/chiens?page=1","Chiot Rottweiler","https://sn.coinafrique.com/annonce/chiens/chiot-rottweiler-4920593","Chiot Rottweiler","300 000 CFA","Thies, Sénégal","https://images.coinafrique.com/thumb_4920593_uploaded_image1_1725147642.jpg"
"1739057665-725","https://sn.coinafrique.com/categorie/chiens?page=1","Chiot Rottweiler","https://sn.coinafrique.com/annonce/chiens/chiot-rottweiler-4925778","Chiot Rottweiler","120 000 CFA","Sacré-Coeur, Dakar, Sénégal","https://images.coinafrique.com/thumb_5161997_uploaded_image1_1738308372.jpg"
"1739057667-726","https://sn.coinafrique.com/categorie/chiens?page=1","Chiot bichon Maltais","https://sn.coinafrique.com/annonce/chiens/chiot-bichon-maltais-4934038","Chiot bichon Maltais","150 000 CFA","Keur Massar, Sénégal","https://images.coinafrique.com/thumb_4934038_uploaded_image1_1725809065.jpg"
"1739057670-727","https://sn.coinafrique.com/categorie/chiens?page=1","Lolou de pomeranien","https://sn.coinafrique.com/annonce/chiens/lolou-de-pomeranien-4934169","Lolou de pomeranien","700 000 CFA","Dakar, Sénégal","https://images.coinafrique.com/thumb_4934169_uploaded_image1_1725812855.jpg"
"1739057672-728","https://sn.coinafrique.com/categorie/chiens?page=1","Chiot Bichon","https://sn.coinafrique.com/annonce/chiens/chiot-bichon-4935684","Chiot Bichon","180 000 CFA","Mamelles, Dakar, Sénégal","https://images.coinafrique.com/thumb_5133780_uploaded_image1_1736845188.jpg"
"1739057675-729","https://sn.coinafrique.com/categorie/chiens?page=1","Couple de chiot de race","https://sn.coinafrique.com/annonce/chiens/couple-de-chiot-de-race-4937044","Couple de chiot de race","75 000 CFA","Ngor, Dakar, Sénégal","https://images.coinafrique.com/thumb_4937044_uploaded_image1_1725971142.jpg"
"1739057677-730","https://sn.coinafrique.com/categorie/chiens?page=1","Chiot Berger Allemand","https://sn.coinafrique.com/annonce/chiens/chiot-berger-allemand-4943304","Chiot Berger Allemand","100 000 CFA","Thies, Sénégal","https://images.coinafrique.com/thumb_4943304_uploaded_image1_1726252041.jpg"
"1739057680-731","https://sn.coinafrique.com/categorie/chiens?page=1","Chiot chihuahua","https://sn.coinafrique.com/annonce/chiens/chiot-chihuahua-4946002","Chiot chihuahua","390 000 CFA","Ngaparou, Sénégal","https://images.coinafrique.com/thumb_4946002_uploaded_image1_1726441968.jpg"
"1739057682-732","https://sn.coinafrique.com/categorie/chiens?page=1","Chiots Pitbull","https://sn.coinafrique.com/annonce/chiens/chiots-pitbull-4951773","Chiots Pitbull","200 000 CFA","Dakar, Sénégal","https://images.coinafrique.com/thumb_4951773_uploaded_image1_1726751081.jpg"
"1739057685-733","https://sn.coinafrique.com/categorie/chiens?page=1","Chiot Boerboel","https://sn.coinafrique.com/annonce/chiens/chiot-boerboel-4951796","Chiot Boerboel","250 000 CFA","Dakar, Sénégal","https://images.coinafrique.com/thumb_4951796_uploaded_image1_1726751862.jpg"
"1739057687-734","https://sn.coinafrique.com/categorie/chiens?page=1","Chiot Bichon","https://sn.coinafrique.com/annonce/chiens/chiot-bichon-4951836","Chiot Bichon","120 000 CFA","Sacré-Coeur, Dakar, Sénégal","https://images.coinafrique.com/thumb_4951836_uploaded_image1_1726753152.jpg"
"1739057690-735","https://sn.coinafrique.com/categorie/chiens?page=1","Chiot Labrador","https://sn.coinafrique.com/annonce/chiens/chiot-labrador-4953869","Chiot Labrador","Prix sur demande","Mbao, Dakar, Sénégal","https://images.coinafrique.com/thumb_5136517_uploaded_image1_1736959572.jpg"
"1739057692-736","https://sn.coinafrique.com/categorie/chiens?page=1","Chiot Bichon Maltais","https://sn.coinafrique.com/annonce/chiens/chiot-bichon-maltais-4953991","Chiot Bichon Maltais","120 000 CFA","Mbao, Dakar, Sénégal","https://images.coinafrique.com/thumb_5104979_uploaded_image2_1734994461.jpeg"
"1739057695-737","https://sn.coinafrique.com/categorie/chiens?page=1","Chiot Bichon Havanais","https://sn.coinafrique.com/annonce/chiens/chiot-bichon-havanais-4955373","Chiot Bichon Havanais","80 000 CFA","Mermoz-Sacré Coeur, Dakar, Sénégal","https://images.coinafrique.com/thumb_4955373_uploaded_image1_1726948506.jpg"
"1739057697-738","https://sn.coinafrique.com/categorie/chiens?page=1","chiot boerboel","https://sn.coinafrique.com/annonce/chiens/chiot-boerboel-4960771","chiot boerboel","500 000 CFA","Mbour, Sénégal","https://images.coinafrique.com/thumb_4960771_uploaded_image1_1727238490.jpg"
"1739057700-739","https://sn.coinafrique.com/categorie/chiens?page=1","Chiots croisé Boer et Root","https://sn.coinafrique.com/annonce/chiens/chiots-croise-boer-et-root-4919750","Chiots croisé Boer et Root","150 000 CFA","Cambérène, Dakar, Sénégal","https://images.coinafrique.com/thumb_4919750_uploaded_image1_1725108338.jpg"
"1739057702-740","https://sn.coinafrique.com/categorie/chiens?page=1","berger malinois","https://sn.coinafrique.com/annonce/chiens/berger-malinois-4964122","berger malinois","300 000 CFA","Keur Massar, Sénégal","https://images.coinafrique.com/thumb_4964122_uploaded_image1_1727408710.jpg"
"1739057705-741","https://sn.coinafrique.com/categorie/chiens?page=1","Bichon maltais","https://sn.coinafrique.com/annonce/chiens/bichon-maltais-4968555","Bichon maltais","180 000 CFA","Sicap Liberté, Dakar, Sénégal","https://images.coinafrique.com/thumb_5085599_uploaded_image1_1733856381.jpg"
"1739057708-742","https://sn.coinafrique.com/categorie/chiens?page=1","Bichon maltais pur race","https://sn.coinafrique.com/annonce/chiens/bichon-maltais-pur-race-4968565","Bichon maltais pur race","180 000 CFA","Sicap Liberté, Dakar, Sénégal","https://images.coinafrique.com/thumb_4968565_uploaded_image1_1727702109.jpg"
"1739057710-743","https://sn.coinafrique.com/categorie/chiens?page=1","Chiot Berger Malinois","https://sn.coinafrique.com/annonce/chiens/chiot-berger-malinois-4969271","Chiot Berger Malinois","200 000 CFA","Rufisque, Sénégal","https://images.coinafrique.com/thumb_4969271_uploaded_image1_1727731274.jpg"
"1739057713-744","https://sn.coinafrique.com/categorie/chiens?page=1","Chien","https://sn.coinafrique.com/annonce/chiens/chien-4969495","Chien","350 000 CFA","Keur Massar, Sénégal","https://images.coinafrique.com/thumb_4969495_uploaded_image1_1727744912.jpg"
"1739057715-745","https://sn.coinafrique.com/categorie/chiens?page=1","Chiot Berger Allemand","https://sn.coinafrique.com/annonce/chiens/chiot-berger-allemand-4970950","Chiot Berger Allemand","200 000 CFA","Dakar, Sénégal","https://images.coinafrique.com/thumb_5131922_uploaded_image1_1736729395.jpg"
"1739057718-746","https://sn.coinafrique.com/categorie/chiens?page=1","Chiot Boerboel","https://sn.coinafrique.com/annonce/chiens/chiot-boerboel-4978052","Chiot Boerboel","500 000 CFA","Sacré-Coeur, Dakar, Sénégal","https://images.coinafrique.com/thumb_4978052_uploaded_image1_1728097869.jpg"
"1739057721-747","https://sn.coinafrique.com/categorie/chiens?page=1","Chiot Bichon Maltais","https://sn.coinafrique.com/annonce/chiens/chiot-bichon-maltais-4993670","Chiot Bichon Maltais","300 000 CFA","Yoff, Dakar, Sénégal","https://images.coinafrique.com/thumb_4993670_uploaded_image1_1728931466.jpg"
"1739057723-748","https://sn.coinafrique.com/categorie/chiens?page=1","Femelle berger allemand","https://sn.coinafrique.com/annonce/chiens/femelle-berger-allemand-4996884","Femelle berger allemand","160 000 CFA","Diamniadio, Sénégal","https://images.coinafrique.com/thumb_5173038_uploaded_image1_1738846508.jpg"
"1739057726-749","https://sn.coinafrique.com/categorie/chiens?page=1","Berger allemand femelle","https://sn.coinafrique.com/annonce/chiens/berger-allemand-femelle-4996897","Berger allemand femelle","155 000 CFA","Diamniadio, Sénégal","https://images.coinafrique.com/thumb_5173038_uploaded_image1_1738846508.jpg"
"1739057728-750","https://sn.coinafrique.com/categorie/chiens?page=1","Chiot Berger Malinois","https://sn.coinafrique.com/annonce/chiens/chiot-berger-malinois-4997477","Chiot Berger Malinois","230 000 CFA","Mbour, Sénégal","https://images.coinafrique.com/thumb_4997477_uploaded_image1_1729105958.jpg"
"1739057731-751","https://sn.coinafrique.com/categorie/chiens?page=1","Chiots Bichon Maltais","https://sn.coinafrique.com/annonce/chiens/chiots-bichon-maltais-5002622","Chiots Bichon Maltais","Prix sur demande","Dakar, Sénégal","https://images.coinafrique.com/thumb_5002622_uploaded_image1_1729418106.jpg"
"1739057733-752","https://sn.coinafrique.com/categorie/chiens?page=1","Chiots labrador pure race","https://sn.coinafrique.com/annonce/chiens/chiots-labrador-pure-race-5002785","Chiots labrador pure race","Prix sur demande","Mbao, Dakar, Sénégal","https://images.coinafrique.com/thumb_5136517_uploaded_image1_1736959572.jpg"
"1739057736-753","https://sn.coinafrique.com/categorie/chiens?page=1","Chiot Rottweiler","https://sn.coinafrique.com/annonce/chiens/chiot-rottweiler-5004868","Chiot Rottweiler","250 CFA","Dakar, Sénégal","https://images.coinafrique.com/thumb_5004868_uploaded_image1_1729539442.jpg"
"1739057738-754","https://sn.coinafrique.com/categorie/chiens?page=1","Chiot Berger Allemand","https://sn.coinafrique.com/annonce/chiens/chiot-berger-allemand-5006641","Chiot Berger Allemand","130 000 CFA","Niaga, Sénégal","https://images.coinafrique.com/thumb_5006641_uploaded_image1_1729624663.jpg"
"1739057741-755","https://sn.coinafrique.com/categorie/chiens?page=1","Chiot Berger Allemand","https://sn.coinafrique.com/annonce/chiens/chiot-berger-allemand-5008410","Chiot Berger Allemand","250 000 CFA","Sacré-Coeur, Dakar, Sénégal","https://images.coinafrique.com/thumb_5127074_uploaded_image1_1736431592.jpg"
"1739057743-756","https://sn.coinafrique.com/categorie/chiens?page=1","Chiots Berger Allemand","https://sn.coinafrique.com/annonce/chiens/chiots-berger-allemand-5013765","Chiots Berger Allemand","250 000 CFA","Saint Louis, Sénégal","https://images.coinafrique.com/thumb_5013765_uploaded_image1_1730056659.jpg"
"1739057745-757","https://sn.coinafrique.com/categorie/chiens?page=1","Chiot Berger Allemand","https://sn.coinafrique.com/annonce/chiens/chiot-berger-allemand-5016564","Chiot Berger Allemand","350 000 CFA","Guediawaye, Dakar, Sénégal","https://images.coinafrique.com/thumb_5016564_uploaded_image1_1730217865.jpg"
"1739057748-758","https://sn.coinafrique.com/categorie/chiens?page=1","Boerboel male","https://sn.coinafrique.com/annonce/chiens/boerboel-male-5024103","Boerboel male","300 000 CFA","Sacré-Coeur, Dakar, Sénégal","https://images.coinafrique.com/thumb_5024103_uploaded_image1_1730603352.jpg"
"1739057750-759","https://sn.coinafrique.com/categorie/chiens?page=1","Chiot Husky","https://sn.coinafrique.com/annonce/chiens/chiot-husky-5028791","Chiot Husky","Prix sur demande","Point E, Dakar, Sénégal","https://images.coinafrique.com/thumb_5028791_uploaded_image1_1730840222.jpg"
"1739057753-760","https://sn.coinafrique.com/categorie/chiens?page=1","Husky femelle","https://sn.coinafrique.com/annonce/chiens/husky-femelle-5034883","Husky femelle","450 000 CFA","Sacré-Coeur, Dakar, Sénégal","https://images.coinafrique.com/thumb_5162631_uploaded_image1_1738336899.jpg"
"1739057755-761","https://sn.coinafrique.com/categorie/chiens?page=1","Chiot Berger Malinois","https://sn.coinafrique.com/annonce/chiens/chiot-berger-malinois-5038674","Chiot Berger Malinois","250 000 CFA","Sacré-Coeur, Dakar, Sénégal","https://images.coinafrique.com/thumb_5038674_uploaded_image1_1731347918.jpg"
"1739057758-762","https://sn.coinafrique.com/categorie/chiens?page=1","Chiot Berger Allemand","https://sn.coinafrique.com/annonce/chiens/chiot-berger-allemand-5040967","Chiot Berger Allemand","120 000 CFA","Mbao, Dakar, Sénégal","https://images.coinafrique.com/thumb_5040967_uploaded_image1_1731453566.jpg"
"1739057760-763","https://sn.coinafrique.com/categorie/chiens?page=1","Chiot Rottweiler","https://sn.coinafrique.com/annonce/chiens/chiot-rottweiler-5044649","Chiot Rottweiler","300 000 CFA","Mbao, Dakar, Sénégal","https://images.coinafrique.com/thumb_5044649_uploaded_image1_1731627517.jpg"
"1739057763-764","https://sn.coinafrique.com/categorie/chiens?page=1","Chiot chihuahuas","https://sn.coinafrique.com/annonce/chiens/chiot-chihuahuas-5045245","Chiot chihuahuas","250 000 CFA","Sicap Liberté, Dakar, Sénégal","https://images.coinafrique.com/thumb_5045245_uploaded_image1_1731667358.jpg"
"1739057766-765","https://sn.coinafrique.com/categorie/chiens?page=1","Caniche mâle","https://sn.coinafrique.com/annonce/chiens/caniche-male-5054275","Caniche mâle","650 000 CFA","Almadies 2, Dakar, Sénégal",""
"1739057768-766","https://sn.coinafrique.com/categorie/chiens?page=1","Bichons maltais d'italie","https://sn.coinafrique.com/annonce/chiens/bichons-maltais-ditalie-5060732","Bichons maltais d'italie","150 000 CFA","Thies, Sénégal",""
"1739057771-767","https://sn.coinafrique.com/categorie/chiens?page=1","Femelle berger allemand 4 mois","https://sn.coinafrique.com/annonce/chiens/femelle-berger-allemand-4-mois-5065991","Femelle berger allemand 4 mois","Prix sur demande","Dakar, Sénégal","https://images.coinafrique.com/thumb_5065991_uploaded_image1_1732805663.jpg"
"1739057774-768","https://sn.coinafrique.com/categorie/chiens?page=1","Chiot Bichon Maltais","https://sn.coinafrique.com/annonce/chiens/chiot-bichon-maltais-5074658","Chiot Bichon Maltais","110 000 CFA","Sicap Liberté, Dakar, Sénégal","https://images.coinafrique.com/thumb_5085599_uploaded_image1_1733856381.jpg"
"1739057777-769","https://sn.coinafrique.com/categorie/chiens?page=1","Berger malinois","https://sn.coinafrique.com/annonce/chiens/berger-malinois-5078573","Berger malinois","250 000 CFA","Mbao, Dakar, Sénégal","https://images.coinafrique.com/thumb_5078573_uploaded_image1_1733447779.jpg"
"1739057779-770","https://sn.coinafrique.com/categorie/chiens?page=1","Chiot Bichon Maltais","https://sn.coinafrique.com/annonce/chiens/chiot-bichon-maltais-5085579","Chiot Bichon Maltais","80 000 CFA","Sicap Liberté, Dakar, Sénégal","https://images.coinafrique.com/thumb_5085599_uploaded_image1_1733856381.jpg"
"1739057782-771","https://sn.coinafrique.com/categorie/chiens?page=1","Chiot Bichon Maltais","https://sn.coinafrique.com/annonce/chiens/chiot-bichon-maltais-5085597","Chiot Bichon Maltais","80 000 CFA","Sicap Liberté, Dakar, Sénégal","https://images.coinafrique.com/thumb_5085599_uploaded_image1_1733856381.jpg"
"1739057784-772","https://sn.coinafrique.com/categorie/chiens?page=1","Chiot Bichon Maltais","https://sn.coinafrique.com/annonce/chiens/chiot-bichon-maltais-5085599","Chiot Bichon Maltais","80 000 CFA","Sicap Liberté, Dakar, Sénégal","https://images.coinafrique.com/thumb_5085599_uploaded_image1_1733856381.jpg"
"1739057787-773","https://sn.coinafrique.com/categorie/chiens?page=1","Chiot Bichon Maltais","https://sn.coinafrique.com/annonce/chiens/chiot-bichon-maltais-5090975","Chiot Bichon Maltais","Prix sur demande","Mbao, Dakar, Sénégal","https://images.coinafrique.com/thumb_5104979_uploaded_image2_1734994461.jpeg"
"1739057789-774","https://sn.coinafrique.com/categorie/chiens?page=1","Berger allemand femelles","https://sn.coinafrique.com/annonce/chiens/berger-allemand-femelles-5102644","Berger allemand femelles","200 000 CFA","Sacré-Coeur, Dakar, Sénégal","https://images.coinafrique.com/thumb_5102655_uploaded_image1_1734829952.jpg"
"1739057792-775","https://sn.coinafrique.com/categorie/chiens?page=1","Berger allemand femelles","https://sn.coinafrique.com/annonce/chiens/berger-allemand-femelles-5102655","Berger allemand femelles","200 000 CFA","Sacré-Coeur, Dakar, Sénégal","https://images.coinafrique.com/thumb_5102655_uploaded_image1_1734829952.jpg"
"1739057794-776","https://sn.coinafrique.com/categorie/chiens?page=1","Chiot Bichon Maltais","https://sn.coinafrique.com/annonce/chiens/chiot-bichon-maltais-5104979","Chiot Bichon Maltais","Prix sur demande","Mbao, Dakar, Sénégal","https://images.coinafrique.com/thumb_5104979_uploaded_image2_1734994461.jpeg"
"1739057797-777","https://sn.coinafrique.com/categorie/chiens?page=1","Chiot","https://sn.coinafrique.com/annonce/chiens/chiot-5107152","Chiot","80 000 CFA","Ouakam, Dakar, Sénégal","https://images.coinafrique.com/thumb_5114859_uploaded_image1_1735753685.jpg"
"1739057799-778","https://sn.coinafrique.com/categorie/chiens?page=1","bichon mâle adulte","https://sn.coinafrique.com/annonce/chiens/bichon-male-adulte-5110151","bichon mâle adulte","120 000 CFA","Mamelles, Dakar, Sénégal",""
"1739057801-779","https://sn.coinafrique.com/categorie/chiens?page=1","Chiots dog canaries","https://sn.coinafrique.com/annonce/chiens/chiots-dog-canaries-5112459","Chiots dog canaries","Prix sur demande","Keur Massar, Sénégal","https://images.coinafrique.com/thumb_5112459_uploaded_image1_1735553703.jpg"
"1739057804-780","https://sn.coinafrique.com/categorie/chiens?page=1","Chiot Berger Allemand","https://sn.coinafrique.com/annonce/chiens/chiot-berger-allemand-5114394","Chiot Berger Allemand","210 000 CFA","Fann, Dakar, Sénégal","https://images.coinafrique.com/thumb_5114394_uploaded_image1_1735682024.jpg"
"1739057806-781","https://sn.coinafrique.com/categorie/chiens?page=1","Chiot Bichon","https://sn.coinafrique.com/annonce/chiens/chiot-bichon-5114859","Chiot Bichon","140 000 CFA","Ouakam, Dakar, Sénégal","https://images.coinafrique.com/thumb_5114859_uploaded_image1_1735753685.jpg"
"1739057809-782","https://sn.coinafrique.com/categorie/chiens?page=1","Chiot Husky","https://sn.coinafrique.com/annonce/chiens/chiot-husky-5118298","Chiot Husky","Prix sur demande","Dakar, Sénégal","https://images.coinafrique.com/thumb_5118298_uploaded_image1_1735944932.jpg"
"1739057811-783","https://sn.coinafrique.com/categorie/chiens?page=1","Chiot pitbull 4 mois","https://sn.coinafrique.com/annonce/chiens/chiot-pitbull-4-mois-5123496","Chiot pitbull 4 mois","150 000 CFA","Sicap Liberté, Dakar, Sénégal","https://images.coinafrique.com/thumb_5123496_uploaded_image1_1736258658.jpg"
"1739057814-784","https://sn.coinafrique.com/categorie/chiens?page=1","Chien","https://sn.coinafrique.com/annonce/chiens/chien-5124976","Chien","275 CFA","Dakar, Sénégal","https://images.coinafrique.com/thumb_5124976_uploaded_image1_1736338081.jpg"
"1739057816-785","https://sn.coinafrique.com/categorie/chiens?page=1","Chiot Berger Allemand","https://sn.coinafrique.com/annonce/chiens/chiot-berger-allemand-5127074","Chiot Berger Allemand","250 000 CFA","Sacré-Coeur, Dakar, Sénégal","https://images.coinafrique.com/thumb_5127074_uploaded_image1_1736431592.jpg"
"1739057819-786","https://sn.coinafrique.com/categorie/chiens?page=1","Bichon femelle vaccinée","https://sn.coinafrique.com/annonce/chiens/bichon-femelle-vaccinee-5127870","Bichon femelle vaccinée","150 000 CFA","Mamelles, Dakar, Sénégal","https://images.coinafrique.com/thumb_5131391_uploaded_image1_1736694346.jpg"
"1739057821-787","https://sn.coinafrique.com/categorie/chiens?page=1","Bichon femelle vaccinée","https://sn.coinafrique.com/annonce/chiens/bichon-femelle-vaccinee-5131391","Bichon femelle vaccinée","150 000 CFA","Mamelles, Dakar, Sénégal","https://images.coinafrique.com/thumb_5131391_uploaded_image1_1736694346.jpg"
"1739057824-788","https://sn.coinafrique.com/categorie/chiens?page=1","Chiot Berger Allemand","https://sn.coinafrique.com/annonce/chiens/chiot-berger-allemand-5131922","Chiot Berger Allemand","250 000 CFA","Dakar, Sénégal","https://images.coinafrique.com/thumb_5131922_uploaded_image1_1736729395.jpg"
"1739057826-789","https://sn.coinafrique.com/categorie/chiens?page=1","Chiots Bichons","https://sn.coinafrique.com/annonce/chiens/chiots-bichons-5133780","Chiots Bichons","175 000 CFA","Mamelles, Dakar, Sénégal","https://images.coinafrique.com/thumb_5133780_uploaded_image1_1736845188.jpg"
"1739057828-790","https://sn.coinafrique.com/categorie/chiens?page=1","Chiot Labrador","https://sn.coinafrique.com/annonce/chiens/chiot-labrador-5136517","Chiot Labrador","Prix sur demande","Mbao, Dakar, Sénégal","https://images.coinafrique.com/thumb_5136517_uploaded_image1_1736959572.jpg"
"1739057831-791","https://sn.coinafrique.com/categorie/chiens?page=1","Bichon","https://sn.coinafrique.com/annonce/chiens/bichon-5142846","Bichon","140 000 CFA","Mamelles, Dakar, Sénégal","https://images.coinafrique.com/thumb_5142846_uploaded_image1_1737318079.jpg"
"1739057834-792","https://sn.coinafrique.com/categorie/chiens?page=1","Chiot Berger Malinois charboné","https://sn.coinafrique.com/annonce/chiens/chiot-berger-malinois-charbone-5151279","Chiot Berger Malinois charboné","300 CFA","Thies, Sénégal","https://images.coinafrique.com/thumb_5151738_uploaded_image1_1737744308.jpg"
"1739057836-793","https://sn.coinafrique.com/categorie/chiens?page=1","Chiots Berger Malinois","https://sn.coinafrique.com/annonce/chiens/chiots-berger-malinois-5151738","Chiots Berger Malinois","300 CFA","Thies, Sénégal","https://images.coinafrique.com/thumb_5151738_uploaded_image1_1737744308.jpg"
"1739057839-794","https://sn.coinafrique.com/categorie/chiens?page=1","Chiot Husky","https://sn.coinafrique.com/annonce/chiens/chiot-husky-5153382","Chiot Husky","400 000 CFA","Sacré-Coeur, Dakar, Sénégal","https://images.coinafrique.com/thumb_5162631_uploaded_image1_1738336899.jpg"
"1739057841-795","https://sn.coinafrique.com/categorie/chiens?page=1","Chien Rottewaler","https://sn.coinafrique.com/annonce/chiens/chien-rottewaler-5155571","Chien Rottewaler","300 000 CFA","Dakar Plateau, Dakar, Sénégal","https://images.coinafrique.com/thumb_5155571_uploaded_image1_1737992590.jpg"
"1739057844-796","https://sn.coinafrique.com/categorie/chiens?page=1","Chiots Doberman","https://sn.coinafrique.com/annonce/chiens/chiots-doberman-5158454","Chiots Doberman","400 000 CFA","HLM, Dakar, Sénégal","https://images.coinafrique.com/thumb_5158454_uploaded_image1_1738138116.jpg"
"1739057846-797","https://sn.coinafrique.com/categorie/chiens?page=1","Chiot","https://sn.coinafrique.com/annonce/chiens/chiot-5159624","Chiot","500 000 CFA","Yoff, Dakar, Sénégal","https://images.coinafrique.com/thumb_5159624_uploaded_image1_1738174976.jpg"
"1739057849-798","https://sn.coinafrique.com/categorie/chiens?page=1","Chiot Rottweiler","https://sn.coinafrique.com/annonce/chiens/chiot-rottweiler-5161997","Chiot Rottweiler","350 000 CFA","Sacré-Coeur, Dakar, Sénégal","https://images.coinafrique.com/thumb_5161997_uploaded_image1_1738308372.jpg"
"1739057851-799","https://sn.coinafrique.com/categorie/chiens?page=1","Chiot Husky","https://sn.coinafrique.com/annonce/chiens/chiot-husky-5162631","Chiot Husky","350 000 CFA","Sacré-Coeur, Dakar, Sénégal","https://images.coinafrique.com/thumb_5162631_uploaded_image1_1738336899.jpg"
"1739057854-800","https://sn.coinafrique.com/categorie/chiens?page=1","Chiot Chihuahua","https://sn.coinafrique.com/annonce/chiens/chiot-chihuahua-5166882","Chiot Chihuahua","150 000 CFA","Diamniadio, Sénégal","https://images.coinafrique.com/thumb_5166882_uploaded_image1_1738583790.jpg"
"1739057856-801","https://sn.coinafrique.com/categorie/chiens?page=1","Chiot Berger Allemand","https://sn.coinafrique.com/annonce/chiens/chiot-berger-allemand-5173038","Chiot Berger Allemand","350 000 CFA","Diamniadio, Sénégal","https://images.coinafrique.com/thumb_5173038_uploaded_image1_1738846508.jpg"
