web-scraper-order,web-scraper-start-url,Data002,Data002-href,Noms,Prix,Adresse,Image-src
"1739060702-1","https://sn.coinafrique.com/categorie/moutons?page=10","Mouton","https://sn.coinafrique.com/annonce/moutons/mouton-2476429","Mouton","175 000 CFA","Sicap Liberté, Dakar, Sénégal","https://images.coinafrique.com/thumb_5069347_uploaded_image1_1733004132.jpg"
"1739060704-2","https://sn.coinafrique.com/categorie/moutons?page=10","Mouton","https://sn.coinafrique.com/annonce/moutons/mouton-2476432","Mouton","Prix sur demande","Sicap Liberté, Dakar, Sénégal","https://images.coinafrique.com/thumb_5069347_uploaded_image1_1733004132.jpg"
"1739060707-3","https://sn.coinafrique.com/categorie/moutons?page=10","Mouton","https://sn.coinafrique.com/annonce/moutons/mouton-2476438","Mouton","185 000 CFA","Sicap Liberté, Dakar, Sénégal","https://images.coinafrique.com/thumb_5069347_uploaded_image1_1733004132.jpg"
"1739060709-4","https://sn.coinafrique.com/categorie/moutons?page=10","Mouton","https://sn.coinafrique.com/annonce/moutons/mouton-2476442","Mouton","135 000 CFA","Sicap Liberté, Dakar, Sénégal","https://images.coinafrique.com/thumb_5069347_uploaded_image1_1733004132.jpg"
"1739060712-5","https://sn.coinafrique.com/categorie/moutons?page=10","Mouton","https://sn.coinafrique.com/annonce/moutons/mouton-2476451","Mouton","135 000 CFA","Sicap Liberté, Dakar, Sénégal","https://images.coinafrique.com/thumb_5069347_uploaded_image1_1733004132.jpg"
"1739060714-6","https://sn.coinafrique.com/categorie/moutons?page=10","Mouton","https://sn.coinafrique.com/annonce/moutons/mouton-2478859","Mouton","350 000 CFA","Guediawaye, Dakar, Sénégal","https://images.coinafrique.com/thumb_5164450_uploaded_image1_1738427830.jpg"
"1739060717-7","https://sn.coinafrique.com/categorie/moutons?page=10","Moutons","https://sn.coinafrique.com/annonce/moutons/moutons-2478871","Moutons","325 000 CFA","Guediawaye, Dakar, Sénégal","https://images.coinafrique.com/thumb_5164450_uploaded_image1_1738427830.jpg"
"1739060720-8","https://sn.coinafrique.com/categorie/moutons?page=10","Mouton","https://sn.coinafrique.com/annonce/moutons/mouton-2479050","Mouton","500 000 CFA","Medina, Dakar, Sénégal","https://images.coinafrique.com/thumb_4261058_uploaded_image2_1687100799.jpeg"
"1739060722-9","https://sn.coinafrique.com/categorie/moutons?page=10","Moutons","https://sn.coinafrique.com/annonce/moutons/moutons-2479813","Moutons","350 000 CFA","Thies, Sénégal","https://images.coinafrique.com/thumb_4708924_uploaded_image1_1713971615.jpg"
"1739060724-10","https://sn.coinafrique.com/categorie/moutons?page=10","Mouton","https://sn.coinafrique.com/annonce/moutons/mouton-2480059","Mouton","125 000 CFA","Dakar, Sénégal","https://images.coinafrique.com/thumb_4773721_uploaded_image1_1717238496.jpg"
"1739060728-11","https://sn.coinafrique.com/categorie/moutons?page=10","Mouton","https://sn.coinafrique.com/annonce/moutons/mouton-2480280","Mouton","Prix sur demande","Sicap Liberté, Dakar, Sénégal","https://images.coinafrique.com/thumb_5069347_uploaded_image1_1733004132.jpg"
"1739060730-12","https://sn.coinafrique.com/categorie/moutons?page=10","Mouton","https://sn.coinafrique.com/annonce/moutons/mouton-2480284","Mouton","Prix sur demande","Sicap Liberté, Dakar, Sénégal","https://images.coinafrique.com/thumb_5069347_uploaded_image1_1733004132.jpg"
"1739060733-13","https://sn.coinafrique.com/categorie/moutons?page=10","Mouton","https://sn.coinafrique.com/annonce/moutons/mouton-2480286","Mouton","Prix sur demande","Sicap Liberté, Dakar, Sénégal","https://images.coinafrique.com/thumb_5069347_uploaded_image1_1733004132.jpg"
"1739060736-14","https://sn.coinafrique.com/categorie/moutons?page=10","Mouton","https://sn.coinafrique.com/annonce/moutons/mouton-2480332","Mouton","500 000 CFA","Guediawaye, Dakar, Sénégal","https://images.coinafrique.com/thumb_5159269_uploaded_image1_1738163617.jpg"
"1739060738-15","https://sn.coinafrique.com/categorie/moutons?page=10","Mouton","https://sn.coinafrique.com/annonce/moutons/mouton-2482210","Mouton","185 000 CFA","Yoff, Dakar, Sénégal","https://images.coinafrique.com/thumb_4879970_uploaded_image1_1722945913.jpg"
"1739060741-16","https://sn.coinafrique.com/categorie/moutons?page=10","Mouton","https://sn.coinafrique.com/annonce/moutons/mouton-2482245","Mouton","150 000 CFA","Yoff, Dakar, Sénégal","https://images.coinafrique.com/thumb_4879970_uploaded_image1_1722945913.jpg"
"1739060744-17","https://sn.coinafrique.com/categorie/moutons?page=10","Moutons","https://sn.coinafrique.com/annonce/moutons/moutons-2482334","Moutons","135 CFA","Yoff, Dakar, Sénégal","https://images.coinafrique.com/thumb_2482334_uploaded_image1_1595686358.jpg"
"1739060746-18","https://sn.coinafrique.com/categorie/moutons?page=10","Moutons","https://sn.coinafrique.com/annonce/moutons/moutons-2482386","Moutons","180 000 CFA","Dakar, Sénégal","https://images.coinafrique.com/thumb_4773721_uploaded_image1_1717238496.jpg"
"1739060748-19","https://sn.coinafrique.com/categorie/moutons?page=10","Mouton","https://sn.coinafrique.com/annonce/moutons/mouton-2482438","Mouton","250 000 CFA","Ouest Foire, Dakar, Sénégal","https://images.coinafrique.com/thumb_4787368_uploaded_image1_1717940799.jpg"
"1739060751-20","https://sn.coinafrique.com/categorie/moutons?page=10","Mouton","https://sn.coinafrique.com/annonce/moutons/mouton-2482461","Mouton","200 000 CFA","Ouest Foire, Dakar, Sénégal","https://images.coinafrique.com/thumb_4787368_uploaded_image1_1717940799.jpg"
"1739060754-21","https://sn.coinafrique.com/categorie/moutons?page=10","Mouton","https://sn.coinafrique.com/annonce/moutons/mouton-2482469","Mouton","210 000 CFA","Dakar, Sénégal","https://images.coinafrique.com/thumb_4773721_uploaded_image1_1717238496.jpg"
"1739060756-22","https://sn.coinafrique.com/categorie/moutons?page=10","Mouton élevage","https://sn.coinafrique.com/annonce/moutons/mouton-elevage-2482497","Mouton élevage","210 000 CFA","Dakar, Sénégal","https://images.coinafrique.com/thumb_2482513_uploaded_image1_1595689410.jpg"
"1739060758-23","https://sn.coinafrique.com/categorie/moutons?page=10","Mouton","https://sn.coinafrique.com/annonce/moutons/mouton-2482513","Mouton","Prix sur demande","Dakar, Sénégal","https://images.coinafrique.com/thumb_4773721_uploaded_image1_1717238496.jpg"
"1739060761-24","https://sn.coinafrique.com/categorie/moutons?page=10","Moutons","https://sn.coinafrique.com/annonce/moutons/moutons-2482541","Moutons","299 999 CFA","Grand Yoff, Dakar, Sénégal","https://images.coinafrique.com/thumb_2482541_uploaded_image1_1595689964.jpg"
"1739060764-25","https://sn.coinafrique.com/categorie/moutons?page=10","Mouton","https://sn.coinafrique.com/annonce/moutons/mouton-2482666","Mouton","300 000 CFA","Yoff, Dakar, Sénégal","https://images.coinafrique.com/thumb_4879970_uploaded_image1_1722945913.jpg"
"1739060769-26","https://sn.coinafrique.com/categorie/moutons?page=10","Moutons","https://sn.coinafrique.com/annonce/moutons/moutons-2482759","Moutons","Prix sur demande","Fass, Dakar, Sénégal","https://images.coinafrique.com/thumb_2482759_uploaded_image1_1595694878.jpg"
"1739060772-27","https://sn.coinafrique.com/categorie/moutons?page=10","Mouton","https://sn.coinafrique.com/annonce/moutons/mouton-2484032","Mouton","Prix sur demande","Rufisque, Sénégal","https://images.coinafrique.com/thumb_5081184_uploaded_image1_1733597466.jpg"
"1739060774-28","https://sn.coinafrique.com/categorie/moutons?page=10","Mouton","https://sn.coinafrique.com/annonce/moutons/mouton-2484033","Mouton","Prix sur demande","Rufisque, Sénégal","https://images.coinafrique.com/thumb_5081184_uploaded_image1_1733597466.jpg"
"1739060777-29","https://sn.coinafrique.com/categorie/moutons?page=10","Mouton","https://sn.coinafrique.com/annonce/moutons/mouton-2484034","Mouton","Prix sur demande","Rufisque, Sénégal","https://images.coinafrique.com/thumb_5081184_uploaded_image1_1733597466.jpg"
"1739060779-30","https://sn.coinafrique.com/categorie/moutons?page=10","Mouton","https://sn.coinafrique.com/annonce/moutons/mouton-2484035","Mouton","Prix sur demande","Rufisque, Sénégal","https://images.coinafrique.com/thumb_5081184_uploaded_image1_1733597466.jpg"
"1739060782-31","https://sn.coinafrique.com/categorie/moutons?page=10","Mouton","https://sn.coinafrique.com/annonce/moutons/mouton-2484036","Mouton","Prix sur demande","Rufisque, Sénégal","https://images.coinafrique.com/thumb_5081184_uploaded_image1_1733597466.jpg"
"1739060784-32","https://sn.coinafrique.com/categorie/moutons?page=10","Mouton","https://sn.coinafrique.com/annonce/moutons/mouton-2486092","Mouton","190 000 CFA","Mbao, Dakar, Sénégal","https://images.coinafrique.com/thumb_4969224_uploaded_image1_1727728741.jpg"
"1739060787-33","https://sn.coinafrique.com/categorie/moutons?page=10","Mouton","https://sn.coinafrique.com/annonce/moutons/mouton-2487271","Mouton","120 000 CFA","Mbao, Dakar, Sénégal","https://images.coinafrique.com/thumb_4969224_uploaded_image1_1727728741.jpg"
"1739060790-34","https://sn.coinafrique.com/categorie/moutons?page=10","Moutons","https://sn.coinafrique.com/annonce/moutons/moutons-2487408","Moutons","200 000 CFA","Hann Bel-Air, Dakar, Sénégal","https://images.coinafrique.com/thumb_4780599_uploaded_image1_1717584331.jpg"
"1739060792-35","https://sn.coinafrique.com/categorie/moutons?page=10","Mouton","https://sn.coinafrique.com/annonce/moutons/mouton-2487484","Mouton","650 000 CFA","Dakar Plateau, Dakar, Sénégal","https://images.coinafrique.com/thumb_3732517_uploaded_image1_1654690342.jpg"
"1739060795-36","https://sn.coinafrique.com/categorie/moutons?page=10","Mouton","https://sn.coinafrique.com/annonce/moutons/mouton-2488569","Mouton","275 000 CFA","Sicap Liberté, Dakar, Sénégal","https://images.coinafrique.com/thumb_5069347_uploaded_image1_1733004132.jpg"
"1739060797-37","https://sn.coinafrique.com/categorie/moutons?page=10","Mouton","https://sn.coinafrique.com/annonce/moutons/mouton-2491349","Mouton","180 000 CFA","Hann Bel-Air, Dakar, Sénégal","https://images.coinafrique.com/thumb_4780599_uploaded_image1_1717584331.jpg"
"1739060800-38","https://sn.coinafrique.com/categorie/moutons?page=10","Mouton","https://sn.coinafrique.com/annonce/moutons/mouton-2493619","Mouton","950 000 CFA","Thies, Sénégal","https://images.coinafrique.com/thumb_4708924_uploaded_image1_1713971615.jpg"
"1739060802-39","https://sn.coinafrique.com/categorie/moutons?page=10","Moutons","https://sn.coinafrique.com/annonce/moutons/moutons-2494553","Moutons","150 000 CFA","Dieuppeul-Derklé, Dakar, Sénégal","https://images.coinafrique.com/thumb_4931367_uploaded_image1_1725633697.jpg"
"1739060805-40","https://sn.coinafrique.com/categorie/moutons?page=10","Mouton","https://sn.coinafrique.com/annonce/moutons/mouton-2495384","Mouton","800 000 CFA","Saint-Louis, Sénégal","https://images.coinafrique.com/thumb_2495384_uploaded_image1_1596026626.jpg"
"1739060807-41","https://sn.coinafrique.com/categorie/moutons?page=10","Moutons","https://sn.coinafrique.com/annonce/moutons/moutons-2495680","Moutons","400 CFA","Mbao, Dakar, Sénégal","https://images.coinafrique.com/thumb_4969224_uploaded_image1_1727728741.jpg"
"1739060810-42","https://sn.coinafrique.com/categorie/moutons?page=10","Moutons","https://sn.coinafrique.com/annonce/moutons/moutons-2495989","Moutons","290 000 CFA","Yoff, Dakar, Sénégal","https://images.coinafrique.com/thumb_4879970_uploaded_image1_1722945913.jpg"
"1739060814-43","https://sn.coinafrique.com/categorie/moutons?page=10","Moutons","https://sn.coinafrique.com/annonce/moutons/moutons-2495993","Moutons","125 000 CFA","Yoff, Dakar, Sénégal","https://images.coinafrique.com/thumb_4879970_uploaded_image1_1722945913.jpg"
"1739060816-44","https://sn.coinafrique.com/categorie/moutons?page=10","Moutons","https://sn.coinafrique.com/annonce/moutons/moutons-2496283","Moutons","235 000 CFA","Mermoz-Sacré Coeur, Dakar, Sénégal","https://images.coinafrique.com/thumb_4252367_uploaded_image1_1686511140.jpg"
"1739060819-45","https://sn.coinafrique.com/categorie/moutons?page=10","Moutons","https://sn.coinafrique.com/annonce/moutons/moutons-2496577","Moutons","Prix sur demande","Sicap Liberté, Dakar, Sénégal","https://images.coinafrique.com/thumb_5069347_uploaded_image1_1733004132.jpg"
"1739060822-46","https://sn.coinafrique.com/categorie/moutons?page=10","Moutons","https://sn.coinafrique.com/annonce/moutons/moutons-2496594","Moutons","Prix sur demande","Sicap Liberté, Dakar, Sénégal","https://images.coinafrique.com/thumb_5069347_uploaded_image1_1733004132.jpg"
"1739060824-47","https://sn.coinafrique.com/categorie/moutons?page=10","Mouton","https://sn.coinafrique.com/annonce/moutons/mouton-2497126","Mouton","200 000 CFA","Dakar, Sénégal","https://images.coinafrique.com/thumb_4773721_uploaded_image1_1717238496.jpg"
"1739060826-48","https://sn.coinafrique.com/categorie/moutons?page=10","Mouton","https://sn.coinafrique.com/annonce/moutons/mouton-2501403","Mouton","Prix sur demande","Ouest Foire, Dakar, Sénégal","https://images.coinafrique.com/thumb_4787368_uploaded_image1_1717940799.jpg"
"1739060829-49","https://sn.coinafrique.com/categorie/moutons?page=10","Mouton Ladoum","https://sn.coinafrique.com/annonce/moutons/mouton-ladoum-2513524","Mouton Ladoum","375 000 CFA","Medina, Dakar, Sénégal","https://images.coinafrique.com/thumb_3218966_uploaded_image1_1625834036.jpg"
"1739060832-50","https://sn.coinafrique.com/categorie/moutons?page=10","Mouton Ladoum","https://sn.coinafrique.com/annonce/moutons/mouton-ladoum-2523326","Mouton Ladoum","900 000 CFA","Ouest Foire, Dakar, Sénégal","https://images.coinafrique.com/thumb_3451581_uploaded_image1_1637700430.jpg"
"1739060834-51","https://sn.coinafrique.com/categorie/moutons?page=10","Géniteur ladoum","https://sn.coinafrique.com/annonce/moutons/geniteur-ladoum-2533552","Géniteur ladoum","400 000 CFA","Parcelle Assainies, Dakar, Sénégal","https://images.coinafrique.com/thumb_2533552_uploaded_image1_1597149378.jpg"
"1739060837-52","https://sn.coinafrique.com/categorie/moutons?page=10","Mouton","https://sn.coinafrique.com/annonce/moutons/mouton-2541479","Mouton","155 000 CFA","Ouakam, Dakar, Sénégal","https://images.coinafrique.com/thumb_4255895_uploaded_image1_1686736719.jpg"
"1739060839-53","https://sn.coinafrique.com/categorie/moutons?page=10","Mouton Azawat","https://sn.coinafrique.com/annonce/moutons/mouton-azawat-2542938","Mouton Azawat","200 000 CFA","Ouakam, Dakar, Sénégal","https://images.coinafrique.com/thumb_2885448_uploaded_image1_1610450831.jpg"
"1739060843-54","https://sn.coinafrique.com/categorie/moutons?page=10","Mouton Azawat","https://sn.coinafrique.com/annonce/moutons/mouton-azawat-2542950","Mouton Azawat","200 000 CFA","Ouakam, Dakar, Sénégal","https://images.coinafrique.com/thumb_2885448_uploaded_image1_1610450831.jpg"
"1739060846-55","https://sn.coinafrique.com/categorie/moutons?page=10","Mouton","https://sn.coinafrique.com/annonce/moutons/mouton-2547237","Mouton","20 000 CFA","Parcelle Assainies, Dakar, Sénégal","https://images.coinafrique.com/thumb_5144166_uploaded_image1_1737393386.jpg"
"1739060848-56","https://sn.coinafrique.com/categorie/moutons?page=10","Mouton Azawat","https://sn.coinafrique.com/annonce/moutons/mouton-azawat-2557732","Mouton Azawat","Prix sur demande","Dakar, Sénégal","https://images.coinafrique.com/thumb_4060011_uploaded_image1_1674334569.jpg"
"1739060851-57","https://sn.coinafrique.com/categorie/moutons?page=10","Moutons","https://sn.coinafrique.com/annonce/moutons/moutons-2566400","Moutons","Prix sur demande","Ziguinchor, Sénégal","https://images.coinafrique.com/thumb_2566400_uploaded_image1_1598095170.jpg"
"1739060853-58","https://sn.coinafrique.com/categorie/moutons?page=10","Moutons","https://sn.coinafrique.com/annonce/moutons/moutons-2572412","Moutons","Prix sur demande","Mermoz-Sacré Coeur, Dakar, Sénégal","https://images.coinafrique.com/thumb_4252367_uploaded_image1_1686511140.jpg"
"1739060855-59","https://sn.coinafrique.com/categorie/moutons?page=10","Mâle ladoum","https://sn.coinafrique.com/annonce/moutons/male-ladoum-2586236","Mâle ladoum","5 000 000 CFA","Rufisque, Sénégal","https://images.coinafrique.com/thumb_5026510_uploaded_image1_1730734414.jpg"
"1739060858-60","https://sn.coinafrique.com/categorie/moutons?page=10","Femelle Ladoum","https://sn.coinafrique.com/annonce/moutons/femelle-ladoum-2604229","Femelle Ladoum","200 000 CFA","Guediawaye, Dakar, Sénégal","https://images.coinafrique.com/thumb_3695058_uploaded_image2_1652473213.jpeg"
"1739060860-61","https://sn.coinafrique.com/categorie/moutons?page=10","Mouton Ladoum","https://sn.coinafrique.com/annonce/moutons/mouton-ladoum-2608018","Mouton Ladoum","700 000 CFA","Guediawaye, Dakar, Sénégal","https://images.coinafrique.com/thumb_5114763_uploaded_image1_1735745896.jpg"
"1739060863-62","https://sn.coinafrique.com/categorie/moutons?page=10","Mouton Ladoum","https://sn.coinafrique.com/annonce/moutons/mouton-ladoum-2623905","Mouton Ladoum","290 000 CFA","Medina, Dakar, Sénégal","https://images.coinafrique.com/thumb_3218966_uploaded_image1_1625834036.jpg"
"1739060865-63","https://sn.coinafrique.com/categorie/moutons?page=10","Mouton Ladoum","https://sn.coinafrique.com/annonce/moutons/mouton-ladoum-2624094","Mouton Ladoum","1 000 000 CFA","Dakar, Sénégal","https://images.coinafrique.com/thumb_4773721_uploaded_image1_1717238496.jpg"
"1739060868-64","https://sn.coinafrique.com/categorie/moutons?page=10","Mouton azawat","https://sn.coinafrique.com/annonce/moutons/mouton-azawat-2628137","Mouton azawat","300 000 CFA","Dakar, Sénégal","https://images.coinafrique.com/thumb_4060011_uploaded_image1_1674334569.jpg"
"1739060870-65","https://sn.coinafrique.com/categorie/moutons?page=10","Ladoum","https://sn.coinafrique.com/annonce/moutons/ladoum-2628237","Ladoum","1 700 000 CFA","Dakar, Sénégal","https://images.coinafrique.com/thumb_4948067_uploaded_image1_1726569636.jpg"
"1739060872-66","https://sn.coinafrique.com/categorie/moutons?page=10","Mouton ladoum pur-sang","https://sn.coinafrique.com/annonce/moutons/mouton-ladoum-pur-sang-2636994","Mouton ladoum pur-sang","350 000 CFA","Pikine, Sénégal","https://images.coinafrique.com/thumb_3279053_uploaded_image1_1628891604.jpg"
"1739060875-67","https://sn.coinafrique.com/categorie/moutons?page=10","Moutons","https://sn.coinafrique.com/annonce/moutons/moutons-2637096","Moutons","650 000 CFA","Louga, Sénégal","https://images.coinafrique.com/thumb_4264167_uploaded_image1_1687307074.jpg"
"1739060877-68","https://sn.coinafrique.com/categorie/moutons?page=10","Mouton ladoum pur sang","https://sn.coinafrique.com/annonce/moutons/mouton-ladoum-pur-sang-2638276","Mouton ladoum pur sang","4 000 000 CFA","Mbour, Sénégal","https://images.coinafrique.com/thumb_3657180_uploaded_image3_1650144422.jpeg"
"1739060880-69","https://sn.coinafrique.com/categorie/moutons?page=10","Moutons","https://sn.coinafrique.com/annonce/moutons/moutons-2638675","Moutons","850 000 CFA","Louga, Sénégal","https://images.coinafrique.com/thumb_4264167_uploaded_image1_1687307074.jpg"
"1739060882-70","https://sn.coinafrique.com/categorie/moutons?page=10","Mouton métisse Ladoum Azawat","https://sn.coinafrique.com/annonce/moutons/mouton-metisse-ladoum-azawat-2639328","Mouton métisse Ladoum Azawat","175 000 CFA","Mbao, Dakar, Sénégal","https://images.coinafrique.com/thumb_2639328_uploaded_image1_1600604046.jpg"
"1739060885-71","https://sn.coinafrique.com/categorie/moutons?page=10","Mouton Azawat pur sang","https://sn.coinafrique.com/annonce/moutons/mouton-azawat-pur-sang-2645562","Mouton Azawat pur sang","1 000 000 CFA","Mbao, Dakar, Sénégal","https://images.coinafrique.com/thumb_2645562_uploaded_image1_1600821694.jpg"
"1739060887-72","https://sn.coinafrique.com/categorie/moutons?page=10","Azawat pur sang","https://sn.coinafrique.com/annonce/moutons/azawat-pur-sang-2645571","Azawat pur sang","1 200 000 CFA","Dakar, Sénégal","https://images.coinafrique.com/thumb_3503706_uploaded_image1_1640971116.jpg"
"1739060890-73","https://sn.coinafrique.com/categorie/moutons?page=10","Mouton asawat et femelle ladoum","https://sn.coinafrique.com/annonce/moutons/mouton-asawat-et-femelle-ladoum-2648435","Mouton asawat et femelle ladoum","Prix sur demande","Keur Massar, Sénégal","https://images.coinafrique.com/thumb_2648435_uploaded_image1_1600940186.jpg"
"1739060892-74","https://sn.coinafrique.com/categorie/moutons?page=10","Mouton Ladoum","https://sn.coinafrique.com/annonce/moutons/mouton-ladoum-2664213","Mouton Ladoum","690 000 CFA","Mermoz-Sacré Coeur, Dakar, Sénégal","https://images.coinafrique.com/thumb_4252367_uploaded_image1_1686511140.jpg"
"1739060895-75","https://sn.coinafrique.com/categorie/moutons?page=10","Mouton Ladoum","https://sn.coinafrique.com/annonce/moutons/mouton-ladoum-2665289","Mouton Ladoum","500 000 CFA","Fatick, Sénégal","https://images.coinafrique.com/thumb_2665289_uploaded_image1_1601598363.jpg"
"1739060897-76","https://sn.coinafrique.com/categorie/moutons?page=10","Mouton ladoum","https://sn.coinafrique.com/annonce/moutons/mouton-ladoum-2667623","Mouton ladoum","450 000 CFA","Guediawaye, Dakar, Sénégal","https://images.coinafrique.com/thumb_5114763_uploaded_image1_1735745896.jpg"
"1739060899-77","https://sn.coinafrique.com/categorie/moutons?page=10","Ladoum","https://sn.coinafrique.com/annonce/moutons/ladoum-2671450","Ladoum","2 000 000 CFA","Patte d'oie, Dakar, Sénégal","https://images.coinafrique.com/thumb_3221082_uploaded_image1_1625930320.jpg"
"1739060902-78","https://sn.coinafrique.com/categorie/moutons?page=10","Ladoum","https://sn.coinafrique.com/annonce/moutons/ladoum-2671460","Ladoum","Prix sur demande","Cambérène, Dakar, Sénégal","https://images.coinafrique.com/thumb_4061084_uploaded_image1_1674422780.jpg"
"1739060904-79","https://sn.coinafrique.com/categorie/moutons?page=10","Mouton femelle ladoum","https://sn.coinafrique.com/annonce/moutons/mouton-femelle-ladoum-2671562","Mouton femelle ladoum","Prix sur demande","Cambérène, Dakar, Sénégal","https://images.coinafrique.com/thumb_4061084_uploaded_image1_1674422780.jpg"
"1739060907-80","https://sn.coinafrique.com/categorie/moutons?page=10","Mouton Ladoum","https://sn.coinafrique.com/annonce/moutons/mouton-ladoum-2671636","Mouton Ladoum","450 000 CFA","Parcelle Assainies, Dakar, Sénégal","https://images.coinafrique.com/thumb_5144166_uploaded_image1_1737393386.jpg"
"1739060909-81","https://sn.coinafrique.com/categorie/moutons?page=10","Mouton","https://sn.coinafrique.com/annonce/moutons/mouton-2671650","Mouton","850 000 CFA","Parcelle Assainies, Dakar, Sénégal","https://images.coinafrique.com/thumb_5144166_uploaded_image1_1737393386.jpg"
"1739060912-82","https://sn.coinafrique.com/categorie/moutons?page=10","Mouton Anaux","https://sn.coinafrique.com/annonce/moutons/mouton-anaux-2675861","Mouton Anaux","400 000 CFA","Louga, Sénégal","https://images.coinafrique.com/thumb_2675861_uploaded_image1_1601992787.jpg"
"1739060914-83","https://sn.coinafrique.com/categorie/moutons?page=10","Mouton Ladoum pur sang","https://sn.coinafrique.com/annonce/moutons/mouton-ladoum-pur-sang-2703872","Mouton Ladoum pur sang","400 CFA","Dakar, Sénégal","https://images.coinafrique.com/thumb_3265343_uploaded_image1_1628217266.jpg"
"1739060917-84","https://sn.coinafrique.com/categorie/moutons?page=10","Mouton Ladoum Pur sang","https://sn.coinafrique.com/annonce/moutons/mouton-ladoum-pur-sang-2704105","Mouton Ladoum Pur sang","750 000 CFA","Guediawaye, Dakar, Sénégal","https://images.coinafrique.com/thumb_3940258_uploaded_image1_1667000243.jpg"
"1739060927-85","https://sn.coinafrique.com/categorie/moutons?page=9","Mouton Ladoum","https://sn.coinafrique.com/annonce/moutons/mouton-ladoum-2705668","Mouton Ladoum","2 500 000 CFA","Dakar, Sénégal","https://images.coinafrique.com/thumb_4773721_uploaded_image1_1717238496.jpg"
"1739060929-86","https://sn.coinafrique.com/categorie/moutons?page=9","Ladoum pur sang","https://sn.coinafrique.com/annonce/moutons/ladoum-pur-sang-2723147","Ladoum pur sang","Prix sur demande","Louga, Sénégal","https://images.coinafrique.com/thumb_4198188_uploaded_image1_1683021884.jpg"
"1739060932-87","https://sn.coinafrique.com/categorie/moutons?page=9","Mouton Ladoume couple","https://sn.coinafrique.com/annonce/moutons/mouton-ladoume-couple-2735066","Mouton Ladoume couple","1 750 000 CFA","Dakar, Sénégal","https://images.coinafrique.com/thumb_2735066_uploaded_image1_1604415830.jpg"
"1739060934-88","https://sn.coinafrique.com/categorie/moutons?page=9","Mouton Ladoume","https://sn.coinafrique.com/annonce/moutons/mouton-ladoume-2735067","Mouton Ladoume","Prix sur demande","Kaolack, Sénégal","https://images.coinafrique.com/thumb_3705520_uploaded_image1_1653135164.jpg"
"1739060936-89","https://sn.coinafrique.com/categorie/moutons?page=9","Couple mouton","https://sn.coinafrique.com/annonce/moutons/couple-mouton-2735771","Couple mouton","1 750 000 CFA","Dakar, Sénégal","https://images.coinafrique.com/thumb_2735771_uploaded_image1_1604430779.jpg"
"1739060939-90","https://sn.coinafrique.com/categorie/moutons?page=9","Moutons","https://sn.coinafrique.com/annonce/moutons/moutons-2736437","Moutons","1 700 000 CFA","Ouest Foire, Dakar, Sénégal","https://images.coinafrique.com/thumb_4787368_uploaded_image1_1717940799.jpg"
"1739060941-91","https://sn.coinafrique.com/categorie/moutons?page=9","Moutons","https://sn.coinafrique.com/annonce/moutons/moutons-2746543","Moutons","425 000 CFA","Dieuppeul-Derklé, Dakar, Sénégal","https://images.coinafrique.com/thumb_4931367_uploaded_image1_1725633697.jpg"
"1739060944-92","https://sn.coinafrique.com/categorie/moutons?page=9","Mouton","https://sn.coinafrique.com/annonce/moutons/mouton-2765872","Mouton","Prix sur demande","Guediawaye, Dakar, Sénégal","https://images.coinafrique.com/thumb_2765872_uploaded_image1_1605534766.jpg"
"1739060946-93","https://sn.coinafrique.com/categorie/moutons?page=9","Mouton femelle","https://sn.coinafrique.com/annonce/moutons/mouton-femelle-2765878","Mouton femelle","765 809 243 CFA","Keur Massar, Sénégal","https://images.coinafrique.com/thumb_4286897_uploaded_image1_1688846757.jpg"
"1739060949-94","https://sn.coinafrique.com/categorie/moutons?page=9","Mouton","https://sn.coinafrique.com/annonce/moutons/mouton-2779632","Mouton","5 000 000 CFA","Louga, Sénégal","https://images.coinafrique.com/thumb_4264167_uploaded_image1_1687307074.jpg"
"1739060951-95","https://sn.coinafrique.com/categorie/moutons?page=9","Femelles ladoum","https://sn.coinafrique.com/annonce/moutons/femelles-ladoum-2781792","Femelles ladoum","275 000 CFA","Dakar, Sénégal","https://images.coinafrique.com/thumb_2781792_uploaded_image1_1606140774.jpg"
"1739060954-96","https://sn.coinafrique.com/categorie/moutons?page=9","Mouton ladoum","https://sn.coinafrique.com/annonce/moutons/mouton-ladoum-2789110","Mouton ladoum","1 000 000 CFA","Kébémer, Sénégal","https://images.coinafrique.com/thumb_2789124_uploaded_image1_1606398488.jpg"
"1739060956-97","https://sn.coinafrique.com/categorie/moutons?page=9","Mouton Ladoum","https://sn.coinafrique.com/annonce/moutons/mouton-ladoum-2789124","Mouton Ladoum","1 500 000 CFA","Kébémer, Sénégal","https://images.coinafrique.com/thumb_2789124_uploaded_image1_1606398488.jpg"
"1739060959-98","https://sn.coinafrique.com/categorie/moutons?page=9","Moutons","https://sn.coinafrique.com/annonce/moutons/moutons-2795474","Moutons","400 000 CFA","Dakar, Sénégal","https://images.coinafrique.com/thumb_4773721_uploaded_image1_1717238496.jpg"
"1739060961-99","https://sn.coinafrique.com/categorie/moutons?page=9","Mouton Ladoum","https://sn.coinafrique.com/annonce/moutons/mouton-ladoum-2795953","Mouton Ladoum","750 CFA","Guediawaye, Dakar, Sénégal","https://images.coinafrique.com/thumb_5114763_uploaded_image1_1735745896.jpg"
"1739060964-100","https://sn.coinafrique.com/categorie/moutons?page=9","Mouton Ladoum","https://sn.coinafrique.com/annonce/moutons/mouton-ladoum-2796870","Mouton Ladoum","8 500 000 CFA","Louga, Sénégal","https://images.coinafrique.com/thumb_4198188_uploaded_image1_1683021884.jpg"
"1739060966-101","https://sn.coinafrique.com/categorie/moutons?page=9","Mouton mâle fils - pur sang","https://sn.coinafrique.com/annonce/moutons/mouton-male-fils-pur-sang-2811883","Mouton mâle fils - pur sang","600 000 CFA","Louga, Sénégal",""
"1739060969-102","https://sn.coinafrique.com/categorie/moutons?page=9","Moutons","https://sn.coinafrique.com/annonce/moutons/moutons-2829249","Moutons","650 000 CFA","Dakar, Sénégal","https://images.coinafrique.com/thumb_4773721_uploaded_image1_1717238496.jpg"
"1739060972-103","https://sn.coinafrique.com/categorie/moutons?page=9","Femelle Azawad","https://sn.coinafrique.com/annonce/moutons/femelle-azawad-2836286","Femelle Azawad","100 000 CFA","Fass, Dakar, Sénégal","https://images.coinafrique.com/thumb_2836291_uploaded_image1_1608193594.jpg"
"1739060974-104","https://sn.coinafrique.com/categorie/moutons?page=9","Femelle Azawad","https://sn.coinafrique.com/annonce/moutons/femelle-azawad-2836291","Femelle Azawad","100 000 CFA","Fass, Dakar, Sénégal","https://images.coinafrique.com/thumb_2836291_uploaded_image1_1608193594.jpg"
"1739060977-105","https://sn.coinafrique.com/categorie/moutons?page=9","Mouton Ladoum","https://sn.coinafrique.com/annonce/moutons/mouton-ladoum-2836401","Mouton Ladoum","475 000 CFA","Pikine, Sénégal","https://images.coinafrique.com/thumb_4465409_uploaded_image1_1700496107.jpg"
"1739060979-106","https://sn.coinafrique.com/categorie/moutons?page=9","Mouton","https://sn.coinafrique.com/annonce/moutons/mouton-2840303","Mouton","200 000 CFA","Keur Massar, Sénégal","https://images.coinafrique.com/thumb_4791149_uploaded_image1_1718136046.jpg"
"1739060982-107","https://sn.coinafrique.com/categorie/moutons?page=9","Mouton ladoum","https://sn.coinafrique.com/annonce/moutons/mouton-ladoum-2841419","Mouton ladoum","700 000 CFA","Ouakam, Dakar, Sénégal","https://images.coinafrique.com/thumb_3332059_uploaded_image1_1631529827.jpg"
"1739060985-108","https://sn.coinafrique.com/categorie/moutons?page=9","Mouton Ladoum","https://sn.coinafrique.com/annonce/moutons/mouton-ladoum-2845111","Mouton Ladoum","Prix sur demande","Mbour, Sénégal","https://images.coinafrique.com/thumb_4905476_uploaded_image1_1724281103.jpg"
"1739060987-109","https://sn.coinafrique.com/categorie/moutons?page=9","Moutons","https://sn.coinafrique.com/annonce/moutons/moutons-2845558","Moutons","Prix sur demande","Cambérène, Dakar, Sénégal","https://images.coinafrique.com/thumb_4061084_uploaded_image1_1674422780.jpg"
"1739060990-110","https://sn.coinafrique.com/categorie/moutons?page=9","Moutons","https://sn.coinafrique.com/annonce/moutons/moutons-2858185","Moutons","2 000 000 CFA","Guediawaye, Dakar, Sénégal","https://images.coinafrique.com/thumb_5159269_uploaded_image1_1738163617.jpg"
"1739060993-111","https://sn.coinafrique.com/categorie/moutons?page=9","Mouton Azawate","https://sn.coinafrique.com/annonce/moutons/mouton-azawate-2860328","Mouton Azawate","300 000 CFA","Saint Louis, Sénégal","https://images.coinafrique.com/thumb_2860328_uploaded_image1_1609342630.jpg"
"1739060995-112","https://sn.coinafrique.com/categorie/moutons?page=9","Mouton Ladoum","https://sn.coinafrique.com/annonce/moutons/mouton-ladoum-2861975","Mouton Ladoum","Prix sur demande","Dakar, Sénégal","https://images.coinafrique.com/thumb_4773721_uploaded_image1_1717238496.jpg"
"1739060997-113","https://sn.coinafrique.com/categorie/moutons?page=9","Moutons Ladoum","https://sn.coinafrique.com/annonce/moutons/moutons-ladoum-2872968","Moutons Ladoum","400 000 CFA","Dakar Plateau, Dakar, Sénégal","https://images.coinafrique.com/thumb_3732517_uploaded_image1_1654690342.jpg"
"1739061000-114","https://sn.coinafrique.com/categorie/moutons?page=9","Mouton Ladoum","https://sn.coinafrique.com/annonce/moutons/mouton-ladoum-2873055","Mouton Ladoum","400 000 CFA","Dakar Plateau, Dakar, Sénégal","https://images.coinafrique.com/thumb_3732517_uploaded_image1_1654690342.jpg"
"1739061003-115","https://sn.coinafrique.com/categorie/moutons?page=9","Moto assawat","https://sn.coinafrique.com/annonce/moutons/moto-assawat-2882279","Moto assawat","175 CFA","Kayar, Sénégal","https://images.coinafrique.com/thumb_2882279_uploaded_image1_1610319596.jpg"
"1739061006-116","https://sn.coinafrique.com/categorie/moutons?page=9","Mouton Azawat","https://sn.coinafrique.com/annonce/moutons/mouton-azawat-2885428","Mouton Azawat","250 000 CFA","Ouakam, Dakar, Sénégal","https://images.coinafrique.com/thumb_2885448_uploaded_image1_1610450831.jpg"
"1739061008-117","https://sn.coinafrique.com/categorie/moutons?page=9","Mouton Azawat","https://sn.coinafrique.com/annonce/moutons/mouton-azawat-2885448","Mouton Azawat","250 000 CFA","Ouakam, Dakar, Sénégal","https://images.coinafrique.com/thumb_2885448_uploaded_image1_1610450831.jpg"
"1739061011-118","https://sn.coinafrique.com/categorie/moutons?page=9","Chèvre","https://sn.coinafrique.com/annonce/moutons/chevre-2897354","Chèvre","50 000 CFA","Louga, Sénégal","https://images.coinafrique.com/thumb_2897354_uploaded_image1_1610964651.jpg"
"1739061013-119","https://sn.coinafrique.com/categorie/moutons?page=9","Mouton","https://sn.coinafrique.com/annonce/moutons/mouton-2907814","Mouton","130 000 CFA","Patte d'oie, Dakar, Sénégal","https://images.coinafrique.com/thumb_4202091_uploaded_image1_1683204935.jpg"
"1739061016-120","https://sn.coinafrique.com/categorie/moutons?page=9","Bélier azawak","https://sn.coinafrique.com/annonce/moutons/belier-azawak-2920865","Bélier azawak","300 000 CFA","Keur Massar, Sénégal","https://images.coinafrique.com/thumb_2920865_uploaded_image1_1612027206.jpg"
"1739061018-121","https://sn.coinafrique.com/categorie/moutons?page=9","Mouton","https://sn.coinafrique.com/annonce/moutons/mouton-2922356","Mouton","250 000 CFA","Guediawaye, Dakar, Sénégal","https://images.coinafrique.com/thumb_5159269_uploaded_image1_1738163617.jpg"
"1739061021-122","https://sn.coinafrique.com/categorie/moutons?page=9","Mouton","https://sn.coinafrique.com/annonce/moutons/mouton-2922361","Mouton","Prix sur demande","Guediawaye, Dakar, Sénégal","https://images.coinafrique.com/thumb_5159269_uploaded_image1_1738163617.jpg"
"1739061023-123","https://sn.coinafrique.com/categorie/moutons?page=9","Mouton  Ladoum","https://sn.coinafrique.com/annonce/moutons/mouton-ladoum-2923489","Mouton  Ladoum","1 500 000 CFA","Louga, Sénégal","https://images.coinafrique.com/thumb_4198188_uploaded_image1_1683021884.jpg"
"1739061026-124","https://sn.coinafrique.com/categorie/moutons?page=9","Moutons","https://sn.coinafrique.com/annonce/moutons/moutons-2923628","Moutons","250 000 CFA","Mbao, Dakar, Sénégal","https://images.coinafrique.com/thumb_4969224_uploaded_image1_1727728741.jpg"
"1739061028-125","https://sn.coinafrique.com/categorie/moutons?page=9","Moutons","https://sn.coinafrique.com/annonce/moutons/moutons-2929439","Moutons","Prix sur demande","Guediawaye, Dakar, Sénégal","https://images.coinafrique.com/thumb_5159269_uploaded_image1_1738163617.jpg"
"1739061031-126","https://sn.coinafrique.com/categorie/moutons?page=9","Mouton","https://sn.coinafrique.com/annonce/moutons/mouton-2929533","Mouton","300 000 CFA","Guediawaye, Dakar, Sénégal","https://images.coinafrique.com/thumb_5159269_uploaded_image1_1738163617.jpg"
"1739061033-127","https://sn.coinafrique.com/categorie/moutons?page=9","Moutons","https://sn.coinafrique.com/annonce/moutons/moutons-2931611","Moutons","200 000 CFA","Mbao, Dakar, Sénégal","https://images.coinafrique.com/thumb_4969224_uploaded_image1_1727728741.jpg"
"1739061036-128","https://sn.coinafrique.com/categorie/moutons?page=9","Mouton","https://sn.coinafrique.com/annonce/moutons/mouton-2931779","Mouton","250 000 CFA","Dakar, Sénégal","https://images.coinafrique.com/thumb_4773721_uploaded_image1_1717238496.jpg"
"1739061038-129","https://sn.coinafrique.com/categorie/moutons?page=9","Moutons","https://sn.coinafrique.com/annonce/moutons/moutons-2932586","Moutons","750 000 CFA","Guediawaye, Dakar, Sénégal","https://images.coinafrique.com/thumb_5159269_uploaded_image1_1738163617.jpg"
"1739061040-130","https://sn.coinafrique.com/categorie/moutons?page=9","Moutons","https://sn.coinafrique.com/annonce/moutons/moutons-2934157","Moutons","750 000 CFA","Diamniadio, Sénégal","https://images.coinafrique.com/thumb_4258464_uploaded_image1_1686868865.jpg"
"1739061043-131","https://sn.coinafrique.com/categorie/moutons?page=9","Moutons Ladoum","https://sn.coinafrique.com/annonce/moutons/moutons-ladoum-2934178","Moutons Ladoum","750 000 CFA","Diamniadio, Sénégal","https://images.coinafrique.com/thumb_2934178_uploaded_image1_1612542098.jpg"
"1739061045-132","https://sn.coinafrique.com/categorie/moutons?page=9","Mouton ladoum sang ghandy - magistrat","https://sn.coinafrique.com/annonce/moutons/mouton-ladoum-sang-ghandy-magistrat-2936901","Mouton ladoum sang ghandy - magistrat","950 000 CFA","Mbao, Dakar, Sénégal","https://images.coinafrique.com/thumb_2936901_uploaded_image1_1612664090.jpg"
"1739061048-133","https://sn.coinafrique.com/categorie/moutons?page=9","Mouton Ladoum","https://sn.coinafrique.com/annonce/moutons/mouton-ladoum-2956672","Mouton Ladoum","100 000 CFA","Mbao, Dakar, Sénégal","https://images.coinafrique.com/thumb_4969224_uploaded_image1_1727728741.jpg"
"1739061050-134","https://sn.coinafrique.com/categorie/moutons?page=9","Mouton","https://sn.coinafrique.com/annonce/moutons/mouton-2959176","Mouton","175 000 CFA","Parcelle Assainies, Dakar, Sénégal","https://images.coinafrique.com/thumb_5144166_uploaded_image1_1737393386.jpg"
"1739061053-135","https://sn.coinafrique.com/categorie/moutons?page=9","Mouton Ladoum","https://sn.coinafrique.com/annonce/moutons/mouton-ladoum-2959533","Mouton Ladoum","450 000 CFA","Thies, Sénégal","https://images.coinafrique.com/thumb_4705081_uploaded_image2_1713794349.jpeg"
"1739061055-136","https://sn.coinafrique.com/categorie/moutons?page=9","Mouton Ladoum","https://sn.coinafrique.com/annonce/moutons/mouton-ladoum-2962083","Mouton Ladoum","1 200 000 CFA","Touba, Sénégal","https://images.coinafrique.com/thumb_3434097_uploaded_image1_1636701530.jpg"
"1739061059-137","https://sn.coinafrique.com/categorie/moutons?page=9","Mouton","https://sn.coinafrique.com/annonce/moutons/mouton-2965030","Mouton","400 000 CFA","Diourbel, Sénégal","https://images.coinafrique.com/thumb_4748231_uploaded_image1_1715934057.jpg"
"1739061061-138","https://sn.coinafrique.com/categorie/moutons?page=9","Moutons","https://sn.coinafrique.com/annonce/moutons/moutons-2966096","Moutons","1 000 000 CFA","Dakar, Sénégal","https://images.coinafrique.com/thumb_4773721_uploaded_image1_1717238496.jpg"
"1739061063-139","https://sn.coinafrique.com/categorie/moutons?page=9","Mouton","https://sn.coinafrique.com/annonce/moutons/mouton-2978859","Mouton","500 000 CFA","Guediawaye, Dakar, Sénégal","https://images.coinafrique.com/thumb_5159269_uploaded_image1_1738163617.jpg"
"1739061066-140","https://sn.coinafrique.com/categorie/moutons?page=9","Mouton","https://sn.coinafrique.com/annonce/moutons/mouton-2981131","Mouton","Prix sur demande","Grand Yoff, Dakar, Sénégal","https://images.coinafrique.com/thumb_4739472_uploaded_image1_1715522415.jpg"
"1739061068-141","https://sn.coinafrique.com/categorie/moutons?page=9","Mouton","https://sn.coinafrique.com/annonce/moutons/mouton-2986456","Mouton","250 000 CFA","Kaolack, Sénégal","https://images.coinafrique.com/thumb_3754057_uploaded_image1_1655926556.jpg"
"1739061071-142","https://sn.coinafrique.com/categorie/moutons?page=9","Mouton","https://sn.coinafrique.com/annonce/moutons/mouton-2989832","Mouton","225 000 CFA","Kaolack, Sénégal","https://images.coinafrique.com/thumb_3754057_uploaded_image1_1655926556.jpg"
"1739061073-143","https://sn.coinafrique.com/categorie/moutons?page=9","Mouton","https://sn.coinafrique.com/annonce/moutons/mouton-2992212","Mouton","230 000 CFA","Touba, Sénégal","https://images.coinafrique.com/thumb_3434097_uploaded_image1_1636701530.jpg"
"1739061076-144","https://sn.coinafrique.com/categorie/moutons?page=9","Mouton","https://sn.coinafrique.com/annonce/moutons/mouton-2993929","Mouton","220 000 CFA","Kaolack, Sénégal","https://images.coinafrique.com/thumb_3754057_uploaded_image1_1655926556.jpg"
"1739061078-145","https://sn.coinafrique.com/categorie/moutons?page=9","Mouton","https://sn.coinafrique.com/annonce/moutons/mouton-2995220","Mouton","225 000 CFA","Kaolack, Sénégal","https://images.coinafrique.com/thumb_3754057_uploaded_image1_1655926556.jpg"
"1739061081-146","https://sn.coinafrique.com/categorie/moutons?page=9","Mouton","https://sn.coinafrique.com/annonce/moutons/mouton-2996408","Mouton","180 000 CFA","Grand Yoff, Dakar, Sénégal","https://images.coinafrique.com/thumb_4739472_uploaded_image1_1715522415.jpg"
"1739061083-147","https://sn.coinafrique.com/categorie/moutons?page=9","Femelle Ladoume","https://sn.coinafrique.com/annonce/moutons/femelle-ladoume-2997713","Femelle Ladoume","250 000 CFA","Dakar, Sénégal","https://images.coinafrique.com/thumb_3571469_uploaded_image1_1645100060.jpg"
"1739061086-148","https://sn.coinafrique.com/categorie/moutons?page=9","Mouton","https://sn.coinafrique.com/annonce/moutons/mouton-3005044","Mouton","260 000 CFA","Pikine, Sénégal","https://images.coinafrique.com/thumb_4465409_uploaded_image1_1700496107.jpg"
"1739061088-149","https://sn.coinafrique.com/categorie/moutons?page=9","Mouton","https://sn.coinafrique.com/annonce/moutons/mouton-3006395","Mouton","215 CFA","Touba, Sénégal","https://images.coinafrique.com/thumb_3434097_uploaded_image1_1636701530.jpg"
"1739061090-150","https://sn.coinafrique.com/categorie/moutons?page=9","Mouton Joe Biden à 12 mois","https://sn.coinafrique.com/annonce/moutons/mouton-joe-biden-a-12-mois-3012077","Mouton Joe Biden à 12 mois","1 000 000 CFA","Mbacke, Sénégal",""
"1739061093-151","https://sn.coinafrique.com/categorie/moutons?page=9","Mouton femelle","https://sn.coinafrique.com/annonce/moutons/mouton-femelle-3012233","Mouton femelle","90 000 CFA","Guediawaye, Dakar, Sénégal","https://images.coinafrique.com/thumb_4678964_uploaded_image1_1712396100.jpg"
"1739061095-152","https://sn.coinafrique.com/categorie/moutons?page=9","Mouton","https://sn.coinafrique.com/annonce/moutons/mouton-3013240","Mouton","400 000 CFA","Louga, Sénégal","https://images.coinafrique.com/thumb_4264167_uploaded_image1_1687307074.jpg"
"1739061098-153","https://sn.coinafrique.com/categorie/moutons?page=9","Moutons","https://sn.coinafrique.com/annonce/moutons/moutons-3013830","Moutons","250 000 CFA","Parcelle Assainies, Dakar, Sénégal","https://images.coinafrique.com/thumb_5144166_uploaded_image1_1737393386.jpg"
"1739061100-154","https://sn.coinafrique.com/categorie/moutons?page=9","Mouton tchadien","https://sn.coinafrique.com/annonce/moutons/mouton-tchadien-3013836","Mouton tchadien","250 000 CFA","Parcelle Assainies, Dakar, Sénégal","https://images.coinafrique.com/thumb_3013836_uploaded_image1_1616361582.jpg"
"1739061103-155","https://sn.coinafrique.com/categorie/moutons?page=9","Mouton  Ladoum","https://sn.coinafrique.com/annonce/moutons/mouton-ladoum-3020572","Mouton  Ladoum","450 000 CFA","HLM, Dakar, Sénégal","https://images.coinafrique.com/thumb_3085602_uploaded_image1_1619649966.jpg"
"1739061105-156","https://sn.coinafrique.com/categorie/moutons?page=9","Géniteur Ladoum","https://sn.coinafrique.com/annonce/moutons/geniteur-ladoum-3033045","Géniteur Ladoum","450 000 CFA","HLM, Dakar, Sénégal","https://images.coinafrique.com/thumb_3085602_uploaded_image1_1619649966.jpg"
"1739061108-157","https://sn.coinafrique.com/categorie/moutons?page=9","Moutons","https://sn.coinafrique.com/annonce/moutons/moutons-3040996","Moutons","750 000 CFA","Louga, Sénégal","https://images.coinafrique.com/thumb_4264167_uploaded_image1_1687307074.jpg"
"1739061110-158","https://sn.coinafrique.com/categorie/moutons?page=9","Mouton","https://sn.coinafrique.com/annonce/moutons/mouton-3041812","Mouton","180 000 CFA","Mbao, Dakar, Sénégal","https://images.coinafrique.com/thumb_4969224_uploaded_image1_1727728741.jpg"
"1739061112-159","https://sn.coinafrique.com/categorie/moutons?page=9","Mouton femelle","https://sn.coinafrique.com/annonce/moutons/mouton-femelle-3041841","Mouton femelle","180 000 CFA","Mbao, Dakar, Sénégal","https://images.coinafrique.com/thumb_4969224_uploaded_image1_1727728741.jpg"
"1739061116-160","https://sn.coinafrique.com/categorie/moutons?page=9","Mouton femelle","https://sn.coinafrique.com/annonce/moutons/mouton-femelle-3041846","Mouton femelle","180 000 CFA","Mbao, Dakar, Sénégal","https://images.coinafrique.com/thumb_4969224_uploaded_image1_1727728741.jpg"
"1739061118-161","https://sn.coinafrique.com/categorie/moutons?page=9","Bélier","https://sn.coinafrique.com/annonce/moutons/belier-3042642","Bélier","250 000 CFA","Dakar, Sénégal","https://images.coinafrique.com/thumb_3165428_uploaded_image1_1623355687.jpg"
"1739061121-162","https://sn.coinafrique.com/categorie/moutons?page=9","Agnelle","https://sn.coinafrique.com/annonce/moutons/agnelle-3043381","Agnelle","750 000 CFA","Louga, Sénégal","https://images.coinafrique.com/thumb_3043381_uploaded_image1_1617725296.jpg"
"1739061123-163","https://sn.coinafrique.com/categorie/moutons?page=9","Mouton  Ladoum","https://sn.coinafrique.com/annonce/moutons/mouton-ladoum-3047335","Mouton  Ladoum","450 000 CFA","HLM, Dakar, Sénégal","https://images.coinafrique.com/thumb_3085602_uploaded_image1_1619649966.jpg"
"1739061126-164","https://sn.coinafrique.com/categorie/moutons?page=9","Mouton","https://sn.coinafrique.com/annonce/moutons/mouton-3055527","Mouton","160 000 CFA","Keur Massar, Sénégal","https://images.coinafrique.com/thumb_4791149_uploaded_image1_1718136046.jpg"
"1739061128-165","https://sn.coinafrique.com/categorie/moutons?page=9","Mouton ladoum mâle","https://sn.coinafrique.com/annonce/moutons/mouton-ladoum-male-3085602","Mouton ladoum mâle","450 000 CFA","HLM, Dakar, Sénégal","https://images.coinafrique.com/thumb_1428014_uploaded_image1_1578171800.77.png"
"1739061131-166","https://sn.coinafrique.com/categorie/moutons?page=9","Brebis Ladoum","https://sn.coinafrique.com/annonce/moutons/brebis-ladoum-3088829","Brebis Ladoum","220 000 CFA","Dakar, Sénégal","https://images.coinafrique.com/thumb_3088829_uploaded_image1_1619818625.jpg"
"1739061133-167","https://sn.coinafrique.com/categorie/moutons?page=9","Mouton Ladoum","https://sn.coinafrique.com/annonce/moutons/mouton-ladoum-3092792","Mouton Ladoum","250 CFA","Rufisque, Sénégal","https://images.coinafrique.com/thumb_5081184_uploaded_image1_1733597466.jpg"
"1739061136-168","https://sn.coinafrique.com/categorie/moutons?page=9","Mouton","https://sn.coinafrique.com/annonce/moutons/mouton-3093792","Mouton","350 000 CFA","Thies, Sénégal","https://images.coinafrique.com/thumb_4708924_uploaded_image1_1713971615.jpg"
"1739061145-169","https://sn.coinafrique.com/categorie/moutons?page=8","Mouton Ladoum","https://sn.coinafrique.com/annonce/moutons/mouton-ladoum-3102684","Mouton Ladoum","Prix sur demande","Keur Massar, Sénégal","https://images.coinafrique.com/thumb_4290166_uploaded_image1_1689087261.jpg"
"1739061147-170","https://sn.coinafrique.com/categorie/moutons?page=8","Géniteur Ladoum pure sang","https://sn.coinafrique.com/annonce/moutons/geniteur-ladoum-pure-sang-3102835","Géniteur Ladoum pure sang","1 900 000 CFA","Diamniadio, Sénégal","https://images.coinafrique.com/thumb_3102835_uploaded_image1_1620385087.jpg"
"1739061150-171","https://sn.coinafrique.com/categorie/moutons?page=8","Mouton","https://sn.coinafrique.com/annonce/moutons/mouton-3106570","Mouton","2 500 000 CFA","Louga, Sénégal","https://images.coinafrique.com/thumb_4264167_uploaded_image1_1687307074.jpg"
"1739061152-172","https://sn.coinafrique.com/categorie/moutons?page=8","Mouton Ladoum","https://sn.coinafrique.com/annonce/moutons/mouton-ladoum-3110534","Mouton Ladoum","1 800 000 CFA","Guediawaye, Dakar, Sénégal","https://images.coinafrique.com/thumb_5114763_uploaded_image1_1735745896.jpg"
"1739061155-173","https://sn.coinafrique.com/categorie/moutons?page=8","Ladoum","https://sn.coinafrique.com/annonce/moutons/ladoum-3115620","Ladoum","350 000 CFA","Rufisque, Sénégal","https://images.coinafrique.com/thumb_5081184_uploaded_image1_1733597466.jpg"
"1739061157-174","https://sn.coinafrique.com/categorie/moutons?page=8","Mouton","https://sn.coinafrique.com/annonce/moutons/mouton-3115959","Mouton","190 000 CFA","Thies, Sénégal","https://images.coinafrique.com/thumb_4708924_uploaded_image1_1713971615.jpg"
"1739061159-175","https://sn.coinafrique.com/categorie/moutons?page=8","Mouton Ladoum","https://sn.coinafrique.com/annonce/moutons/mouton-ladoum-3116200","Mouton Ladoum","4 000 000 CFA","Hann Bel-Air, Dakar, Sénégal","https://images.coinafrique.com/thumb_3116200_uploaded_image1_1621076633.jpg"
"1739061162-176","https://sn.coinafrique.com/categorie/moutons?page=8","Mouton","https://sn.coinafrique.com/annonce/moutons/mouton-3117116","Mouton","Prix sur demande","Pikine, Sénégal","https://images.coinafrique.com/thumb_4465409_uploaded_image1_1700496107.jpg"
"1739061164-177","https://sn.coinafrique.com/categorie/moutons?page=8","Moutons","https://sn.coinafrique.com/annonce/moutons/moutons-3117830","Moutons","200 000 CFA","Mbao, Dakar, Sénégal","https://images.coinafrique.com/thumb_4969224_uploaded_image1_1727728741.jpg"
"1739061167-178","https://sn.coinafrique.com/categorie/moutons?page=8","Mouton Balibali","https://sn.coinafrique.com/annonce/moutons/mouton-balibali-3117923","Mouton Balibali","225 000 CFA","Mbao, Dakar, Sénégal","https://images.coinafrique.com/thumb_3117923_uploaded_image1_1621182115.jpg"
"1739061169-179","https://sn.coinafrique.com/categorie/moutons?page=8","Mouton","https://sn.coinafrique.com/annonce/moutons/mouton-3117928","Mouton","225 000 CFA","Mbao, Dakar, Sénégal","https://images.coinafrique.com/thumb_4969224_uploaded_image1_1727728741.jpg"
"1739061172-180","https://sn.coinafrique.com/categorie/moutons?page=8","Mouton","https://sn.coinafrique.com/annonce/moutons/mouton-3118443","Mouton","Prix sur demande","Matam, Sénégal","https://images.coinafrique.com/thumb_4204058_uploaded_image1_1683299567.jpg"
"1739061174-181","https://sn.coinafrique.com/categorie/moutons?page=8","Mouton","https://sn.coinafrique.com/annonce/moutons/mouton-3120284","Mouton","Prix sur demande","Louga, Sénégal","https://images.coinafrique.com/thumb_4264167_uploaded_image1_1687307074.jpg"
"1739061177-182","https://sn.coinafrique.com/categorie/moutons?page=8","Mouton","https://sn.coinafrique.com/annonce/moutons/mouton-3121447","Mouton","Prix sur demande","Les Parcelles Assainies, Dakar, Sénégal","https://images.coinafrique.com/thumb_3121447_uploaded_image1_1621352794.jpg"
"1739061180-183","https://sn.coinafrique.com/categorie/moutons?page=8","Mouton","https://sn.coinafrique.com/annonce/moutons/mouton-3124707","Mouton","130 000 CFA","Thies, Sénégal","https://images.coinafrique.com/thumb_4708924_uploaded_image1_1713971615.jpg"
"1739061182-184","https://sn.coinafrique.com/categorie/moutons?page=8","Mouton","https://sn.coinafrique.com/annonce/moutons/mouton-3129881","Mouton","250 000 CFA","Dakar, Sénégal","https://images.coinafrique.com/thumb_4773721_uploaded_image1_1717238496.jpg"
"1739061184-185","https://sn.coinafrique.com/categorie/moutons?page=8","Mouton","https://sn.coinafrique.com/annonce/moutons/mouton-3129949","Mouton","300 000 CFA","Mbao, Dakar, Sénégal","https://images.coinafrique.com/thumb_4969224_uploaded_image1_1727728741.jpg"
"1739061187-186","https://sn.coinafrique.com/categorie/moutons?page=8","Moutons","https://sn.coinafrique.com/annonce/moutons/moutons-3131073","Moutons","260 000 CFA","Dakar, Sénégal","https://images.coinafrique.com/thumb_4773721_uploaded_image1_1717238496.jpg"
"1739061189-187","https://sn.coinafrique.com/categorie/moutons?page=8","Mouton","https://sn.coinafrique.com/annonce/moutons/mouton-3131090","Mouton","260 000 CFA","Dakar, Sénégal","https://images.coinafrique.com/thumb_4773721_uploaded_image1_1717238496.jpg"
"1739061192-188","https://sn.coinafrique.com/categorie/moutons?page=8","Mouton","https://sn.coinafrique.com/annonce/moutons/mouton-3131504","Mouton","250 CFA","Dakar, Sénégal","https://images.coinafrique.com/thumb_4773721_uploaded_image1_1717238496.jpg"
"1739061194-189","https://sn.coinafrique.com/categorie/moutons?page=8","Mouton","https://sn.coinafrique.com/annonce/moutons/mouton-3132504","Mouton","450 000 CFA","Louga, Sénégal","https://images.coinafrique.com/thumb_4264167_uploaded_image1_1687307074.jpg"
"1739061198-190","https://sn.coinafrique.com/categorie/moutons?page=8","Mouton","https://sn.coinafrique.com/annonce/moutons/mouton-3132695","Mouton","400 000 CFA","Louga, Sénégal","https://images.coinafrique.com/thumb_4264167_uploaded_image1_1687307074.jpg"
"1739061200-191","https://sn.coinafrique.com/categorie/moutons?page=8","Mouton Ladoum","https://sn.coinafrique.com/annonce/moutons/mouton-ladoum-3133634","Mouton Ladoum","250 000 CFA","Dakar, Sénégal","https://images.coinafrique.com/thumb_4773721_uploaded_image1_1717238496.jpg"
"1739061203-192","https://sn.coinafrique.com/categorie/moutons?page=8","Mouton","https://sn.coinafrique.com/annonce/moutons/mouton-3133899","Mouton","180 000 CFA","Tambacounda, Sénégal","https://images.coinafrique.com/thumb_3726130_uploaded_image1_1654328145.jpg"
"1739061205-193","https://sn.coinafrique.com/categorie/moutons?page=8","Mouton","https://sn.coinafrique.com/annonce/moutons/mouton-3135711","Mouton","Prix sur demande","Dakar Plateau, Dakar, Sénégal","https://images.coinafrique.com/thumb_3732517_uploaded_image1_1654690342.jpg"
"1739061208-194","https://sn.coinafrique.com/categorie/moutons?page=8","Mouton","https://sn.coinafrique.com/annonce/moutons/mouton-3136910","Mouton","650 000 CFA","Guediawaye, Dakar, Sénégal","https://images.coinafrique.com/thumb_5159269_uploaded_image1_1738163617.jpg"
"1739061210-195","https://sn.coinafrique.com/categorie/moutons?page=8","Mouton Ladoum","https://sn.coinafrique.com/annonce/moutons/mouton-ladoum-3136929","Mouton Ladoum","550 000 CFA","Guediawaye, Dakar, Sénégal","https://images.coinafrique.com/thumb_5114763_uploaded_image1_1735745896.jpg"
"1739061213-196","https://sn.coinafrique.com/categorie/moutons?page=8","Mouton mâle ladoum","https://sn.coinafrique.com/annonce/moutons/mouton-male-ladoum-3139166","Mouton mâle ladoum","750 000 CFA","Keur Massar, Sénégal","https://images.coinafrique.com/thumb_4969219_uploaded_image1_1727728556.jpg"
"1739061215-197","https://sn.coinafrique.com/categorie/moutons?page=8","Mouton","https://sn.coinafrique.com/annonce/moutons/mouton-3141152","Mouton","270 000 CFA","Guediawaye, Dakar, Sénégal","https://images.coinafrique.com/thumb_3141152_uploaded_image1_1622385589.jpg"
"1739061218-198","https://sn.coinafrique.com/categorie/moutons?page=8","Mouton","https://sn.coinafrique.com/annonce/moutons/mouton-3141522","Mouton","120 000 CFA","Kaolack, Sénégal","https://images.coinafrique.com/thumb_3754057_uploaded_image1_1655926556.jpg"
"1739061220-199","https://sn.coinafrique.com/categorie/moutons?page=8","Femelle Ladoum","https://sn.coinafrique.com/annonce/moutons/femelle-ladoum-3143495","Femelle Ladoum","350 000 CFA","Dakar, Sénégal","https://images.coinafrique.com/thumb_3571469_uploaded_image1_1645100060.jpg"
"1739061223-200","https://sn.coinafrique.com/categorie/moutons?page=8","Male Ladoum","https://sn.coinafrique.com/annonce/moutons/male-ladoum-3143502","Male Ladoum","450 000 CFA","Dakar, Sénégal","https://images.coinafrique.com/thumb_3143502_uploaded_image1_1622507497.jpg"
"1739061225-201","https://sn.coinafrique.com/categorie/moutons?page=8","Mouton Ladoum","https://sn.coinafrique.com/annonce/moutons/mouton-ladoum-3144633","Mouton Ladoum","600 000 CFA","Thies, Sénégal","https://images.coinafrique.com/thumb_4705081_uploaded_image2_1713794349.jpeg"
"1739061228-202","https://sn.coinafrique.com/categorie/moutons?page=8","Mouton Ladoum","https://sn.coinafrique.com/annonce/moutons/mouton-ladoum-3145480","Mouton Ladoum","500 000 CFA","Saint Louis, Sénégal","https://images.coinafrique.com/thumb_3803984_uploaded_image1_1659036854.jpg"
"1739061230-203","https://sn.coinafrique.com/categorie/moutons?page=8","Mouton","https://sn.coinafrique.com/annonce/moutons/mouton-3145912","Mouton","700 000 CFA","Mbao, Dakar, Sénégal","https://images.coinafrique.com/thumb_4969224_uploaded_image1_1727728741.jpg"
"1739061232-204","https://sn.coinafrique.com/categorie/moutons?page=8","Mouton","https://sn.coinafrique.com/annonce/moutons/mouton-3151931","Mouton","210 000 CFA","Mbour, Sénégal","https://images.coinafrique.com/thumb_4905476_uploaded_image1_1724281103.jpg"
"1739061235-205","https://sn.coinafrique.com/categorie/moutons?page=8","Mouton","https://sn.coinafrique.com/annonce/moutons/mouton-3153449","Mouton","250 000 CFA","Touba, Sénégal","https://images.coinafrique.com/thumb_3434097_uploaded_image1_1636701530.jpg"
"1739061237-206","https://sn.coinafrique.com/categorie/moutons?page=8","Mouton","https://sn.coinafrique.com/annonce/moutons/mouton-3153454","Mouton","250 000 CFA","Gassane, Sénégal","https://images.coinafrique.com/thumb_4769840_uploaded_image1_1717055825.jpg"
"1739061240-207","https://sn.coinafrique.com/categorie/moutons?page=8","Mouton ladoum","https://sn.coinafrique.com/annonce/moutons/mouton-ladoum-3153877","Mouton ladoum","1 000 000 CFA","Almadies, Dakar, Sénégal","https://images.coinafrique.com/thumb_3153877_uploaded_image1_1622844697.jpg"
"1739061242-208","https://sn.coinafrique.com/categorie/moutons?page=8","Mouton","https://sn.coinafrique.com/annonce/moutons/mouton-3154407","Mouton","200 CFA","Dakar, Sénégal","https://images.coinafrique.com/thumb_4773721_uploaded_image1_1717238496.jpg"
"1739061245-209","https://sn.coinafrique.com/categorie/moutons?page=8","Mouton","https://sn.coinafrique.com/annonce/moutons/mouton-3160150","Mouton","200 000 CFA","Bambey, Sénégal","https://images.coinafrique.com/thumb_3752760_uploaded_image1_1655859669.jpg"
"1739061247-210","https://sn.coinafrique.com/categorie/moutons?page=8","Mouton","https://sn.coinafrique.com/annonce/moutons/mouton-3161527","Mouton","250 CFA","Dakar, Sénégal","https://images.coinafrique.com/thumb_4773721_uploaded_image1_1717238496.jpg"
"1739061249-211","https://sn.coinafrique.com/categorie/moutons?page=8","Moutons","https://sn.coinafrique.com/annonce/moutons/moutons-3162820","Moutons","180 CFA","Dakar Plateau, Dakar, Sénégal","https://images.coinafrique.com/thumb_3732517_uploaded_image1_1654690342.jpg"
"1739061252-212","https://sn.coinafrique.com/categorie/moutons?page=8","Mouton","https://sn.coinafrique.com/annonce/moutons/mouton-3165428","Mouton","155 CFA","Dakar, Sénégal","https://images.coinafrique.com/thumb_4773721_uploaded_image1_1717238496.jpg"
"1739061254-213","https://sn.coinafrique.com/categorie/moutons?page=8","Mouton","https://sn.coinafrique.com/annonce/moutons/mouton-3165517","Mouton","350 000 CFA","Touba, Sénégal","https://images.coinafrique.com/thumb_3434097_uploaded_image1_1636701530.jpg"
"1739061257-214","https://sn.coinafrique.com/categorie/moutons?page=8","Béliers","https://sn.coinafrique.com/annonce/moutons/beliers-3168358","Béliers","1 000 000 CFA","Ouakam, Dakar, Sénégal","https://images.coinafrique.com/thumb_3168358_uploaded_image1_1623500455.jpg"
"1739061259-215","https://sn.coinafrique.com/categorie/moutons?page=8","Mouton de tabaski","https://sn.coinafrique.com/annonce/moutons/mouton-de-tabaski-3169999","Mouton de tabaski","200 000 CFA","Dakar, Sénégal","https://images.coinafrique.com/thumb_4735916_uploaded_image1_1715324820.jpg"
"1739061262-216","https://sn.coinafrique.com/categorie/moutons?page=8","Mouton","https://sn.coinafrique.com/annonce/moutons/mouton-3170478","Mouton","Prix sur demande","Louga, Sénégal","https://images.coinafrique.com/thumb_4264167_uploaded_image1_1687307074.jpg"
"1739061264-217","https://sn.coinafrique.com/categorie/moutons?page=8","Mouton Ladoum","https://sn.coinafrique.com/annonce/moutons/mouton-ladoum-3171633","Mouton Ladoum","2 500 000 CFA","Ouest Foire, Dakar, Sénégal","https://images.coinafrique.com/thumb_3451581_uploaded_image1_1637700430.jpg"
"1739061267-218","https://sn.coinafrique.com/categorie/moutons?page=8","Mouton Talabir","https://sn.coinafrique.com/annonce/moutons/mouton-talabir-3172256","Mouton Talabir","180 000 CFA","Guediawaye, Dakar, Sénégal","https://images.coinafrique.com/thumb_3172256_uploaded_image1_1623705348.jpg"
"1739061269-219","https://sn.coinafrique.com/categorie/moutons?page=8","Mouton","https://sn.coinafrique.com/annonce/moutons/mouton-3173344","Mouton","175 000 CFA","Dakar, Sénégal","https://images.coinafrique.com/thumb_4773721_uploaded_image1_1717238496.jpg"
"1739061272-220","https://sn.coinafrique.com/categorie/moutons?page=8","Mouton","https://sn.coinafrique.com/annonce/moutons/mouton-3173381","Mouton","135 000 CFA","Dakar, Sénégal","https://images.coinafrique.com/thumb_4773721_uploaded_image1_1717238496.jpg"
"1739061274-221","https://sn.coinafrique.com/categorie/moutons?page=8","Mouton","https://sn.coinafrique.com/annonce/moutons/mouton-3173505","Mouton","200 000 CFA","Keur Massar, Sénégal","https://images.coinafrique.com/thumb_4791149_uploaded_image1_1718136046.jpg"
"1739061276-222","https://sn.coinafrique.com/categorie/moutons?page=8","Mouton femelle","https://sn.coinafrique.com/annonce/moutons/mouton-femelle-3174378","Mouton femelle","250 000 CFA","Kaolack, Sénégal","https://images.coinafrique.com/thumb_3174378_uploaded_image1_1623791219.jpg"
"1739061279-223","https://sn.coinafrique.com/categorie/moutons?page=8","Moutons","https://sn.coinafrique.com/annonce/moutons/moutons-3174605","Moutons","Prix sur demande","Guediawaye, Dakar, Sénégal","https://images.coinafrique.com/thumb_3174605_uploaded_image1_1623802584.jpg"
"1739061281-224","https://sn.coinafrique.com/categorie/moutons?page=8","Mouton","https://sn.coinafrique.com/annonce/moutons/mouton-3175573","Mouton","Prix sur demande","Dakar, Sénégal","https://images.coinafrique.com/thumb_4773721_uploaded_image1_1717238496.jpg"
"1739061284-225","https://sn.coinafrique.com/categorie/moutons?page=8","Mouton","https://sn.coinafrique.com/annonce/moutons/mouton-3177016","Mouton","350 000 CFA","Medina, Dakar, Sénégal","https://images.coinafrique.com/thumb_4261058_uploaded_image2_1687100799.jpeg"
"1739061286-226","https://sn.coinafrique.com/categorie/moutons?page=8","Mouton","https://sn.coinafrique.com/annonce/moutons/mouton-3177020","Mouton","200 000 CFA","Medina, Dakar, Sénégal","https://images.coinafrique.com/thumb_4261058_uploaded_image2_1687100799.jpeg"
"1739061289-227","https://sn.coinafrique.com/categorie/moutons?page=8","Mouton","https://sn.coinafrique.com/annonce/moutons/mouton-3177877","Mouton","220 000 CFA","Bambey, Sénégal","https://images.coinafrique.com/thumb_3752760_uploaded_image1_1655859669.jpg"
"1739061291-228","https://sn.coinafrique.com/categorie/moutons?page=8","Mouton","https://sn.coinafrique.com/annonce/moutons/mouton-3178152","Mouton","Prix sur demande","Dakar, Sénégal","https://images.coinafrique.com/thumb_4773721_uploaded_image1_1717238496.jpg"
"1739061294-229","https://sn.coinafrique.com/categorie/moutons?page=8","Mouton","https://sn.coinafrique.com/annonce/moutons/mouton-3178805","Mouton","1 750 000 CFA","Louga, Sénégal","https://images.coinafrique.com/thumb_4264167_uploaded_image1_1687307074.jpg"
"1739061296-230","https://sn.coinafrique.com/categorie/moutons?page=8","Mouton","https://sn.coinafrique.com/annonce/moutons/mouton-3179150","Mouton","Prix sur demande","Tambacounda, Sénégal","https://images.coinafrique.com/thumb_3179150_uploaded_image1_1624019729.jpg"
"1739061299-231","https://sn.coinafrique.com/categorie/moutons?page=8","Mouton","https://sn.coinafrique.com/annonce/moutons/mouton-3179224","Mouton","170 CFA","Dakar, Sénégal","https://images.coinafrique.com/thumb_4773721_uploaded_image1_1717238496.jpg"
"1739061301-232","https://sn.coinafrique.com/categorie/moutons?page=8","Mouton","https://sn.coinafrique.com/annonce/moutons/mouton-3179230","Mouton","200 CFA","Dakar, Sénégal","https://images.coinafrique.com/thumb_4773721_uploaded_image1_1717238496.jpg"
"1739061304-233","https://sn.coinafrique.com/categorie/moutons?page=8","Mouton","https://sn.coinafrique.com/annonce/moutons/mouton-3179234","Mouton","90 000 CFA","Dakar, Sénégal","https://images.coinafrique.com/thumb_4773721_uploaded_image1_1717238496.jpg"
"1739061306-234","https://sn.coinafrique.com/categorie/moutons?page=8","Mouton","https://sn.coinafrique.com/annonce/moutons/mouton-3179377","Mouton","375 000 CFA","Yoff, Dakar, Sénégal","https://images.coinafrique.com/thumb_4879970_uploaded_image1_1722945913.jpg"
"1739061308-235","https://sn.coinafrique.com/categorie/moutons?page=8","Mouton","https://sn.coinafrique.com/annonce/moutons/mouton-3180224","Mouton","350 CFA","Guediawaye, Dakar, Sénégal","https://images.coinafrique.com/thumb_5159269_uploaded_image1_1738163617.jpg"
"1739061311-236","https://sn.coinafrique.com/categorie/moutons?page=8","Mouton Métisse Ladoum","https://sn.coinafrique.com/annonce/moutons/mouton-metisse-ladoum-3180227","Mouton Métisse Ladoum","250 CFA","Guediawaye, Dakar, Sénégal","https://images.coinafrique.com/thumb_3180227_uploaded_image1_1624061168.jpg"
"1739061313-237","https://sn.coinafrique.com/categorie/moutons?page=8","Mouton de Tabaski","https://sn.coinafrique.com/annonce/moutons/mouton-de-tabaski-3180230","Mouton de Tabaski","110 CFA","Guediawaye, Dakar, Sénégal","https://images.coinafrique.com/thumb_4795886_uploaded_image1_1718392315.jpg"
"1739061316-238","https://sn.coinafrique.com/categorie/moutons?page=8","Mouton de tabaski","https://sn.coinafrique.com/annonce/moutons/mouton-de-tabaski-3181349","Mouton de tabaski","200 CFA","Ouakam, Dakar, Sénégal","https://images.coinafrique.com/thumb_3231584_uploaded_image1_1626394551.jpg"
"1739061318-239","https://sn.coinafrique.com/categorie/moutons?page=8","Mouton de tabaski","https://sn.coinafrique.com/annonce/moutons/mouton-de-tabaski-3181418","Mouton de tabaski","200 CFA","Ouakam, Dakar, Sénégal","https://images.coinafrique.com/thumb_3231584_uploaded_image1_1626394551.jpg"
"1739061321-240","https://sn.coinafrique.com/categorie/moutons?page=8","Mouton","https://sn.coinafrique.com/annonce/moutons/mouton-3181577","Mouton","450 000 CFA","Mbao, Dakar, Sénégal","https://images.coinafrique.com/thumb_4969224_uploaded_image1_1727728741.jpg"
"1739061323-241","https://sn.coinafrique.com/categorie/moutons?page=8","Mouton","https://sn.coinafrique.com/annonce/moutons/mouton-3182105","Mouton","300 CFA","Guediawaye, Dakar, Sénégal","https://images.coinafrique.com/thumb_5159269_uploaded_image1_1738163617.jpg"
"1739061326-242","https://sn.coinafrique.com/categorie/moutons?page=8","Mouton","https://sn.coinafrique.com/annonce/moutons/mouton-3182484","Mouton","260 CFA","Dakar, Sénégal","https://images.coinafrique.com/thumb_4773721_uploaded_image1_1717238496.jpg"
"1739061328-243","https://sn.coinafrique.com/categorie/moutons?page=8","Mouton","https://sn.coinafrique.com/annonce/moutons/mouton-3182534","Mouton","160 CFA","Dakar, Sénégal","https://images.coinafrique.com/thumb_4773721_uploaded_image1_1717238496.jpg"
"1739061330-244","https://sn.coinafrique.com/categorie/moutons?page=8","Mouton","https://sn.coinafrique.com/annonce/moutons/mouton-3182701","Mouton","Prix sur demande","Dakar, Sénégal","https://images.coinafrique.com/thumb_4773721_uploaded_image1_1717238496.jpg"
"1739061333-245","https://sn.coinafrique.com/categorie/moutons?page=8","Mouton","https://sn.coinafrique.com/annonce/moutons/mouton-3182889","Mouton","230 000 CFA","Diourbel, Sénégal","https://images.coinafrique.com/thumb_4748231_uploaded_image1_1715934057.jpg"
"1739061336-246","https://sn.coinafrique.com/categorie/moutons?page=8","Mouton femelle Ladoum","https://sn.coinafrique.com/annonce/moutons/mouton-femelle-ladoum-3183165","Mouton femelle Ladoum","400 000 CFA","Cambérène, Dakar, Sénégal","https://images.coinafrique.com/thumb_4061084_uploaded_image1_1674422780.jpg"
"1739061338-247","https://sn.coinafrique.com/categorie/moutons?page=8","Mouton  Ladoum","https://sn.coinafrique.com/annonce/moutons/mouton-ladoum-3183168","Mouton  Ladoum","400 000 CFA","Cambérène, Dakar, Sénégal","https://images.coinafrique.com/thumb_4061084_uploaded_image1_1674422780.jpg"
"1739061340-248","https://sn.coinafrique.com/categorie/moutons?page=8","Mouton","https://sn.coinafrique.com/annonce/moutons/mouton-3184064","Mouton","270 CFA","Guediawaye, Dakar, Sénégal","https://images.coinafrique.com/thumb_5159269_uploaded_image1_1738163617.jpg"
"1739061343-249","https://sn.coinafrique.com/categorie/moutons?page=8","Mouton","https://sn.coinafrique.com/annonce/moutons/mouton-3185046","Mouton","900 000 CFA","Dakar, Sénégal","https://images.coinafrique.com/thumb_4773721_uploaded_image1_1717238496.jpg"
"1739061345-250","https://sn.coinafrique.com/categorie/moutons?page=8","Moutons","https://sn.coinafrique.com/annonce/moutons/moutons-3185715","Moutons","300 000 CFA","Thies, Sénégal","https://images.coinafrique.com/thumb_4708924_uploaded_image1_1713971615.jpg"
"1739061348-251","https://sn.coinafrique.com/categorie/moutons?page=8","Mouton","https://sn.coinafrique.com/annonce/moutons/mouton-3186295","Mouton","110 000 CFA","Cambérène, Dakar, Sénégal","https://images.coinafrique.com/thumb_4061084_uploaded_image1_1674422780.jpg"
"1739061351-252","https://sn.coinafrique.com/categorie/moutons?page=8","Mouton","https://sn.coinafrique.com/annonce/moutons/mouton-3187248","Mouton","380 000 CFA","Dakar, Sénégal","https://images.coinafrique.com/thumb_4773721_uploaded_image1_1717238496.jpg"
"1739061360-253","https://sn.coinafrique.com/categorie/moutons?page=7","Mouton Ladoum","https://sn.coinafrique.com/annonce/moutons/mouton-ladoum-3187256","Mouton Ladoum","380 000 CFA","Mbour, Sénégal","https://images.coinafrique.com/thumb_4905476_uploaded_image1_1724281103.jpg"
"1739061362-254","https://sn.coinafrique.com/categorie/moutons?page=7","Mouton","https://sn.coinafrique.com/annonce/moutons/mouton-3188982","Mouton","350 000 CFA","Diourbel, Sénégal","https://images.coinafrique.com/thumb_4748231_uploaded_image1_1715934057.jpg"
"1739061364-255","https://sn.coinafrique.com/categorie/moutons?page=7","Mouton Ladoum","https://sn.coinafrique.com/annonce/moutons/mouton-ladoum-3190361","Mouton Ladoum","850 000 CFA","Keur Massar, Sénégal","https://images.coinafrique.com/thumb_4290166_uploaded_image1_1689087261.jpg"
"1739061367-256","https://sn.coinafrique.com/categorie/moutons?page=7","Mouton Ladoum","https://sn.coinafrique.com/annonce/moutons/mouton-ladoum-3191637","Mouton Ladoum","750 000 CFA","Dakar, Sénégal","https://images.coinafrique.com/thumb_4773721_uploaded_image1_1717238496.jpg"
"1739061369-257","https://sn.coinafrique.com/categorie/moutons?page=7","Mouton","https://sn.coinafrique.com/annonce/moutons/mouton-3191774","Mouton","300 000 CFA","Kaolack, Sénégal","https://images.coinafrique.com/thumb_3754057_uploaded_image1_1655926556.jpg"
"1739061372-258","https://sn.coinafrique.com/categorie/moutons?page=7","Moutons","https://sn.coinafrique.com/annonce/moutons/moutons-3191902","Moutons","135 000 CFA","Mbao, Dakar, Sénégal","https://images.coinafrique.com/thumb_4969224_uploaded_image1_1727728741.jpg"
"1739061374-259","https://sn.coinafrique.com/categorie/moutons?page=7","Mouton","https://sn.coinafrique.com/annonce/moutons/mouton-3191908","Mouton","165 000 CFA","Mbao, Dakar, Sénégal","https://images.coinafrique.com/thumb_4969224_uploaded_image1_1727728741.jpg"
"1739061377-260","https://sn.coinafrique.com/categorie/moutons?page=7","Moutons","https://sn.coinafrique.com/annonce/moutons/moutons-3192678","Moutons","200 000 CFA","Bambey, Sénégal","https://images.coinafrique.com/thumb_3752760_uploaded_image1_1655859669.jpg"
"1739061379-261","https://sn.coinafrique.com/categorie/moutons?page=7","Mouton ladoum","https://sn.coinafrique.com/annonce/moutons/mouton-ladoum-3193054","Mouton ladoum","500 000 CFA","Fann, Dakar, Sénégal","https://images.coinafrique.com/thumb_3193054_uploaded_image1_1624718835.jpg"
"1739061383-262","https://sn.coinafrique.com/categorie/moutons?page=7","Mouton Ladoum","https://sn.coinafrique.com/annonce/moutons/mouton-ladoum-3193500","Mouton Ladoum","Prix sur demande","Dakar, Sénégal","https://images.coinafrique.com/thumb_4773721_uploaded_image1_1717238496.jpg"
"1739061385-263","https://sn.coinafrique.com/categorie/moutons?page=7","Mouton","https://sn.coinafrique.com/annonce/moutons/mouton-3193581","Mouton","110 000 CFA","Medina, Dakar, Sénégal","https://images.coinafrique.com/thumb_4261058_uploaded_image2_1687100799.jpeg"
"1739061387-264","https://sn.coinafrique.com/categorie/moutons?page=7","Mouton ladoume","https://sn.coinafrique.com/annonce/moutons/mouton-ladoume-3194082","Mouton ladoume","6 000 CFA","Dakar, Sénégal","https://images.coinafrique.com/thumb_4773721_uploaded_image1_1717238496.jpg"
"1739061390-265","https://sn.coinafrique.com/categorie/moutons?page=7","Mouton","https://sn.coinafrique.com/annonce/moutons/mouton-3194149","Mouton","Prix sur demande","Dakar, Sénégal","https://images.coinafrique.com/thumb_4773721_uploaded_image1_1717238496.jpg"
"1739061392-266","https://sn.coinafrique.com/categorie/moutons?page=7","Mouton tabaski","https://sn.coinafrique.com/annonce/moutons/mouton-tabaski-3194403","Mouton tabaski","150 000 CFA","Ouakam, Dakar, Sénégal","https://images.coinafrique.com/thumb_3231584_uploaded_image1_1626394551.jpg"
"1739061395-267","https://sn.coinafrique.com/categorie/moutons?page=7","Mouton Azawatt","https://sn.coinafrique.com/annonce/moutons/mouton-azawatt-3194610","Mouton Azawatt","275 000 CFA","Mbao, Dakar, Sénégal","https://images.coinafrique.com/thumb_4785420_uploaded_image1_1717796700.jpg"
"1739061397-268","https://sn.coinafrique.com/categorie/moutons?page=7","Mouton","https://sn.coinafrique.com/annonce/moutons/mouton-3195290","Mouton","225 000 CFA","Bambey, Sénégal","https://images.coinafrique.com/thumb_3752760_uploaded_image1_1655859669.jpg"
"1739061399-269","https://sn.coinafrique.com/categorie/moutons?page=7","Ladoum femelle","https://sn.coinafrique.com/annonce/moutons/ladoum-femelle-3196019","Ladoum femelle","4 000 000 CFA","Cambérène, Dakar, Sénégal","https://images.coinafrique.com/thumb_4061084_uploaded_image1_1674422780.jpg"
"1739061402-270","https://sn.coinafrique.com/categorie/moutons?page=7","Mouton","https://sn.coinafrique.com/annonce/moutons/mouton-3196466","Mouton","350 000 CFA","Dakar, Sénégal","https://images.coinafrique.com/thumb_4773721_uploaded_image1_1717238496.jpg"
"1739061404-271","https://sn.coinafrique.com/categorie/moutons?page=7","Mouton","https://sn.coinafrique.com/annonce/moutons/mouton-3196624","Mouton","250 000 CFA","Guediawaye, Dakar, Sénégal","https://images.coinafrique.com/thumb_5159269_uploaded_image1_1738163617.jpg"
"1739061407-272","https://sn.coinafrique.com/categorie/moutons?page=7","Mouton","https://sn.coinafrique.com/annonce/moutons/mouton-3196628","Mouton","170 000 CFA","Guediawaye, Dakar, Sénégal","https://images.coinafrique.com/thumb_5159269_uploaded_image1_1738163617.jpg"
"1739061409-273","https://sn.coinafrique.com/categorie/moutons?page=7","Mouton","https://sn.coinafrique.com/annonce/moutons/mouton-3196963","Mouton","150 000 CFA","Parcelle Assainies, Dakar, Sénégal","https://images.coinafrique.com/thumb_5144166_uploaded_image1_1737393386.jpg"
"1739061412-274","https://sn.coinafrique.com/categorie/moutons?page=7","Mouton","https://sn.coinafrique.com/annonce/moutons/mouton-3198206","Mouton","Prix sur demande","Louga, Sénégal","https://images.coinafrique.com/thumb_4264167_uploaded_image1_1687307074.jpg"
"1739061414-275","https://sn.coinafrique.com/categorie/moutons?page=7","Mouton Ladoum","https://sn.coinafrique.com/annonce/moutons/mouton-ladoum-3198242","Mouton Ladoum","400 000 CFA","Dakar, Sénégal","https://images.coinafrique.com/thumb_4773721_uploaded_image1_1717238496.jpg"
"1739061416-276","https://sn.coinafrique.com/categorie/moutons?page=7","Mouton","https://sn.coinafrique.com/annonce/moutons/mouton-3198550","Mouton","250 000 CFA","Louga, Sénégal","https://images.coinafrique.com/thumb_4264167_uploaded_image1_1687307074.jpg"
"1739061419-277","https://sn.coinafrique.com/categorie/moutons?page=7","Mouton","https://sn.coinafrique.com/annonce/moutons/mouton-3198633","Mouton","200 000 CFA","Bambey, Sénégal","https://images.coinafrique.com/thumb_3752760_uploaded_image1_1655859669.jpg"
"1739061421-278","https://sn.coinafrique.com/categorie/moutons?page=7","Mouton","https://sn.coinafrique.com/annonce/moutons/mouton-3198836","Mouton","190 000 CFA","Guediawaye, Dakar, Sénégal","https://images.coinafrique.com/thumb_5159269_uploaded_image1_1738163617.jpg"
"1739061424-279","https://sn.coinafrique.com/categorie/moutons?page=7","Mouton","https://sn.coinafrique.com/annonce/moutons/mouton-3198840","Mouton","180 000 CFA","Guediawaye, Dakar, Sénégal","https://images.coinafrique.com/thumb_5159269_uploaded_image1_1738163617.jpg"
"1739061426-280","https://sn.coinafrique.com/categorie/moutons?page=7","Mouton","https://sn.coinafrique.com/annonce/moutons/mouton-3198958","Mouton","400 000 CFA","Mbour, Sénégal","https://images.coinafrique.com/thumb_4905476_uploaded_image1_1724281103.jpg"
"1739061429-281","https://sn.coinafrique.com/categorie/moutons?page=7","Mouton","https://sn.coinafrique.com/annonce/moutons/mouton-3199275","Mouton","300 000 CFA","Parcelle Assainies, Dakar, Sénégal","https://images.coinafrique.com/thumb_5144166_uploaded_image1_1737393386.jpg"
"1739061431-282","https://sn.coinafrique.com/categorie/moutons?page=7","Mouton","https://sn.coinafrique.com/annonce/moutons/mouton-3200136","Mouton","200 000 CFA","Mbao, Dakar, Sénégal","https://images.coinafrique.com/thumb_4969224_uploaded_image1_1727728741.jpg"
"1739061434-283","https://sn.coinafrique.com/categorie/moutons?page=7","Mouton","https://sn.coinafrique.com/annonce/moutons/mouton-3200161","Mouton","125 000 CFA","Cambérène, Dakar, Sénégal","https://images.coinafrique.com/thumb_4061084_uploaded_image1_1674422780.jpg"
"1739061436-284","https://sn.coinafrique.com/categorie/moutons?page=7","Mouton","https://sn.coinafrique.com/annonce/moutons/mouton-3201369","Mouton","150 000 CFA","Parcelle Assainies, Dakar, Sénégal","https://images.coinafrique.com/thumb_5144166_uploaded_image1_1737393386.jpg"
"1739061438-285","https://sn.coinafrique.com/categorie/moutons?page=7","Mouton","https://sn.coinafrique.com/annonce/moutons/mouton-3201372","Mouton","160 000 CFA","Parcelle Assainies, Dakar, Sénégal","https://images.coinafrique.com/thumb_5144166_uploaded_image1_1737393386.jpg"
"1739061441-286","https://sn.coinafrique.com/categorie/moutons?page=7","Mouton","https://sn.coinafrique.com/annonce/moutons/mouton-3201379","Mouton","160 000 CFA","Parcelle Assainies, Dakar, Sénégal","https://images.coinafrique.com/thumb_5144166_uploaded_image1_1737393386.jpg"
"1739061443-287","https://sn.coinafrique.com/categorie/moutons?page=7","Mouton","https://sn.coinafrique.com/annonce/moutons/mouton-3202906","Mouton","175 CFA","Dakar, Sénégal","https://images.coinafrique.com/thumb_4773721_uploaded_image1_1717238496.jpg"
"1739061446-288","https://sn.coinafrique.com/categorie/moutons?page=7","Mouton","https://sn.coinafrique.com/annonce/moutons/mouton-3204480","Mouton","225 000 CFA","Mbao, Dakar, Sénégal","https://images.coinafrique.com/thumb_4969224_uploaded_image1_1727728741.jpg"
"1739061448-289","https://sn.coinafrique.com/categorie/moutons?page=7","Mouton","https://sn.coinafrique.com/annonce/moutons/mouton-3204555","Mouton","800 000 CFA","Ouakam, Dakar, Sénégal","https://images.coinafrique.com/thumb_4255895_uploaded_image1_1686736719.jpg"
"1739061450-290","https://sn.coinafrique.com/categorie/moutons?page=7","Mouton","https://sn.coinafrique.com/annonce/moutons/mouton-3204834","Mouton","275 000 CFA","Fass, Dakar, Sénégal","https://images.coinafrique.com/thumb_3204834_uploaded_image1_1625246273.jpg"
"1739061453-291","https://sn.coinafrique.com/categorie/moutons?page=7","Mouton","https://sn.coinafrique.com/annonce/moutons/mouton-3204846","Mouton","275 000 CFA","Mbao, Dakar, Sénégal","https://images.coinafrique.com/thumb_4969224_uploaded_image1_1727728741.jpg"
"1739061455-292","https://sn.coinafrique.com/categorie/moutons?page=7","Mouton","https://sn.coinafrique.com/annonce/moutons/mouton-3205330","Mouton","180 CFA","Dakar, Sénégal","https://images.coinafrique.com/thumb_4773721_uploaded_image1_1717238496.jpg"
"1739061458-293","https://sn.coinafrique.com/categorie/moutons?page=7","Mouton","https://sn.coinafrique.com/annonce/moutons/mouton-3205339","Mouton","140 CFA","Dakar, Sénégal","https://images.coinafrique.com/thumb_4773721_uploaded_image1_1717238496.jpg"
"1739061460-294","https://sn.coinafrique.com/categorie/moutons?page=7","Mouton","https://sn.coinafrique.com/annonce/moutons/mouton-3205391","Mouton","300 000 CFA","Mbao, Dakar, Sénégal","https://images.coinafrique.com/thumb_4969224_uploaded_image1_1727728741.jpg"
"1739061463-295","https://sn.coinafrique.com/categorie/moutons?page=7","Femelle Ladoum","https://sn.coinafrique.com/annonce/moutons/femelle-ladoum-3206471","Femelle Ladoum","900 000 CFA","Pikine, Sénégal","https://images.coinafrique.com/thumb_3206471_uploaded_image1_1625316470.jpg"
"1739061465-296","https://sn.coinafrique.com/categorie/moutons?page=7","Mouton","https://sn.coinafrique.com/annonce/moutons/mouton-3207795","Mouton","Prix sur demande","Dakar, Sénégal","https://images.coinafrique.com/thumb_4773721_uploaded_image1_1717238496.jpg"
"1739061468-297","https://sn.coinafrique.com/categorie/moutons?page=7","Moutons","https://sn.coinafrique.com/annonce/moutons/moutons-3207881","Moutons","Prix sur demande","HLM, Dakar, Sénégal","https://images.coinafrique.com/thumb_4127293_uploaded_image1_1678381991.jpg"
"1739061470-298","https://sn.coinafrique.com/categorie/moutons?page=7","Mouton tabaski","https://sn.coinafrique.com/annonce/moutons/mouton-tabaski-3207991","Mouton tabaski","220 000 CFA","Dakar, Sénégal","https://images.coinafrique.com/thumb_4735916_uploaded_image1_1715324820.jpg"
"1739061472-299","https://sn.coinafrique.com/categorie/moutons?page=7","Mouton","https://sn.coinafrique.com/annonce/moutons/mouton-3208371","Mouton","170 CFA","Dakar, Sénégal","https://images.coinafrique.com/thumb_4773721_uploaded_image1_1717238496.jpg"
"1739061475-300","https://sn.coinafrique.com/categorie/moutons?page=7","Mouton","https://sn.coinafrique.com/annonce/moutons/mouton-3208783","Mouton","245 000 CFA","Ouakam, Dakar, Sénégal","https://images.coinafrique.com/thumb_4255895_uploaded_image1_1686736719.jpg"
"1739061477-301","https://sn.coinafrique.com/categorie/moutons?page=7","Mouton","https://sn.coinafrique.com/annonce/moutons/mouton-3208863","Mouton","290 000 CFA","Parcelle Assainies, Dakar, Sénégal","https://images.coinafrique.com/thumb_5144166_uploaded_image1_1737393386.jpg"
"1739061480-302","https://sn.coinafrique.com/categorie/moutons?page=7","Mouton ladoum azawatt","https://sn.coinafrique.com/annonce/moutons/mouton-ladoum-azawatt-3208866","Mouton ladoum azawatt","150 000 CFA","Dakar, Sénégal","https://images.coinafrique.com/thumb_4060011_uploaded_image1_1674334569.jpg"
"1739061482-303","https://sn.coinafrique.com/categorie/moutons?page=7","Mouton","https://sn.coinafrique.com/annonce/moutons/mouton-3208872","Mouton","520 000 CFA","Parcelle Assainies, Dakar, Sénégal","https://images.coinafrique.com/thumb_5144166_uploaded_image1_1737393386.jpg"
"1739061485-304","https://sn.coinafrique.com/categorie/moutons?page=7","Mouton ladoum azawatt","https://sn.coinafrique.com/annonce/moutons/mouton-ladoum-azawatt-3208875","Mouton ladoum azawatt","Prix sur demande","Dakar, Sénégal","https://images.coinafrique.com/thumb_4060011_uploaded_image1_1674334569.jpg"
"1739061487-305","https://sn.coinafrique.com/categorie/moutons?page=7","Mouton","https://sn.coinafrique.com/annonce/moutons/mouton-3208888","Mouton","720 000 CFA","Parcelle Assainies, Dakar, Sénégal","https://images.coinafrique.com/thumb_5144166_uploaded_image1_1737393386.jpg"
"1739061489-306","https://sn.coinafrique.com/categorie/moutons?page=7","Mouton","https://sn.coinafrique.com/annonce/moutons/mouton-3208890","Mouton","300 000 CFA","Parcelle Assainies, Dakar, Sénégal","https://images.coinafrique.com/thumb_5144166_uploaded_image1_1737393386.jpg"
"1739061492-307","https://sn.coinafrique.com/categorie/moutons?page=7","Mouton","https://sn.coinafrique.com/annonce/moutons/mouton-3208892","Mouton","150 000 CFA","Parcelle Assainies, Dakar, Sénégal","https://images.coinafrique.com/thumb_5144166_uploaded_image1_1737393386.jpg"
"1739061494-308","https://sn.coinafrique.com/categorie/moutons?page=7","Mouton","https://sn.coinafrique.com/annonce/moutons/mouton-3208897","Mouton","200 000 CFA","Parcelle Assainies, Dakar, Sénégal","https://images.coinafrique.com/thumb_5144166_uploaded_image1_1737393386.jpg"
"1739061497-309","https://sn.coinafrique.com/categorie/moutons?page=7","Mouton","https://sn.coinafrique.com/annonce/moutons/mouton-3208903","Mouton","230 000 CFA","Parcelle Assainies, Dakar, Sénégal","https://images.coinafrique.com/thumb_5144166_uploaded_image1_1737393386.jpg"
"1739061499-310","https://sn.coinafrique.com/categorie/moutons?page=7","Mouton ladoum","https://sn.coinafrique.com/annonce/moutons/mouton-ladoum-3209125","Mouton ladoum","700 000 CFA","Colobane, Dakar, Sénégal","https://images.coinafrique.com/thumb_3209125_uploaded_image1_1625431861.jpg"
"1739061502-311","https://sn.coinafrique.com/categorie/moutons?page=7","Mouton","https://sn.coinafrique.com/annonce/moutons/mouton-3209310","Mouton","125 000 CFA","Yoff, Dakar, Sénégal","https://images.coinafrique.com/thumb_4879970_uploaded_image1_1722945913.jpg"
"1739061504-312","https://sn.coinafrique.com/categorie/moutons?page=7","Mouton","https://sn.coinafrique.com/annonce/moutons/mouton-3209314","Mouton","160 000 CFA","Yoff, Dakar, Sénégal","https://images.coinafrique.com/thumb_4879970_uploaded_image1_1722945913.jpg"
"1739061506-313","https://sn.coinafrique.com/categorie/moutons?page=7","Mouton","https://sn.coinafrique.com/annonce/moutons/mouton-3209318","Mouton","170 000 CFA","Yoff, Dakar, Sénégal","https://images.coinafrique.com/thumb_4879970_uploaded_image1_1722945913.jpg"
"1739061509-314","https://sn.coinafrique.com/categorie/moutons?page=7","Mouton","https://sn.coinafrique.com/annonce/moutons/mouton-3209798","Mouton","220 000 CFA","Dakar, Sénégal","https://images.coinafrique.com/thumb_4773721_uploaded_image1_1717238496.jpg"
"1739061512-315","https://sn.coinafrique.com/categorie/moutons?page=7","Mouton","https://sn.coinafrique.com/annonce/moutons/mouton-3209806","Mouton","230 000 CFA","Dakar, Sénégal","https://images.coinafrique.com/thumb_4773721_uploaded_image1_1717238496.jpg"
"1739061514-316","https://sn.coinafrique.com/categorie/moutons?page=7","Mouton","https://sn.coinafrique.com/annonce/moutons/mouton-3210353","Mouton","170 CFA","Ouakam, Dakar, Sénégal","https://images.coinafrique.com/thumb_4255895_uploaded_image1_1686736719.jpg"
"1739061516-317","https://sn.coinafrique.com/categorie/moutons?page=7","Mouton","https://sn.coinafrique.com/annonce/moutons/mouton-3210359","Mouton","210 CFA","Ouakam, Dakar, Sénégal","https://images.coinafrique.com/thumb_4255895_uploaded_image1_1686736719.jpg"
"1739061519-318","https://sn.coinafrique.com/categorie/moutons?page=7","Mouton","https://sn.coinafrique.com/annonce/moutons/mouton-3210365","Mouton","170 CFA","Ouakam, Dakar, Sénégal","https://images.coinafrique.com/thumb_4255895_uploaded_image1_1686736719.jpg"
"1739061521-319","https://sn.coinafrique.com/categorie/moutons?page=7","Mouton","https://sn.coinafrique.com/annonce/moutons/mouton-3210932","Mouton","300 000 CFA","Dakar, Sénégal","https://images.coinafrique.com/thumb_4773721_uploaded_image1_1717238496.jpg"
"1739061524-320","https://sn.coinafrique.com/categorie/moutons?page=7","Mouton Bali Bali","https://sn.coinafrique.com/annonce/moutons/mouton-bali-bali-3211305","Mouton Bali Bali","210 000 CFA","Cambérène, Dakar, Sénégal","https://images.coinafrique.com/thumb_3215274_uploaded_image1_1625673688.jpg"
"1739061526-321","https://sn.coinafrique.com/categorie/moutons?page=7","Mouton","https://sn.coinafrique.com/annonce/moutons/mouton-3211669","Mouton","320 000 CFA","Dakar, Sénégal","https://images.coinafrique.com/thumb_4773721_uploaded_image1_1717238496.jpg"
"1739061529-322","https://sn.coinafrique.com/categorie/moutons?page=7","Mouton","https://sn.coinafrique.com/annonce/moutons/mouton-3211689","Mouton","250 000 CFA","Almadies, Dakar, Sénégal","https://images.coinafrique.com/thumb_3211689_uploaded_image1_1625530422.jpg"
"1739061531-323","https://sn.coinafrique.com/categorie/moutons?page=7","Mouton","https://sn.coinafrique.com/annonce/moutons/mouton-3211721","Mouton","215 000 CFA","Cambérène, Dakar, Sénégal","https://images.coinafrique.com/thumb_4061084_uploaded_image1_1674422780.jpg"
"1739061533-324","https://sn.coinafrique.com/categorie/moutons?page=7","Mouton","https://sn.coinafrique.com/annonce/moutons/mouton-3212534","Mouton","150 000 CFA","Matam, Sénégal","https://images.coinafrique.com/thumb_4204058_uploaded_image1_1683299567.jpg"
"1739061536-325","https://sn.coinafrique.com/categorie/moutons?page=7","Mouton","https://sn.coinafrique.com/annonce/moutons/mouton-3212567","Mouton","160 CFA","Guediawaye, Dakar, Sénégal","https://images.coinafrique.com/thumb_5159269_uploaded_image1_1738163617.jpg"
"1739061538-326","https://sn.coinafrique.com/categorie/moutons?page=7","Mouton","https://sn.coinafrique.com/annonce/moutons/mouton-3212869","Mouton","680 CFA","Sicap Liberté, Dakar, Sénégal","https://images.coinafrique.com/thumb_5069347_uploaded_image1_1733004132.jpg"
"1739061541-327","https://sn.coinafrique.com/categorie/moutons?page=7","Mouton Ladoum Azawatt","https://sn.coinafrique.com/annonce/moutons/mouton-ladoum-azawatt-3213116","Mouton Ladoum Azawatt","Prix sur demande","Dakar, Sénégal","https://images.coinafrique.com/thumb_4060011_uploaded_image1_1674334569.jpg"
"1739061543-328","https://sn.coinafrique.com/categorie/moutons?page=7","Mouton Ladoum","https://sn.coinafrique.com/annonce/moutons/mouton-ladoum-3213921","Mouton Ladoum","280 000 CFA","Dakar, Sénégal","https://images.coinafrique.com/thumb_4773721_uploaded_image1_1717238496.jpg"
"1739061546-329","https://sn.coinafrique.com/categorie/moutons?page=7","Mouton","https://sn.coinafrique.com/annonce/moutons/mouton-3214030","Mouton","210 000 CFA","Pikine, Sénégal","https://images.coinafrique.com/thumb_4465409_uploaded_image1_1700496107.jpg"
"1739061548-330","https://sn.coinafrique.com/categorie/moutons?page=7","Mouton","https://sn.coinafrique.com/annonce/moutons/mouton-3215045","Mouton","250 000 CFA","Thies, Sénégal","https://images.coinafrique.com/thumb_4708924_uploaded_image1_1713971615.jpg"
"1739061551-331","https://sn.coinafrique.com/categorie/moutons?page=7","Mouton","https://sn.coinafrique.com/annonce/moutons/mouton-3215139","Mouton","Prix sur demande","Mbao, Dakar, Sénégal","https://images.coinafrique.com/thumb_4969224_uploaded_image1_1727728741.jpg"
"1739061553-332","https://sn.coinafrique.com/categorie/moutons?page=7","Mouton","https://sn.coinafrique.com/annonce/moutons/mouton-3215274","Mouton","215 000 CFA","Cambérène, Dakar, Sénégal","https://images.coinafrique.com/thumb_4061084_uploaded_image1_1674422780.jpg"
"1739061556-333","https://sn.coinafrique.com/categorie/moutons?page=7","Mouton","https://sn.coinafrique.com/annonce/moutons/mouton-3215907","Mouton","125 000 CFA","Yoff, Dakar, Sénégal","https://images.coinafrique.com/thumb_4879970_uploaded_image1_1722945913.jpg"
"1739061558-334","https://sn.coinafrique.com/categorie/moutons?page=7","Mouton","https://sn.coinafrique.com/annonce/moutons/mouton-3215910","Mouton","170 000 CFA","Yoff, Dakar, Sénégal","https://images.coinafrique.com/thumb_4879970_uploaded_image1_1722945913.jpg"
"1739061561-335","https://sn.coinafrique.com/categorie/moutons?page=7","Mouton","https://sn.coinafrique.com/annonce/moutons/mouton-3216121","Mouton","170 000 CFA","Cambérène, Dakar, Sénégal","https://images.coinafrique.com/thumb_4061084_uploaded_image1_1674422780.jpg"
"1739061567-336","https://sn.coinafrique.com/categorie/moutons?page=7","Mouton","https://sn.coinafrique.com/annonce/moutons/mouton-3216122","Mouton","150 000 CFA","Cambérène, Dakar, Sénégal","https://images.coinafrique.com/thumb_4061084_uploaded_image1_1674422780.jpg"
"1739061577-337","https://sn.coinafrique.com/categorie/moutons?page=6","Mouton","https://sn.coinafrique.com/annonce/moutons/mouton-3217736","Mouton","600 000 CFA","Mermoz-Sacré Coeur, Dakar, Sénégal","https://images.coinafrique.com/thumb_4252367_uploaded_image1_1686511140.jpg"
"1739061579-338","https://sn.coinafrique.com/categorie/moutons?page=6","Mouton de tabaski","https://sn.coinafrique.com/annonce/moutons/mouton-de-tabaski-3218024","Mouton de tabaski","550 000 CFA","Mermoz-Sacré Coeur, Dakar, Sénégal","https://images.coinafrique.com/thumb_3778560_uploaded_image1_1657347778.jpg"
"1739061582-339","https://sn.coinafrique.com/categorie/moutons?page=6","Mouton élevage","https://sn.coinafrique.com/annonce/moutons/mouton-elevage-3218187","Mouton élevage","105 000 CFA","Guediawaye, Dakar, Sénégal","https://images.coinafrique.com/thumb_3218187_uploaded_image1_1625786936.jpg"
"1739061584-340","https://sn.coinafrique.com/categorie/moutons?page=6","Mouton","https://sn.coinafrique.com/annonce/moutons/mouton-3218372","Mouton","45 000 CFA","Keur Massar, Sénégal","https://images.coinafrique.com/thumb_4791149_uploaded_image1_1718136046.jpg"
"1739061587-341","https://sn.coinafrique.com/categorie/moutons?page=6","Mouton métisse Toubab beer Ladoum","https://sn.coinafrique.com/annonce/moutons/mouton-metisse-toubab-beer-ladoum-3218966","Mouton métisse Toubab beer Ladoum","235 000 CFA","Medina, Dakar, Sénégal","https://images.coinafrique.com/thumb_3218966_uploaded_image1_1625834036.jpg"
"1739061589-342","https://sn.coinafrique.com/categorie/moutons?page=6","Mouton","https://sn.coinafrique.com/annonce/moutons/mouton-3219247","Mouton","225 000 CFA","Pikine, Sénégal","https://images.coinafrique.com/thumb_4465409_uploaded_image1_1700496107.jpg"
"1739061591-343","https://sn.coinafrique.com/categorie/moutons?page=6","Mouton de tabaski","https://sn.coinafrique.com/annonce/moutons/mouton-de-tabaski-3220217","Mouton de tabaski","200 000 CFA","Colobane, Dakar, Sénégal","https://images.coinafrique.com/thumb_3220217_uploaded_image1_1625900638.jpg"
"1739061594-344","https://sn.coinafrique.com/categorie/moutons?page=6","Mouton","https://sn.coinafrique.com/annonce/moutons/mouton-3221005","Mouton","Prix sur demande","Grand Dakar, Dakar, Sénégal","https://images.coinafrique.com/thumb_4789672_uploaded_image1_1718065178.jpg"
"1739061596-345","https://sn.coinafrique.com/categorie/moutons?page=6","Mouton","https://sn.coinafrique.com/annonce/moutons/mouton-3221011","Mouton","Prix sur demande","Grand Dakar, Dakar, Sénégal","https://images.coinafrique.com/thumb_4789672_uploaded_image1_1718065178.jpg"
"1739061599-346","https://sn.coinafrique.com/categorie/moutons?page=6","Mouton ladoum","https://sn.coinafrique.com/annonce/moutons/mouton-ladoum-3221076","Mouton ladoum","1 000 500 CFA","Patte d'oie, Dakar, Sénégal","https://images.coinafrique.com/thumb_3221076_uploaded_image1_1625930215.jpg"
"1739061601-347","https://sn.coinafrique.com/categorie/moutons?page=6","Agneau ladoum","https://sn.coinafrique.com/annonce/moutons/agneau-ladoum-3221082","Agneau ladoum","750 000 CFA","Patte d'oie, Dakar, Sénégal","https://images.coinafrique.com/thumb_3221082_uploaded_image1_1625930320.jpg"
"1739061604-348","https://sn.coinafrique.com/categorie/moutons?page=6","Moutons","https://sn.coinafrique.com/annonce/moutons/moutons-3221174","Moutons","Prix sur demande","Grand Dakar, Dakar, Sénégal","https://images.coinafrique.com/thumb_4789672_uploaded_image1_1718065178.jpg"
"1739061606-349","https://sn.coinafrique.com/categorie/moutons?page=6","Mouton","https://sn.coinafrique.com/annonce/moutons/mouton-3222040","Mouton","200 000 350 000 CFA","Parcelle Assainies, Dakar, Sénégal","https://images.coinafrique.com/thumb_5144166_uploaded_image1_1737393386.jpg"
"1739061609-350","https://sn.coinafrique.com/categorie/moutons?page=6","Mouton","https://sn.coinafrique.com/annonce/moutons/mouton-3222227","Mouton","175 CFA","Dakar, Sénégal","https://images.coinafrique.com/thumb_4773721_uploaded_image1_1717238496.jpg"
"1739061611-351","https://sn.coinafrique.com/categorie/moutons?page=6","Bélier élevage","https://sn.coinafrique.com/annonce/moutons/belier-elevage-3222700","Bélier élevage","190 000 CFA","Dakar Plateau, Dakar, Sénégal","https://images.coinafrique.com/thumb_3222700_uploaded_image1_1626026251.jpg"
"1739061613-352","https://sn.coinafrique.com/categorie/moutons?page=6","Mouton","https://sn.coinafrique.com/annonce/moutons/mouton-3223126","Mouton","210 000 CFA","Medina, Dakar, Sénégal","https://images.coinafrique.com/thumb_4261058_uploaded_image2_1687100799.jpeg"
"1739061616-353","https://sn.coinafrique.com/categorie/moutons?page=6","Mouton","https://sn.coinafrique.com/annonce/moutons/mouton-3223832","Mouton","250 000 CFA","Mbao, Dakar, Sénégal","https://images.coinafrique.com/thumb_4969224_uploaded_image1_1727728741.jpg"
"1739061618-354","https://sn.coinafrique.com/categorie/moutons?page=6","Mouton","https://sn.coinafrique.com/annonce/moutons/mouton-3224262","Mouton","Prix sur demande","Grand Dakar, Dakar, Sénégal","https://images.coinafrique.com/thumb_4789672_uploaded_image1_1718065178.jpg"
"1739061621-355","https://sn.coinafrique.com/categorie/moutons?page=6","Mouton","https://sn.coinafrique.com/annonce/moutons/mouton-3224266","Mouton","Prix sur demande","Grand Dakar, Dakar, Sénégal","https://images.coinafrique.com/thumb_4789672_uploaded_image1_1718065178.jpg"
"1739061623-356","https://sn.coinafrique.com/categorie/moutons?page=6","Moutons","https://sn.coinafrique.com/annonce/moutons/moutons-3224918","Moutons","Prix sur demande","Grand Dakar, Dakar, Sénégal","https://images.coinafrique.com/thumb_4789672_uploaded_image1_1718065178.jpg"
"1739061626-357","https://sn.coinafrique.com/categorie/moutons?page=6","Mouton ladoum","https://sn.coinafrique.com/annonce/moutons/mouton-ladoum-3224927","Mouton ladoum","400 000 CFA","Dakar, Sénégal","https://images.coinafrique.com/thumb_4773721_uploaded_image1_1717238496.jpg"
"1739061628-358","https://sn.coinafrique.com/categorie/moutons?page=6","Mouton","https://sn.coinafrique.com/annonce/moutons/mouton-3225091","Mouton","160 000 CFA","Dakar, Sénégal","https://images.coinafrique.com/thumb_4773721_uploaded_image1_1717238496.jpg"
"1739061631-359","https://sn.coinafrique.com/categorie/moutons?page=6","Mouton ladoum","https://sn.coinafrique.com/annonce/moutons/mouton-ladoum-3225293","Mouton ladoum","550 000 CFA","Thies, Sénégal","https://images.coinafrique.com/thumb_4705081_uploaded_image2_1713794349.jpeg"
"1739061633-360","https://sn.coinafrique.com/categorie/moutons?page=6","Mouton","https://sn.coinafrique.com/annonce/moutons/mouton-3225377","Mouton","165 000 CFA","Grand Dakar, Dakar, Sénégal","https://images.coinafrique.com/thumb_4789672_uploaded_image1_1718065178.jpg"
"1739061635-361","https://sn.coinafrique.com/categorie/moutons?page=6","Mouton","https://sn.coinafrique.com/annonce/moutons/mouton-3225419","Mouton","Prix sur demande","Dakar, Sénégal","https://images.coinafrique.com/thumb_4773721_uploaded_image1_1717238496.jpg"
"1739061638-362","https://sn.coinafrique.com/categorie/moutons?page=6","Mouton","https://sn.coinafrique.com/annonce/moutons/mouton-3226450","Mouton","145 000 CFA","Parcelle Assainies, Dakar, Sénégal","https://images.coinafrique.com/thumb_5144166_uploaded_image1_1737393386.jpg"
"1739061640-363","https://sn.coinafrique.com/categorie/moutons?page=6","Mouton","https://sn.coinafrique.com/annonce/moutons/mouton-3226456","Mouton","Prix sur demande","Mermoz-Sacré Coeur, Dakar, Sénégal","https://images.coinafrique.com/thumb_4252367_uploaded_image1_1686511140.jpg"
"1739061643-364","https://sn.coinafrique.com/categorie/moutons?page=6","Mouton","https://sn.coinafrique.com/annonce/moutons/mouton-3226810","Mouton","150 000 CFA","Dakar, Sénégal","https://images.coinafrique.com/thumb_4773721_uploaded_image1_1717238496.jpg"
"1739061645-365","https://sn.coinafrique.com/categorie/moutons?page=6","Moutons","https://sn.coinafrique.com/annonce/moutons/moutons-3227147","Moutons","150 000 CFA","Mbao, Dakar, Sénégal","https://images.coinafrique.com/thumb_4969224_uploaded_image1_1727728741.jpg"
"1739061648-366","https://sn.coinafrique.com/categorie/moutons?page=6","Mouton","https://sn.coinafrique.com/annonce/moutons/mouton-3227288","Mouton","350 000 CFA","Yoff, Dakar, Sénégal","https://images.coinafrique.com/thumb_4879970_uploaded_image1_1722945913.jpg"
"1739061650-367","https://sn.coinafrique.com/categorie/moutons?page=6","Mouton","https://sn.coinafrique.com/annonce/moutons/mouton-3228191","Mouton","300 CFA","Guediawaye, Dakar, Sénégal","https://images.coinafrique.com/thumb_5159269_uploaded_image1_1738163617.jpg"
"1739061652-368","https://sn.coinafrique.com/categorie/moutons?page=6","Mouton","https://sn.coinafrique.com/annonce/moutons/mouton-3228411","Mouton","130 000 CFA","Yoff, Dakar, Sénégal","https://images.coinafrique.com/thumb_4879970_uploaded_image1_1722945913.jpg"
"1739061655-369","https://sn.coinafrique.com/categorie/moutons?page=6","Mouton métisse Ladoum - Azawatte","https://sn.coinafrique.com/annonce/moutons/mouton-metisse-ladoum-azawatte-3228766","Mouton métisse Ladoum - Azawatte","500 000 CFA","Thies, Sénégal","https://images.coinafrique.com/thumb_3228766_uploaded_image1_1626285669.jpg"
"1739061657-370","https://sn.coinafrique.com/categorie/moutons?page=6","Mouton","https://sn.coinafrique.com/annonce/moutons/mouton-3229226","Mouton","275 000 CFA","Parcelle Assainies, Dakar, Sénégal","https://images.coinafrique.com/thumb_5144166_uploaded_image1_1737393386.jpg"
"1739061660-371","https://sn.coinafrique.com/categorie/moutons?page=6","Moutons","https://sn.coinafrique.com/annonce/moutons/moutons-3230370","Moutons","130 000 CFA","Yoff, Dakar, Sénégal","https://images.coinafrique.com/thumb_4879970_uploaded_image1_1722945913.jpg"
"1739061662-372","https://sn.coinafrique.com/categorie/moutons?page=6","Mouton Ladoum Azawatt","https://sn.coinafrique.com/annonce/moutons/mouton-ladoum-azawatt-3231482","Mouton Ladoum Azawatt","270 000 CFA","Dakar, Sénégal","https://images.coinafrique.com/thumb_4060011_uploaded_image1_1674334569.jpg"
"1739061665-373","https://sn.coinafrique.com/categorie/moutons?page=6","Mouton tabaski","https://sn.coinafrique.com/annonce/moutons/mouton-tabaski-3231584","Mouton tabaski","200 CFA","Ouakam, Dakar, Sénégal","https://images.coinafrique.com/thumb_3231584_uploaded_image1_1626394551.jpg"
"1739061667-374","https://sn.coinafrique.com/categorie/moutons?page=6","Mouton Ladoum","https://sn.coinafrique.com/annonce/moutons/mouton-ladoum-3231711","Mouton Ladoum","250 000 CFA","Dakar, Sénégal","https://images.coinafrique.com/thumb_4773721_uploaded_image1_1717238496.jpg"
"1739061670-375","https://sn.coinafrique.com/categorie/moutons?page=6","Mouton","https://sn.coinafrique.com/annonce/moutons/mouton-3232750","Mouton","135 CFA","Guediawaye, Dakar, Sénégal","https://images.coinafrique.com/thumb_5159269_uploaded_image1_1738163617.jpg"
"1739061673-376","https://sn.coinafrique.com/categorie/moutons?page=6","Mouton","https://sn.coinafrique.com/annonce/moutons/mouton-3233334","Mouton","180 000 CFA","Dakar, Sénégal","https://images.coinafrique.com/thumb_4773721_uploaded_image1_1717238496.jpg"
"1739061675-377","https://sn.coinafrique.com/categorie/moutons?page=6","Mouton","https://sn.coinafrique.com/annonce/moutons/mouton-3234200","Mouton","160 000 CFA","Dakar, Sénégal","https://images.coinafrique.com/thumb_4773721_uploaded_image1_1717238496.jpg"
"1739061678-378","https://sn.coinafrique.com/categorie/moutons?page=6","Mouton","https://sn.coinafrique.com/annonce/moutons/mouton-3234203","Mouton","160 000 CFA","Dakar, Sénégal","https://images.coinafrique.com/thumb_4773721_uploaded_image1_1717238496.jpg"
"1739061680-379","https://sn.coinafrique.com/categorie/moutons?page=6","Mouton","https://sn.coinafrique.com/annonce/moutons/mouton-3234206","Mouton","160 000 CFA","Dakar, Sénégal","https://images.coinafrique.com/thumb_4773721_uploaded_image1_1717238496.jpg"
"1739061682-380","https://sn.coinafrique.com/categorie/moutons?page=6","Mouton","https://sn.coinafrique.com/annonce/moutons/mouton-3234211","Mouton","160 000 CFA","Dakar, Sénégal","https://images.coinafrique.com/thumb_4773721_uploaded_image1_1717238496.jpg"
"1739061685-381","https://sn.coinafrique.com/categorie/moutons?page=6","Mouton","https://sn.coinafrique.com/annonce/moutons/mouton-3234604","Mouton","400 000 CFA","Grand Yoff, Dakar, Sénégal","https://images.coinafrique.com/thumb_4739472_uploaded_image1_1715522415.jpg"
"1739061687-382","https://sn.coinafrique.com/categorie/moutons?page=6","Mouton","https://sn.coinafrique.com/annonce/moutons/mouton-3235086","Mouton","250 000 CFA","Guediawaye, Dakar, Sénégal","https://images.coinafrique.com/thumb_5159269_uploaded_image1_1738163617.jpg"
"1739061690-383","https://sn.coinafrique.com/categorie/moutons?page=6","Mouton","https://sn.coinafrique.com/annonce/moutons/mouton-3235588","Mouton","180 000 CFA","Cambérène, Dakar, Sénégal","https://images.coinafrique.com/thumb_4061084_uploaded_image1_1674422780.jpg"
"1739061692-384","https://sn.coinafrique.com/categorie/moutons?page=6","Mouton","https://sn.coinafrique.com/annonce/moutons/mouton-3235834","Mouton","160 000 CFA","Yoff, Dakar, Sénégal","https://images.coinafrique.com/thumb_4879970_uploaded_image1_1722945913.jpg"
"1739061695-385","https://sn.coinafrique.com/categorie/moutons?page=6","Mouton","https://sn.coinafrique.com/annonce/moutons/mouton-3235838","Mouton","280 000 CFA","Yoff, Dakar, Sénégal","https://images.coinafrique.com/thumb_4879970_uploaded_image1_1722945913.jpg"
"1739061697-386","https://sn.coinafrique.com/categorie/moutons?page=6","Moutons","https://sn.coinafrique.com/annonce/moutons/moutons-3236139","Moutons","Prix sur demande","Dakar, Sénégal","https://images.coinafrique.com/thumb_4773721_uploaded_image1_1717238496.jpg"
"1739061700-387","https://sn.coinafrique.com/categorie/moutons?page=6","Mouton","https://sn.coinafrique.com/annonce/moutons/mouton-3236341","Mouton","130 000 CFA","Hann Bel-Air, Dakar, Sénégal","https://images.coinafrique.com/thumb_4780599_uploaded_image1_1717584331.jpg"
"1739061702-388","https://sn.coinafrique.com/categorie/moutons?page=6","Mouton","https://sn.coinafrique.com/annonce/moutons/mouton-3236859","Mouton","Prix sur demande","Colobane, Dakar, Sénégal","https://images.coinafrique.com/thumb_4252068_uploaded_image1_1686495864.jpg"
"1739061704-389","https://sn.coinafrique.com/categorie/moutons?page=6","Mouton Ladoum","https://sn.coinafrique.com/annonce/moutons/mouton-ladoum-3256042","Mouton Ladoum","800 CFA","Dakar, Sénégal","https://images.coinafrique.com/thumb_4773721_uploaded_image1_1717238496.jpg"
"1739061707-390","https://sn.coinafrique.com/categorie/moutons?page=6","Mouton","https://sn.coinafrique.com/annonce/moutons/mouton-3256366","Mouton","350 000 CFA","Louga, Sénégal","https://images.coinafrique.com/thumb_4264167_uploaded_image1_1687307074.jpg"
"1739061709-391","https://sn.coinafrique.com/categorie/moutons?page=6","Mouton Ladoum","https://sn.coinafrique.com/annonce/moutons/mouton-ladoum-3262861","Mouton Ladoum","1 200 000 CFA","Dakar, Sénégal","https://images.coinafrique.com/thumb_4773721_uploaded_image1_1717238496.jpg"
"1739061712-392","https://sn.coinafrique.com/categorie/moutons?page=6","Mouton Ladoum","https://sn.coinafrique.com/annonce/moutons/mouton-ladoum-3263932","Mouton Ladoum","800 000 CFA","Kaolack, Sénégal","https://images.coinafrique.com/thumb_3705520_uploaded_image1_1653135164.jpg"
"1739061714-393","https://sn.coinafrique.com/categorie/moutons?page=6","Mouton Ladoum","https://sn.coinafrique.com/annonce/moutons/mouton-ladoum-3264122","Mouton Ladoum","800 000 CFA","Kaolack, Sénégal","https://images.coinafrique.com/thumb_3705520_uploaded_image1_1653135164.jpg"
"1739061717-394","https://sn.coinafrique.com/categorie/moutons?page=6","Mouton Ladoum","https://sn.coinafrique.com/annonce/moutons/mouton-ladoum-3265343","Mouton Ladoum","400 000 CFA","Dakar, Sénégal","https://images.coinafrique.com/thumb_4773721_uploaded_image1_1717238496.jpg"
"1739061719-395","https://sn.coinafrique.com/categorie/moutons?page=6","Mouton Ladoum","https://sn.coinafrique.com/annonce/moutons/mouton-ladoum-3273519","Mouton Ladoum","700 000 CFA","Kaolack, Sénégal","https://images.coinafrique.com/thumb_3705520_uploaded_image1_1653135164.jpg"
"1739061722-396","https://sn.coinafrique.com/categorie/moutons?page=6","Mouton","https://sn.coinafrique.com/annonce/moutons/mouton-3277039","Mouton","800 000 CFA","Sicap Liberté, Dakar, Sénégal","https://images.coinafrique.com/thumb_5069347_uploaded_image1_1733004132.jpg"
"1739061724-397","https://sn.coinafrique.com/categorie/moutons?page=6","Mouton","https://sn.coinafrique.com/annonce/moutons/mouton-3277445","Mouton","850 000 CFA","Thies, Sénégal","https://images.coinafrique.com/thumb_4708924_uploaded_image1_1713971615.jpg"
"1739061727-398","https://sn.coinafrique.com/categorie/moutons?page=6","Mouton ladoum","https://sn.coinafrique.com/annonce/moutons/mouton-ladoum-3279053","Mouton ladoum","500 CFA","Pikine, Sénégal","https://images.coinafrique.com/thumb_4465409_uploaded_image1_1700496107.jpg"
"1739061729-399","https://sn.coinafrique.com/categorie/moutons?page=6","Mouton Ladoum","https://sn.coinafrique.com/annonce/moutons/mouton-ladoum-3290373","Mouton Ladoum","350 000 CFA","Cambérène, Dakar, Sénégal","https://images.coinafrique.com/thumb_4061084_uploaded_image1_1674422780.jpg"
"1739061732-400","https://sn.coinafrique.com/categorie/moutons?page=6","Mouton","https://sn.coinafrique.com/annonce/moutons/mouton-3294990","Mouton","450 000 CFA","Dakar, Sénégal","https://images.coinafrique.com/thumb_3294990_uploaded_image1_1629756753.jpg"
"1739061734-401","https://sn.coinafrique.com/categorie/moutons?page=6","Mouton","https://sn.coinafrique.com/annonce/moutons/mouton-3301458","Mouton","350 000 CFA","Grand Yoff, Dakar, Sénégal","https://images.coinafrique.com/thumb_4739472_uploaded_image1_1715522415.jpg"
"1739061736-402","https://sn.coinafrique.com/categorie/moutons?page=6","Mouton Ladoum","https://sn.coinafrique.com/annonce/moutons/mouton-ladoum-3305034","Mouton Ladoum","Prix sur demande","Rufisque, Sénégal","https://images.coinafrique.com/thumb_5081184_uploaded_image1_1733597466.jpg"
"1739061739-403","https://sn.coinafrique.com/categorie/moutons?page=6","Mouton métisse","https://sn.coinafrique.com/annonce/moutons/mouton-metisse-3305705","Mouton métisse","Prix sur demande","Mermoz-Sacré Coeur, Dakar, Sénégal","https://images.coinafrique.com/thumb_3760758_uploaded_image1_1656345797.jpg"
"1739061741-404","https://sn.coinafrique.com/categorie/moutons?page=6","Mouton Ladoum","https://sn.coinafrique.com/annonce/moutons/mouton-ladoum-3307175","Mouton Ladoum","250 000 CFA","Dakar, Sénégal","https://images.coinafrique.com/thumb_4773721_uploaded_image1_1717238496.jpg"
"1739061744-405","https://sn.coinafrique.com/categorie/moutons?page=6","Femelle ladoum","https://sn.coinafrique.com/annonce/moutons/femelle-ladoum-3316286","Femelle ladoum","750 CFA","Dakar, Sénégal","https://images.coinafrique.com/thumb_3571469_uploaded_image1_1645100060.jpg"
"1739061746-406","https://sn.coinafrique.com/categorie/moutons?page=6","Mouton femelle Ladoum","https://sn.coinafrique.com/annonce/moutons/mouton-femelle-ladoum-3332059","Mouton femelle Ladoum","350 000 CFA","Ouakam, Dakar, Sénégal","https://images.coinafrique.com/thumb_3332059_uploaded_image1_1631529827.jpg"
"1739061749-407","https://sn.coinafrique.com/categorie/moutons?page=6","Moutons","https://sn.coinafrique.com/annonce/moutons/moutons-3340347","Moutons","350 000 CFA","Rufisque, Sénégal","https://images.coinafrique.com/thumb_5081184_uploaded_image1_1733597466.jpg"
"1739061751-408","https://sn.coinafrique.com/categorie/moutons?page=6","Mouton ladoum","https://sn.coinafrique.com/annonce/moutons/mouton-ladoum-3360589","Mouton ladoum","Prix sur demande","Cambérène, Dakar, Sénégal","https://images.coinafrique.com/thumb_4061084_uploaded_image1_1674422780.jpg"
"1739061753-409","https://sn.coinafrique.com/categorie/moutons?page=6","Ladoum","https://sn.coinafrique.com/annonce/moutons/ladoum-3360594","Ladoum","225 000 CFA","Cambérène, Dakar, Sénégal","https://images.coinafrique.com/thumb_4061084_uploaded_image1_1674422780.jpg"
"1739061756-410","https://sn.coinafrique.com/categorie/moutons?page=6","Mouton ladoum","https://sn.coinafrique.com/annonce/moutons/mouton-ladoum-3378597","Mouton ladoum","550 000 CFA","Pikine, Sénégal","https://images.coinafrique.com/thumb_4465409_uploaded_image1_1700496107.jpg"
"1739061758-411","https://sn.coinafrique.com/categorie/moutons?page=6","Mouton Ladoum","https://sn.coinafrique.com/annonce/moutons/mouton-ladoum-3384593","Mouton Ladoum","900 000 CFA","Mbao, Dakar, Sénégal","https://images.coinafrique.com/thumb_4969224_uploaded_image1_1727728741.jpg"
"1739061761-412","https://sn.coinafrique.com/categorie/moutons?page=6","Femelle Ladoum","https://sn.coinafrique.com/annonce/moutons/femelle-ladoum-3392497","Femelle Ladoum","Prix sur demande","Parcelle Assainies, Dakar, Sénégal","https://images.coinafrique.com/thumb_4143070_uploaded_image1_1679409169.jpg"
"1739061763-413","https://sn.coinafrique.com/categorie/moutons?page=6","Mouton mâle ladoum","https://sn.coinafrique.com/annonce/moutons/mouton-male-ladoum-3409172","Mouton mâle ladoum","1 200 000 CFA","Guediawaye, Dakar, Sénégal","https://images.coinafrique.com/thumb_3940256_uploaded_image1_1667000061.jpg"
"1739061766-414","https://sn.coinafrique.com/categorie/moutons?page=6","Mouton ladoum","https://sn.coinafrique.com/annonce/moutons/mouton-ladoum-3414402","Mouton ladoum","700 000 CFA","Keur Massar, Sénégal","https://images.coinafrique.com/thumb_4290166_uploaded_image1_1689087261.jpg"
"1739061768-415","https://sn.coinafrique.com/categorie/moutons?page=6","Mouton Ladoum","https://sn.coinafrique.com/annonce/moutons/mouton-ladoum-3417843","Mouton Ladoum","Prix sur demande","Touba, Sénégal","https://images.coinafrique.com/thumb_3434097_uploaded_image1_1636701530.jpg"
"1739061771-416","https://sn.coinafrique.com/categorie/moutons?page=6","Mouton Ladoum","https://sn.coinafrique.com/annonce/moutons/mouton-ladoum-3417856","Mouton Ladoum","Prix sur demande","Touba, Sénégal","https://images.coinafrique.com/thumb_3434097_uploaded_image1_1636701530.jpg"
"1739061773-417","https://sn.coinafrique.com/categorie/moutons?page=6","Mouton Ladoum","https://sn.coinafrique.com/annonce/moutons/mouton-ladoum-3421875","Mouton Ladoum","Prix sur demande","Touba, Sénégal","https://images.coinafrique.com/thumb_3434097_uploaded_image1_1636701530.jpg"
"1739061776-418","https://sn.coinafrique.com/categorie/moutons?page=6","Couple mouton Ladoum","https://sn.coinafrique.com/annonce/moutons/couple-mouton-ladoum-3422330","Couple mouton Ladoum","1 300 000 CFA","Mbour, Sénégal","https://images.coinafrique.com/thumb_3422330_uploaded_image1_1636107210.jpg"
"1739061778-419","https://sn.coinafrique.com/categorie/moutons?page=6","Mouton  ladoum","https://sn.coinafrique.com/annonce/moutons/mouton-ladoum-3424687","Mouton  ladoum","Prix sur demande","Touba, Sénégal","https://images.coinafrique.com/thumb_3434097_uploaded_image1_1636701530.jpg"
"1739061781-420","https://sn.coinafrique.com/categorie/moutons?page=6","Mouton Ladoum","https://sn.coinafrique.com/annonce/moutons/mouton-ladoum-3429263","Mouton Ladoum","250 000 CFA","Keur Massar, Sénégal","https://images.coinafrique.com/thumb_4290166_uploaded_image1_1689087261.jpg"
"1739061788-421","https://sn.coinafrique.com/categorie/moutons?page=5","Mouton femelle Ladoum","https://sn.coinafrique.com/annonce/moutons/mouton-femelle-ladoum-3429271","Mouton femelle Ladoum","150 000 CFA","Keur Massar, Sénégal","https://images.coinafrique.com/thumb_4286897_uploaded_image1_1688846757.jpg"
"1739061791-422","https://sn.coinafrique.com/categorie/moutons?page=5","Mouton Ladoum Pur sang","https://sn.coinafrique.com/annonce/moutons/mouton-ladoum-pur-sang-3434097","Mouton Ladoum Pur sang","Prix sur demande","Touba, Sénégal","https://images.coinafrique.com/thumb_3434097_uploaded_image1_1636701530.jpg"
"1739061793-423","https://sn.coinafrique.com/categorie/moutons?page=5","Mouton Ladoum","https://sn.coinafrique.com/annonce/moutons/mouton-ladoum-3442590","Mouton Ladoum","Prix sur demande","Sicap Liberté, Dakar, Sénégal","https://images.coinafrique.com/thumb_5069347_uploaded_image1_1733004132.jpg"
"1739061796-424","https://sn.coinafrique.com/categorie/moutons?page=5","Couple Ladoum","https://sn.coinafrique.com/annonce/moutons/couple-ladoum-3445236","Couple Ladoum","1 700 000 CFA","Touba, Sénégal","https://images.coinafrique.com/thumb_3445236_uploaded_image1_1637317352.jpg"
"1739061798-425","https://sn.coinafrique.com/categorie/moutons?page=5","Mouton","https://sn.coinafrique.com/annonce/moutons/mouton-3446605","Mouton","300 000 CFA","Dakar, Sénégal","https://images.coinafrique.com/thumb_4773721_uploaded_image1_1717238496.jpg"
"1739061800-426","https://sn.coinafrique.com/categorie/moutons?page=5","Mouton ladoum","https://sn.coinafrique.com/annonce/moutons/mouton-ladoum-3448101","Mouton ladoum","Prix sur demande","Ouest Foire, Dakar, Sénégal","https://images.coinafrique.com/thumb_3451581_uploaded_image1_1637700430.jpg"
"1739061803-427","https://sn.coinafrique.com/categorie/moutons?page=5","Mouton","https://sn.coinafrique.com/annonce/moutons/mouton-3448105","Mouton","Prix sur demande","Ouest Foire, Dakar, Sénégal","https://images.coinafrique.com/thumb_4787368_uploaded_image1_1717940799.jpg"
"1739061805-428","https://sn.coinafrique.com/categorie/moutons?page=5","Mouton","https://sn.coinafrique.com/annonce/moutons/mouton-3448107","Mouton","Prix sur demande","Ouest Foire, Dakar, Sénégal","https://images.coinafrique.com/thumb_4787368_uploaded_image1_1717940799.jpg"
"1739061808-429","https://sn.coinafrique.com/categorie/moutons?page=5","Mouton","https://sn.coinafrique.com/annonce/moutons/mouton-3451581","Mouton","Prix sur demande","Ouest Foire, Dakar, Sénégal","https://images.coinafrique.com/thumb_4787368_uploaded_image1_1717940799.jpg"
"1739061810-430","https://sn.coinafrique.com/categorie/moutons?page=5","Mouton Ladoum","https://sn.coinafrique.com/annonce/moutons/mouton-ladoum-3454225","Mouton Ladoum","350 CFA","Dakar, Sénégal","https://images.coinafrique.com/thumb_4773721_uploaded_image1_1717238496.jpg"
"1739061813-431","https://sn.coinafrique.com/categorie/moutons?page=5","Agneau","https://sn.coinafrique.com/annonce/moutons/agneau-3454236","Agneau","100 CFA","Mbao, Dakar, Sénégal","https://images.coinafrique.com/thumb_3454236_uploaded_image1_1637855237.jpg"
"1739061815-432","https://sn.coinafrique.com/categorie/moutons?page=5","Mouton","https://sn.coinafrique.com/annonce/moutons/mouton-3454257","Mouton","250 CFA","Mbao, Dakar, Sénégal","https://images.coinafrique.com/thumb_4969224_uploaded_image1_1727728741.jpg"
"1739061818-433","https://sn.coinafrique.com/categorie/moutons?page=5","Moutons","https://sn.coinafrique.com/annonce/moutons/moutons-3456563","Moutons","50 000 CFA","Mbao, Dakar, Sénégal","https://images.coinafrique.com/thumb_4969224_uploaded_image1_1727728741.jpg"
"1739061820-434","https://sn.coinafrique.com/categorie/moutons?page=5","Moutons","https://sn.coinafrique.com/annonce/moutons/moutons-3456566","Moutons","300 CFA","Mbao, Dakar, Sénégal","https://images.coinafrique.com/thumb_4969224_uploaded_image1_1727728741.jpg"
"1739061823-435","https://sn.coinafrique.com/categorie/moutons?page=5","Moutons","https://sn.coinafrique.com/annonce/moutons/moutons-3480516","Moutons","100 000 CFA","Medina, Dakar, Sénégal","https://images.coinafrique.com/thumb_4261058_uploaded_image2_1687100799.jpeg"
"1739061825-436","https://sn.coinafrique.com/categorie/moutons?page=5","Mouton Azawate","https://sn.coinafrique.com/annonce/moutons/mouton-azawate-3486760","Mouton Azawate","350 000 CFA","Louga, Sénégal","https://images.coinafrique.com/thumb_3486760_uploaded_image1_1639660650.jpg"
"1739061828-437","https://sn.coinafrique.com/categorie/moutons?page=5","Moutons","https://sn.coinafrique.com/annonce/moutons/moutons-3496815","Moutons","200 000 CFA","Dakar, Sénégal","https://images.coinafrique.com/thumb_4773721_uploaded_image1_1717238496.jpg"
"1739061831-438","https://sn.coinafrique.com/categorie/moutons?page=5","Mouton Azawate pur sang","https://sn.coinafrique.com/annonce/moutons/mouton-azawate-pur-sang-3503706","Mouton Azawate pur sang","500 000 CFA","Dakar, Sénégal","https://images.coinafrique.com/thumb_3503706_uploaded_image1_1640971116.jpg"
"1739061833-439","https://sn.coinafrique.com/categorie/moutons?page=5","Moutons","https://sn.coinafrique.com/annonce/moutons/moutons-3515632","Moutons","150 000 CFA","Rufisque, Sénégal","https://images.coinafrique.com/thumb_5081184_uploaded_image1_1733597466.jpg"
"1739061836-440","https://sn.coinafrique.com/categorie/moutons?page=5","Moutons","https://sn.coinafrique.com/annonce/moutons/moutons-3525532","Moutons","400 000 CFA","Louga, Sénégal","https://images.coinafrique.com/thumb_4264167_uploaded_image1_1687307074.jpg"
"1739061838-441","https://sn.coinafrique.com/categorie/moutons?page=5","Femelle Ladoum","https://sn.coinafrique.com/annonce/moutons/femelle-ladoum-3526953","Femelle Ladoum","300 000 CFA","Mbao, Dakar, Sénégal","https://images.coinafrique.com/thumb_4969224_uploaded_image1_1727728741.jpg"
"1739061841-442","https://sn.coinafrique.com/categorie/moutons?page=5","Mouton ladoum","https://sn.coinafrique.com/annonce/moutons/mouton-ladoum-3527221","Mouton ladoum","600 000 CFA","Dakar, Sénégal","https://images.coinafrique.com/thumb_4773721_uploaded_image1_1717238496.jpg"
"1739061844-443","https://sn.coinafrique.com/categorie/moutons?page=5","Mouton ladoume","https://sn.coinafrique.com/annonce/moutons/mouton-ladoume-3537709","Mouton ladoume","Prix sur demande","Dieuppeul-Derklé, Dakar, Sénégal","https://images.coinafrique.com/thumb_4931367_uploaded_image1_1725633697.jpg"
"1739061846-444","https://sn.coinafrique.com/categorie/moutons?page=5","Mouton Géniteur Ladoum","https://sn.coinafrique.com/annonce/moutons/mouton-geniteur-ladoum-3543117","Mouton Géniteur Ladoum","500 000 CFA","Dakar, Sénégal","https://images.coinafrique.com/thumb_3543117_uploaded_image1_1643390803.jpg"
"1739061848-445","https://sn.coinafrique.com/categorie/moutons?page=5","Géniteur Ladoum","https://sn.coinafrique.com/annonce/moutons/geniteur-ladoum-3543142","Géniteur Ladoum","500 000 CFA","Dakar, Sénégal","https://images.coinafrique.com/thumb_4948067_uploaded_image1_1726569636.jpg"
"1739061851-446","https://sn.coinafrique.com/categorie/moutons?page=5","Femmelle métisse Ladoum","https://sn.coinafrique.com/annonce/moutons/femmelle-metisse-ladoum-3543145","Femmelle métisse Ladoum","100 000 CFA","Dakar, Sénégal","https://images.coinafrique.com/thumb_3543145_uploaded_image1_1643391739.jpg"
"1739061854-447","https://sn.coinafrique.com/categorie/moutons?page=5","Moutons","https://sn.coinafrique.com/annonce/moutons/moutons-3552558","Moutons","400 000 CFA","Sacré-Coeur, Dakar, Sénégal","https://images.coinafrique.com/thumb_4761802_uploaded_image1_1716641179.jpg"
"1739061856-448","https://sn.coinafrique.com/categorie/moutons?page=5","Mouton femelle Ladoum","https://sn.coinafrique.com/annonce/moutons/mouton-femelle-ladoum-3560816","Mouton femelle Ladoum","Prix sur demande","Thies, Sénégal","https://images.coinafrique.com/thumb_3560816_uploaded_image1_1644418375.jpg"
"1739061859-449","https://sn.coinafrique.com/categorie/moutons?page=5","Mouton femelle Ladoum","https://sn.coinafrique.com/annonce/moutons/mouton-femelle-ladoum-3566393","Mouton femelle Ladoum","300 000 CFA","Rufisque, Sénégal","https://images.coinafrique.com/thumb_5081184_uploaded_image1_1733597466.jpg"
"1739061861-450","https://sn.coinafrique.com/categorie/moutons?page=5","Mouton femelle Ladoum","https://sn.coinafrique.com/annonce/moutons/mouton-femelle-ladoum-3571469","Mouton femelle Ladoum","600 000 CFA","Dakar, Sénégal","https://images.coinafrique.com/thumb_3571469_uploaded_image1_1645100060.jpg"
"1739061863-451","https://sn.coinafrique.com/categorie/moutons?page=5","Femelles ladoum pur sang","https://sn.coinafrique.com/annonce/moutons/femelles-ladoum-pur-sang-3584679","Femelles ladoum pur sang","Prix sur demande","Dakar Plateau, Dakar, Sénégal","https://images.coinafrique.com/thumb_3584679_uploaded_image1_1645966157.jpg"
"1739061866-452","https://sn.coinafrique.com/categorie/moutons?page=5","Femelle Ladoum","https://sn.coinafrique.com/annonce/moutons/femelle-ladoum-3585311","Femelle Ladoum","Prix sur demande","Keur Massar, Sénégal","https://images.coinafrique.com/thumb_4384585_uploaded_image1_1695244150.jpg"
"1739061868-453","https://sn.coinafrique.com/categorie/moutons?page=5","Mouton mâle","https://sn.coinafrique.com/annonce/moutons/mouton-male-3586498","Mouton mâle","Prix sur demande","Keur Massar, Sénégal","https://images.coinafrique.com/thumb_4969219_uploaded_image1_1727728556.jpg"
"1739061871-454","https://sn.coinafrique.com/categorie/moutons?page=5","Mouton Ladoum","https://sn.coinafrique.com/annonce/moutons/mouton-ladoum-3587538","Mouton Ladoum","600 000 CFA","Dakar, Sénégal","https://images.coinafrique.com/thumb_4773721_uploaded_image1_1717238496.jpg"
"1739061873-455","https://sn.coinafrique.com/categorie/moutons?page=5","Mouton mâle","https://sn.coinafrique.com/annonce/moutons/mouton-male-3596103","Mouton mâle","850 000 CFA","Dakar, Sénégal","https://images.coinafrique.com/thumb_5068703_uploaded_image2_1732969442.jpeg"
"1739061876-456","https://sn.coinafrique.com/categorie/moutons?page=5","Mouton Ladoum","https://sn.coinafrique.com/annonce/moutons/mouton-ladoum-3603572","Mouton Ladoum","250 CFA","Cambérène, Dakar, Sénégal","https://images.coinafrique.com/thumb_4061084_uploaded_image1_1674422780.jpg"
"1739061878-457","https://sn.coinafrique.com/categorie/moutons?page=5","Moutons","https://sn.coinafrique.com/annonce/moutons/moutons-3607678","Moutons","110 000 CFA","Pikine, Sénégal","https://images.coinafrique.com/thumb_4465409_uploaded_image1_1700496107.jpg"
"1739061881-458","https://sn.coinafrique.com/categorie/moutons?page=5","Agnelle","https://sn.coinafrique.com/annonce/moutons/agnelle-3609506","Agnelle","Prix sur demande","Touba, Sénégal","https://images.coinafrique.com/thumb_3609506_uploaded_image1_1647347025.jpg"
"1739061883-459","https://sn.coinafrique.com/categorie/moutons?page=5","Mouton Ladoum","https://sn.coinafrique.com/annonce/moutons/mouton-ladoum-3609797","Mouton Ladoum","500 000 CFA","Rufisque, Sénégal","https://images.coinafrique.com/thumb_5081184_uploaded_image1_1733597466.jpg"
"1739061886-460","https://sn.coinafrique.com/categorie/moutons?page=5","Mouton","https://sn.coinafrique.com/annonce/moutons/mouton-3611614","Mouton","Prix sur demande","Dakar Plateau, Dakar, Sénégal","https://images.coinafrique.com/thumb_3732517_uploaded_image1_1654690342.jpg"
"1739061888-461","https://sn.coinafrique.com/categorie/moutons?page=5","Femelle Ladoum","https://sn.coinafrique.com/annonce/moutons/femelle-ladoum-3612042","Femelle Ladoum","700 000 CFA","Guédiawaye, Dakar, Sénégal","https://images.coinafrique.com/thumb_3773634_uploaded_image1_1657045364.jpg"
"1739061891-462","https://sn.coinafrique.com/categorie/moutons?page=5","Agneaux Ladoum","https://sn.coinafrique.com/annonce/moutons/agneaux-ladoum-3612958","Agneaux Ladoum","Prix sur demande","Keur Massar, Sénégal","https://images.coinafrique.com/thumb_3612958_uploaded_image1_1647531611.jpg"
"1739061893-463","https://sn.coinafrique.com/categorie/moutons?page=5","Mouton","https://sn.coinafrique.com/annonce/moutons/mouton-3639060","Mouton","70 000 CFA","Guediawaye, Dakar, Sénégal","https://images.coinafrique.com/thumb_5159269_uploaded_image1_1738163617.jpg"
"1739061896-464","https://sn.coinafrique.com/categorie/moutons?page=5","Mouton Kharr Yarr","https://sn.coinafrique.com/annonce/moutons/mouton-kharr-yarr-3644252","Mouton Kharr Yarr","58 000 CFA","Yoff, Dakar, Sénégal","https://images.coinafrique.com/thumb_3644252_uploaded_image1_1649404728.jpg"
"1739061898-465","https://sn.coinafrique.com/categorie/moutons?page=5","Femelle azawatte pur sang - agneau ladoum","https://sn.coinafrique.com/annonce/moutons/femelle-azawatte-pur-sang-agneau-ladoum-3646261","Femelle azawatte pur sang - agneau ladoum","300 CFA","Cambérène, Dakar, Sénégal","https://images.coinafrique.com/thumb_3646261_uploaded_image1_1649515763.jpg"
"1739061901-466","https://sn.coinafrique.com/categorie/moutons?page=5","Mouton Ladoum","https://sn.coinafrique.com/annonce/moutons/mouton-ladoum-3651908","Mouton Ladoum","600 000 CFA","Kaolack, Sénégal","https://images.coinafrique.com/thumb_3705520_uploaded_image1_1653135164.jpg"
"1739061903-467","https://sn.coinafrique.com/categorie/moutons?page=5","Mouton","https://sn.coinafrique.com/annonce/moutons/mouton-3652312","Mouton","280 CFA","Dakar, Sénégal","https://images.coinafrique.com/thumb_4773721_uploaded_image1_1717238496.jpg"
"1739061906-468","https://sn.coinafrique.com/categorie/moutons?page=5","Mouton Ladoum","https://sn.coinafrique.com/annonce/moutons/mouton-ladoum-3652330","Mouton Ladoum","800 000 CFA","Dakar, Sénégal","https://images.coinafrique.com/thumb_4773721_uploaded_image1_1717238496.jpg"
"1739061908-469","https://sn.coinafrique.com/categorie/moutons?page=5","Mouton","https://sn.coinafrique.com/annonce/moutons/mouton-3653521","Mouton","Prix sur demande","Diamniadio, Sénégal","https://images.coinafrique.com/thumb_4258464_uploaded_image1_1686868865.jpg"
"1739061911-470","https://sn.coinafrique.com/categorie/moutons?page=5","Mouton azawatte + agneau","https://sn.coinafrique.com/annonce/moutons/mouton-azawatte-agneau-3656187","Mouton azawatte + agneau","300 CFA","Cambérène, Dakar, Sénégal","https://images.coinafrique.com/thumb_3656187_uploaded_image1_1650082241.jpg"
"1739061913-471","https://sn.coinafrique.com/categorie/moutons?page=5","Mouton Ladoum","https://sn.coinafrique.com/annonce/moutons/mouton-ladoum-3657180","Mouton Ladoum","500 000 CFA","Mbour, Sénégal","https://images.coinafrique.com/thumb_4905476_uploaded_image1_1724281103.jpg"
"1739061916-472","https://sn.coinafrique.com/categorie/moutons?page=5","Mouton","https://sn.coinafrique.com/annonce/moutons/mouton-3660872","Mouton","300 CFA","Thies, Sénégal","https://images.coinafrique.com/thumb_4708924_uploaded_image1_1713971615.jpg"
"1739061918-473","https://sn.coinafrique.com/categorie/moutons?page=5","Mouton Azawat","https://sn.coinafrique.com/annonce/moutons/mouton-azawat-3667710","Mouton Azawat","500 000 CFA","Guediawaye, Dakar, Sénégal","https://images.coinafrique.com/thumb_4715180_uploaded_image1_1714322575.jpg"
"1739061921-474","https://sn.coinafrique.com/categorie/moutons?page=5","Mouton","https://sn.coinafrique.com/annonce/moutons/mouton-3668212","Mouton","70 000 CFA","Guediawaye, Dakar, Sénégal","https://images.coinafrique.com/thumb_5159269_uploaded_image1_1738163617.jpg"
"1739061923-475","https://sn.coinafrique.com/categorie/moutons?page=5","Mouton","https://sn.coinafrique.com/annonce/moutons/mouton-3672395","Mouton","500 CFA","Dakar, Sénégal","https://images.coinafrique.com/thumb_4773721_uploaded_image1_1717238496.jpg"
"1739061926-476","https://sn.coinafrique.com/categorie/moutons?page=5","Ladoum","https://sn.coinafrique.com/annonce/moutons/ladoum-3679572","Ladoum","800 000 CFA","Keur Massar, Sénégal","https://images.coinafrique.com/thumb_4384585_uploaded_image1_1695244150.jpg"
"1739061928-477","https://sn.coinafrique.com/categorie/moutons?page=5","Mouton","https://sn.coinafrique.com/annonce/moutons/mouton-3684289","Mouton","800 000 CFA","Keur Massar, Sénégal","https://images.coinafrique.com/thumb_4791149_uploaded_image1_1718136046.jpg"
"1739061931-478","https://sn.coinafrique.com/categorie/moutons?page=5","Femelle gastante + brebis","https://sn.coinafrique.com/annonce/moutons/femelle-gastante-brebis-3684621","Femelle gastante + brebis","800 CFA","Touba, Sénégal","https://images.coinafrique.com/thumb_3684621_uploaded_image1_1651869421.jpg"
"1739061933-479","https://sn.coinafrique.com/categorie/moutons?page=5","Ladoum","https://sn.coinafrique.com/annonce/moutons/ladoum-3686702","Ladoum","Prix sur demande","Guediawaye, Dakar, Sénégal","https://images.coinafrique.com/thumb_5114763_uploaded_image1_1735745896.jpg"
"1739061936-480","https://sn.coinafrique.com/categorie/moutons?page=5","Mouton Ladoum","https://sn.coinafrique.com/annonce/moutons/mouton-ladoum-3695055","Mouton Ladoum","1 500 000 CFA","Guediawaye, Dakar, Sénégal","https://images.coinafrique.com/thumb_5114763_uploaded_image1_1735745896.jpg"
"1739061938-481","https://sn.coinafrique.com/categorie/moutons?page=5","Femelle ladoum","https://sn.coinafrique.com/annonce/moutons/femelle-ladoum-3695058","Femelle ladoum","1 000 000 CFA","Guediawaye, Dakar, Sénégal","https://images.coinafrique.com/thumb_3695058_uploaded_image2_1652473213.jpeg"
"1739061941-482","https://sn.coinafrique.com/categorie/moutons?page=5","Femelle ladum","https://sn.coinafrique.com/annonce/moutons/femelle-ladum-3695634","Femelle ladum","175 000 CFA","Keur Massar, Sénégal","https://images.coinafrique.com/thumb_3695634_uploaded_image1_1652525152.jpg"
"1739061943-483","https://sn.coinafrique.com/categorie/moutons?page=5","Mouton Ladoum","https://sn.coinafrique.com/annonce/moutons/mouton-ladoum-3697040","Mouton Ladoum","Prix sur demande","Cambérène, Dakar, Sénégal","https://images.coinafrique.com/thumb_4061084_uploaded_image1_1674422780.jpg"
"1739061946-484","https://sn.coinafrique.com/categorie/moutons?page=5","Mouton","https://sn.coinafrique.com/annonce/moutons/mouton-3704136","Mouton","300 CFA","Dakar, Sénégal","https://images.coinafrique.com/thumb_4773721_uploaded_image1_1717238496.jpg"
"1739061948-485","https://sn.coinafrique.com/categorie/moutons?page=5","Mouton","https://sn.coinafrique.com/annonce/moutons/mouton-3704138","Mouton","375 000 CFA","Dakar, Sénégal","https://images.coinafrique.com/thumb_4773721_uploaded_image1_1717238496.jpg"
"1739061951-486","https://sn.coinafrique.com/categorie/moutons?page=5","Mouton","https://sn.coinafrique.com/annonce/moutons/mouton-3704976","Mouton","325 CFA","Dakar, Sénégal","https://images.coinafrique.com/thumb_4773721_uploaded_image1_1717238496.jpg"
"1739061953-487","https://sn.coinafrique.com/categorie/moutons?page=5","Mouton","https://sn.coinafrique.com/annonce/moutons/mouton-3705034","Mouton","180 000 CFA","Rufisque, Sénégal","https://images.coinafrique.com/thumb_3705038_uploaded_image1_1653088289.jpg"
"1739061955-488","https://sn.coinafrique.com/categorie/moutons?page=5","Mouton","https://sn.coinafrique.com/annonce/moutons/mouton-3705038","Mouton","160 000 CFA","Rufisque, Sénégal","https://images.coinafrique.com/thumb_3705038_uploaded_image1_1653088289.jpg"
"1739061958-489","https://sn.coinafrique.com/categorie/moutons?page=5","Moutons tabaski","https://sn.coinafrique.com/annonce/moutons/moutons-tabaski-3705347","Moutons tabaski","Prix sur demande","Keur Massar, Sénégal","https://images.coinafrique.com/thumb_4272920_uploaded_image1_1687908925.jpg"
"1739061960-490","https://sn.coinafrique.com/categorie/moutons?page=5","Mouton Ladoum","https://sn.coinafrique.com/annonce/moutons/mouton-ladoum-3705520","Mouton Ladoum","600 000 CFA","Kaolack, Sénégal","https://images.coinafrique.com/thumb_3705520_uploaded_image1_1653135164.jpg"
"1739061963-491","https://sn.coinafrique.com/categorie/moutons?page=5","Mouton","https://sn.coinafrique.com/annonce/moutons/mouton-3705954","Mouton","Prix sur demande","Thies, Sénégal","https://images.coinafrique.com/thumb_4708924_uploaded_image1_1713971615.jpg"
"1739061965-492","https://sn.coinafrique.com/categorie/moutons?page=5","Moutons","https://sn.coinafrique.com/annonce/moutons/moutons-3706613","Moutons","Prix sur demande","Thies, Sénégal","https://images.coinafrique.com/thumb_4708924_uploaded_image1_1713971615.jpg"
"1739061967-493","https://sn.coinafrique.com/categorie/moutons?page=5","Mouton","https://sn.coinafrique.com/annonce/moutons/mouton-3707762","Mouton","600 000 CFA","Kaolack, Sénégal","https://images.coinafrique.com/thumb_3754057_uploaded_image1_1655926556.jpg"
"1739061970-494","https://sn.coinafrique.com/categorie/moutons?page=5","Mouton","https://sn.coinafrique.com/annonce/moutons/mouton-3709012","Mouton","350 000 CFA","Mbao, Dakar, Sénégal","https://images.coinafrique.com/thumb_4969224_uploaded_image1_1727728741.jpg"
"1739061973-495","https://sn.coinafrique.com/categorie/moutons?page=5","Mouton Azawat","https://sn.coinafrique.com/annonce/moutons/mouton-azawat-3709200","Mouton Azawat","Prix sur demande","Thies, Sénégal","https://images.coinafrique.com/thumb_3721884_uploaded_image1_1654116831.jpg"
"1739061975-496","https://sn.coinafrique.com/categorie/moutons?page=5","Femelle ladoum","https://sn.coinafrique.com/annonce/moutons/femelle-ladoum-3711943","Femelle ladoum","450 000 CFA","Pikine, Sénégal","https://images.coinafrique.com/thumb_3711943_uploaded_image1_1653513923.jpg"
"1739061978-497","https://sn.coinafrique.com/categorie/moutons?page=5","Mâle Ladoum","https://sn.coinafrique.com/annonce/moutons/male-ladoum-3711949","Mâle Ladoum","575 000 CFA","Pikine, Sénégal","https://images.coinafrique.com/thumb_3940256_uploaded_image1_1667000061.jpg"
"1739061980-498","https://sn.coinafrique.com/categorie/moutons?page=5","Mouton Azawad","https://sn.coinafrique.com/annonce/moutons/mouton-azawad-3713044","Mouton Azawad","230 000 CFA","Guediawaye, Dakar, Sénégal","https://images.coinafrique.com/thumb_3713044_uploaded_image1_1653584135.jpg"
"1739061982-499","https://sn.coinafrique.com/categorie/moutons?page=5","Mouton ladoum","https://sn.coinafrique.com/annonce/moutons/mouton-ladoum-3714745","Mouton ladoum","850 000 CFA","Mbour, Sénégal","https://images.coinafrique.com/thumb_4905476_uploaded_image1_1724281103.jpg"
"1739061985-500","https://sn.coinafrique.com/categorie/moutons?page=5","Mouton ladoum","https://sn.coinafrique.com/annonce/moutons/mouton-ladoum-3714750","Mouton ladoum","850 000 CFA","Mbour, Sénégal","https://images.coinafrique.com/thumb_4905476_uploaded_image1_1724281103.jpg"
"1739061987-501","https://sn.coinafrique.com/categorie/moutons?page=5","Mouton ladoum","https://sn.coinafrique.com/annonce/moutons/mouton-ladoum-3716131","Mouton ladoum","350 000 CFA","Cambérène, Dakar, Sénégal","https://images.coinafrique.com/thumb_4061084_uploaded_image1_1674422780.jpg"
"1739061990-502","https://sn.coinafrique.com/categorie/moutons?page=5","Mouton ladoum métisse azawatte","https://sn.coinafrique.com/annonce/moutons/mouton-ladoum-metisse-azawatte-3716133","Mouton ladoum métisse azawatte","140 000 CFA","Cambérène, Dakar, Sénégal","https://images.coinafrique.com/thumb_3716133_uploaded_image1_1653817806.jpg"
"1739061992-503","https://sn.coinafrique.com/categorie/moutons?page=5","Mouton Ladoum","https://sn.coinafrique.com/annonce/moutons/mouton-ladoum-3716204","Mouton Ladoum","Prix sur demande","Cambérène, Dakar, Sénégal","https://images.coinafrique.com/thumb_4061084_uploaded_image1_1674422780.jpg"
"1739061995-504","https://sn.coinafrique.com/categorie/moutons?page=5","Moutons","https://sn.coinafrique.com/annonce/moutons/moutons-3716241","Moutons","170 000 CFA","Parcelle Assainies, Dakar, Sénégal","https://images.coinafrique.com/thumb_5144166_uploaded_image1_1737393386.jpg"
"1739062002-505","https://sn.coinafrique.com/categorie/moutons?page=4","Mouton","https://sn.coinafrique.com/annonce/moutons/mouton-3716691","Mouton","110 000 CFA","Yoff, Dakar, Sénégal","https://images.coinafrique.com/thumb_4879970_uploaded_image1_1722945913.jpg"
"1739062004-506","https://sn.coinafrique.com/categorie/moutons?page=4","Mouton","https://sn.coinafrique.com/annonce/moutons/mouton-3716695","Mouton","70 000 CFA","Yoff, Dakar, Sénégal","https://images.coinafrique.com/thumb_4879970_uploaded_image1_1722945913.jpg"
"1739062007-507","https://sn.coinafrique.com/categorie/moutons?page=4","Mouton","https://sn.coinafrique.com/annonce/moutons/mouton-3717423","Mouton","300 CFA","Dakar, Sénégal","https://images.coinafrique.com/thumb_4773721_uploaded_image1_1717238496.jpg"
"1739062009-508","https://sn.coinafrique.com/categorie/moutons?page=4","Mouton azawat","https://sn.coinafrique.com/annonce/moutons/mouton-azawat-3721884","Mouton azawat","850 000 CFA","Thies, Sénégal","https://images.coinafrique.com/thumb_3721884_uploaded_image1_1654116831.jpg"
"1739062012-509","https://sn.coinafrique.com/categorie/moutons?page=4","Mouton","https://sn.coinafrique.com/annonce/moutons/mouton-3722202","Mouton","160 000 CFA","Dakar, Sénégal","https://images.coinafrique.com/thumb_4773721_uploaded_image1_1717238496.jpg"
"1739062014-510","https://sn.coinafrique.com/categorie/moutons?page=4","Moutons","https://sn.coinafrique.com/annonce/moutons/moutons-3725800","Moutons","1 700 000 CFA","Mbour, Sénégal","https://images.coinafrique.com/thumb_4905476_uploaded_image1_1724281103.jpg"
"1739062017-511","https://sn.coinafrique.com/categorie/moutons?page=4","Mouton","https://sn.coinafrique.com/annonce/moutons/mouton-3725954","Mouton","Prix sur demande","Ouakam, Dakar, Sénégal","https://images.coinafrique.com/thumb_4255895_uploaded_image1_1686736719.jpg"
"1739062019-512","https://sn.coinafrique.com/categorie/moutons?page=4","Moutons","https://sn.coinafrique.com/annonce/moutons/moutons-3726012","Moutons","165 000 CFA","Dakar, Sénégal","https://images.coinafrique.com/thumb_4773721_uploaded_image1_1717238496.jpg"
"1739062022-513","https://sn.coinafrique.com/categorie/moutons?page=4","Mouton azawad","https://sn.coinafrique.com/annonce/moutons/mouton-azawad-3726130","Mouton azawad","275 000 CFA","Tambacounda, Sénégal","https://images.coinafrique.com/thumb_3726130_uploaded_image1_1654328145.jpg"
"1739062025-514","https://sn.coinafrique.com/categorie/moutons?page=4","Mouton","https://sn.coinafrique.com/annonce/moutons/mouton-3729435","Mouton","180 000 CFA","Rufisque, Sénégal","https://images.coinafrique.com/thumb_5081184_uploaded_image1_1733597466.jpg"
"1739062027-515","https://sn.coinafrique.com/categorie/moutons?page=4","Mouton","https://sn.coinafrique.com/annonce/moutons/mouton-3729535","Mouton","250 000 CFA","Ouakam, Dakar, Sénégal","https://images.coinafrique.com/thumb_4255895_uploaded_image1_1686736719.jpg"
"1739062029-516","https://sn.coinafrique.com/categorie/moutons?page=4","Mouton","https://sn.coinafrique.com/annonce/moutons/mouton-3729734","Mouton","250 000 CFA","Ouakam, Dakar, Sénégal","https://images.coinafrique.com/thumb_4255895_uploaded_image1_1686736719.jpg"
"1739062032-517","https://sn.coinafrique.com/categorie/moutons?page=4","Mouton","https://sn.coinafrique.com/annonce/moutons/mouton-3730353","Mouton","350 000 CFA","Dakar, Sénégal","https://images.coinafrique.com/thumb_4773721_uploaded_image1_1717238496.jpg"
"1739062034-518","https://sn.coinafrique.com/categorie/moutons?page=4","Mouton","https://sn.coinafrique.com/annonce/moutons/mouton-3730594","Mouton","Prix sur demande","Rufisque, Sénégal","https://images.coinafrique.com/thumb_5081184_uploaded_image1_1733597466.jpg"
"1739062037-519","https://sn.coinafrique.com/categorie/moutons?page=4","Mouton","https://sn.coinafrique.com/annonce/moutons/mouton-3731236","Mouton","410 000 CFA","Matam, Sénégal","https://images.coinafrique.com/thumb_4204058_uploaded_image1_1683299567.jpg"
"1739062039-520","https://sn.coinafrique.com/categorie/moutons?page=4","Moutons","https://sn.coinafrique.com/annonce/moutons/moutons-3731483","Moutons","180 000 CFA","Niaga, Sénégal","https://images.coinafrique.com/thumb_5064469_uploaded_image1_1732724549.jpg"
"1739062042-521","https://sn.coinafrique.com/categorie/moutons?page=4","Mouton","https://sn.coinafrique.com/annonce/moutons/mouton-3731518","Mouton","400 000 CFA","Rufisque, Sénégal","https://images.coinafrique.com/thumb_5081184_uploaded_image1_1733597466.jpg"
"1739062044-522","https://sn.coinafrique.com/categorie/moutons?page=4","Mouton ladoum","https://sn.coinafrique.com/annonce/moutons/mouton-ladoum-3732517","Mouton ladoum","Prix sur demande","Dakar Plateau, Dakar, Sénégal","https://images.coinafrique.com/thumb_3732517_uploaded_image1_1654690342.jpg"
"1739062047-523","https://sn.coinafrique.com/categorie/moutons?page=4","Moutons","https://sn.coinafrique.com/annonce/moutons/moutons-3732578","Moutons","225 000 CFA","Mbao, Dakar, Sénégal","https://images.coinafrique.com/thumb_4969224_uploaded_image1_1727728741.jpg"
"1739062049-524","https://sn.coinafrique.com/categorie/moutons?page=4","Moutons","https://sn.coinafrique.com/annonce/moutons/moutons-3732631","Moutons","225 000 CFA","Keur Massar, Sénégal","https://images.coinafrique.com/thumb_4791149_uploaded_image1_1718136046.jpg"
"1739062052-525","https://sn.coinafrique.com/categorie/moutons?page=4","Mouton","https://sn.coinafrique.com/annonce/moutons/mouton-3732948","Mouton","300 000 CFA","Dakar, Sénégal","https://images.coinafrique.com/thumb_4773721_uploaded_image1_1717238496.jpg"
"1739062054-526","https://sn.coinafrique.com/categorie/moutons?page=4","Mouton","https://sn.coinafrique.com/annonce/moutons/mouton-3693607","Mouton","Prix sur demande","Mermoz-Sacré Coeur, Dakar, Sénégal","https://images.coinafrique.com/thumb_4252367_uploaded_image1_1686511140.jpg"
"1739062057-527","https://sn.coinafrique.com/categorie/moutons?page=4","Mouton","https://sn.coinafrique.com/annonce/moutons/mouton-3735519","Mouton","250 000 CFA","Les Parcelles Assainies, Dakar, Sénégal","https://images.coinafrique.com/thumb_3735519_uploaded_image1_1654848015.jpg"
"1739062059-528","https://sn.coinafrique.com/categorie/moutons?page=4","Mouton","https://sn.coinafrique.com/annonce/moutons/mouton-3736702","Mouton","160 000 CFA","Dakar, Sénégal","https://images.coinafrique.com/thumb_4773721_uploaded_image1_1717238496.jpg"
"1739062062-529","https://sn.coinafrique.com/categorie/moutons?page=4","Mouton","https://sn.coinafrique.com/annonce/moutons/mouton-3741915","Mouton","Prix sur demande","Mbao, Dakar, Sénégal","https://images.coinafrique.com/thumb_4969224_uploaded_image1_1727728741.jpg"
"1739062064-530","https://sn.coinafrique.com/categorie/moutons?page=4","Femelle ladoum","https://sn.coinafrique.com/annonce/moutons/femelle-ladoum-3742313","Femelle ladoum","Prix sur demande","Grand Yoff, Dakar, Sénégal","https://images.coinafrique.com/thumb_3742313_uploaded_image1_1655230254.jpg"
"1739062068-531","https://sn.coinafrique.com/categorie/moutons?page=4","Mouton","https://sn.coinafrique.com/annonce/moutons/mouton-3742320","Mouton","300 000 CFA","Guediawaye, Dakar, Sénégal","https://images.coinafrique.com/thumb_5159269_uploaded_image1_1738163617.jpg"
"1739062070-532","https://sn.coinafrique.com/categorie/moutons?page=4","Mouton balami","https://sn.coinafrique.com/annonce/moutons/mouton-balami-3742539","Mouton balami","Prix sur demande","Pikine, Sénégal","https://images.coinafrique.com/thumb_3742539_uploaded_image1_1655239510.jpg"
"1739062073-533","https://sn.coinafrique.com/categorie/moutons?page=4","Mouton","https://sn.coinafrique.com/annonce/moutons/mouton-3742816","Mouton","900 000 CFA","Louga, Sénégal","https://images.coinafrique.com/thumb_4264167_uploaded_image1_1687307074.jpg"
"1739062075-534","https://sn.coinafrique.com/categorie/moutons?page=4","Moutons","https://sn.coinafrique.com/annonce/moutons/moutons-3743769","Moutons","170 000 CFA","Keur Massar, Sénégal","https://images.coinafrique.com/thumb_4791149_uploaded_image1_1718136046.jpg"
"1739062078-535","https://sn.coinafrique.com/categorie/moutons?page=4","Mouton","https://sn.coinafrique.com/annonce/moutons/mouton-3745653","Mouton","310 000 CFA","Mbao, Dakar, Sénégal","https://images.coinafrique.com/thumb_4969224_uploaded_image1_1727728741.jpg"
"1739062080-536","https://sn.coinafrique.com/categorie/moutons?page=4","Mouton","https://sn.coinafrique.com/annonce/moutons/mouton-3747590","Mouton","100 000 CFA","Pikine, Sénégal","https://images.coinafrique.com/thumb_3913122_uploaded_image1_1665344227.jpg"
"1739062083-537","https://sn.coinafrique.com/categorie/moutons?page=4","Femelle Ladoum","https://sn.coinafrique.com/annonce/moutons/femelle-ladoum-3748069","Femelle Ladoum","350 000 CFA","Keur Massar, Sénégal","https://images.coinafrique.com/thumb_4384585_uploaded_image1_1695244150.jpg"
"1739062086-538","https://sn.coinafrique.com/categorie/moutons?page=4","Mouton","https://sn.coinafrique.com/annonce/moutons/mouton-3748117","Mouton","200 000 CFA","Dakar, Sénégal","https://images.coinafrique.com/thumb_4773721_uploaded_image1_1717238496.jpg"
"1739062088-539","https://sn.coinafrique.com/categorie/moutons?page=4","Mouton","https://sn.coinafrique.com/annonce/moutons/mouton-3748118","Mouton","Prix sur demande","Dakar, Sénégal","https://images.coinafrique.com/thumb_4773721_uploaded_image1_1717238496.jpg"
"1739062091-540","https://sn.coinafrique.com/categorie/moutons?page=4","Mouton","https://sn.coinafrique.com/annonce/moutons/mouton-3748949","Mouton","270 000 CFA","Dakar, Sénégal","https://images.coinafrique.com/thumb_4773721_uploaded_image1_1717238496.jpg"
"1739062094-541","https://sn.coinafrique.com/categorie/moutons?page=4","Mouton","https://sn.coinafrique.com/annonce/moutons/mouton-3749119","Mouton","250 000 CFA","Guédiawaye, Dakar, Sénégal","https://images.coinafrique.com/thumb_3749119_uploaded_image1_1655641651.jpg"
"1739062096-542","https://sn.coinafrique.com/categorie/moutons?page=4","Mouton","https://sn.coinafrique.com/annonce/moutons/mouton-3749558","Mouton","Prix sur demande","Guediawaye, Dakar, Sénégal","https://images.coinafrique.com/thumb_5159269_uploaded_image1_1738163617.jpg"
"1739062099-543","https://sn.coinafrique.com/categorie/moutons?page=4","Moutons","https://sn.coinafrique.com/annonce/moutons/moutons-3749788","Moutons","Prix sur demande","Thies, Sénégal","https://images.coinafrique.com/thumb_4708924_uploaded_image1_1713971615.jpg"
"1739062101-544","https://sn.coinafrique.com/categorie/moutons?page=4","Mouton","https://sn.coinafrique.com/annonce/moutons/mouton-3750310","Mouton","120 000 CFA","Yoff, Dakar, Sénégal","https://images.coinafrique.com/thumb_4879970_uploaded_image1_1722945913.jpg"
"1739062104-545","https://sn.coinafrique.com/categorie/moutons?page=4","Mouton","https://sn.coinafrique.com/annonce/moutons/mouton-3751345","Mouton","95 000 CFA","Pikine, Sénégal","https://images.coinafrique.com/thumb_3913122_uploaded_image1_1665344227.jpg"
"1739062106-546","https://sn.coinafrique.com/categorie/moutons?page=4","Mouton","https://sn.coinafrique.com/annonce/moutons/mouton-3751377","Mouton","Prix sur demande","Guediawaye, Dakar, Sénégal","https://images.coinafrique.com/thumb_3763895_uploaded_image1_1656536029.jpg"
"1739062109-547","https://sn.coinafrique.com/categorie/moutons?page=4","Mouton","https://sn.coinafrique.com/annonce/moutons/mouton-3752267","Mouton","220 000 CFA","Pikine, Sénégal","https://images.coinafrique.com/thumb_4465409_uploaded_image1_1700496107.jpg"
"1739062111-548","https://sn.coinafrique.com/categorie/moutons?page=4","Mouton","https://sn.coinafrique.com/annonce/moutons/mouton-3752760","Mouton","300 000 CFA","Bambey, Sénégal","https://images.coinafrique.com/thumb_3752760_uploaded_image1_1655859669.jpg"
"1739062114-549","https://sn.coinafrique.com/categorie/moutons?page=4","Mouton","https://sn.coinafrique.com/annonce/moutons/mouton-3754057","Mouton","3 500 000 CFA","Kaolack, Sénégal","https://images.coinafrique.com/thumb_3754057_uploaded_image1_1655926556.jpg"
"1739062116-550","https://sn.coinafrique.com/categorie/moutons?page=4","Mouton","https://sn.coinafrique.com/annonce/moutons/mouton-3755782","Mouton","Prix sur demande","Saint Louis, Sénégal","https://images.coinafrique.com/thumb_4757844_uploaded_image1_1716459279.jpg"
"1739062119-551","https://sn.coinafrique.com/categorie/moutons?page=4","Moutons","https://sn.coinafrique.com/annonce/moutons/moutons-3756000","Moutons","Prix sur demande","Niaga, Sénégal","https://images.coinafrique.com/thumb_5064469_uploaded_image1_1732724549.jpg"
"1739062121-552","https://sn.coinafrique.com/categorie/moutons?page=4","Mouton","https://sn.coinafrique.com/annonce/moutons/mouton-3756002","Mouton","Prix sur demande","Niaga, Sénégal","https://images.coinafrique.com/thumb_5064469_uploaded_image1_1732724549.jpg"
"1739062124-553","https://sn.coinafrique.com/categorie/moutons?page=4","Mouton ladoum","https://sn.coinafrique.com/annonce/moutons/mouton-ladoum-3757329","Mouton ladoum","700 000 CFA","Mbour, Sénégal","https://images.coinafrique.com/thumb_4905476_uploaded_image1_1724281103.jpg"
"1739062126-554","https://sn.coinafrique.com/categorie/moutons?page=4","Mouton","https://sn.coinafrique.com/annonce/moutons/mouton-3757545","Mouton","120 000 CFA","Saint Louis, Sénégal","https://images.coinafrique.com/thumb_4757844_uploaded_image1_1716459279.jpg"
"1739062128-555","https://sn.coinafrique.com/categorie/moutons?page=4","Mouton","https://sn.coinafrique.com/annonce/moutons/mouton-3757550","Mouton","195 000 CFA","Saint Louis, Sénégal","https://images.coinafrique.com/thumb_4757844_uploaded_image1_1716459279.jpg"
"1739062131-556","https://sn.coinafrique.com/categorie/moutons?page=4","Moutons","https://sn.coinafrique.com/annonce/moutons/moutons-3757730","Moutons","130 000 CFA","Saint Louis, Sénégal","https://images.coinafrique.com/thumb_4757844_uploaded_image1_1716459279.jpg"
"1739062133-557","https://sn.coinafrique.com/categorie/moutons?page=4","Mouton","https://sn.coinafrique.com/annonce/moutons/mouton-3757978","Mouton","300 000 CFA","Guediawaye, Dakar, Sénégal","https://images.coinafrique.com/thumb_5159269_uploaded_image1_1738163617.jpg"
"1739062136-558","https://sn.coinafrique.com/categorie/moutons?page=4","Mouton","https://sn.coinafrique.com/annonce/moutons/mouton-3758138","Mouton","145 000 CFA","Saint Louis, Sénégal","https://images.coinafrique.com/thumb_4757844_uploaded_image1_1716459279.jpg"
"1739062138-559","https://sn.coinafrique.com/categorie/moutons?page=4","Mouton","https://sn.coinafrique.com/annonce/moutons/mouton-3758372","Mouton","170 000 CFA","Saint Louis, Sénégal","https://images.coinafrique.com/thumb_4757844_uploaded_image1_1716459279.jpg"
"1739062141-560","https://sn.coinafrique.com/categorie/moutons?page=4","Mouton","https://sn.coinafrique.com/annonce/moutons/mouton-3758961","Mouton","300 000 CFA","Diourbel, Sénégal","https://images.coinafrique.com/thumb_4748231_uploaded_image1_1715934057.jpg"
"1739062143-561","https://sn.coinafrique.com/categorie/moutons?page=4","Mouton","https://sn.coinafrique.com/annonce/moutons/mouton-3759500","Mouton","110 000 CFA","Dakar, Sénégal","https://images.coinafrique.com/thumb_4773721_uploaded_image1_1717238496.jpg"
"1739062146-562","https://sn.coinafrique.com/categorie/moutons?page=4","Mouton","https://sn.coinafrique.com/annonce/moutons/mouton-3759509","Mouton","150 000 CFA","Rufisque, Sénégal","https://images.coinafrique.com/thumb_5081184_uploaded_image1_1733597466.jpg"
"1739062148-563","https://sn.coinafrique.com/categorie/moutons?page=4","Mouton","https://sn.coinafrique.com/annonce/moutons/mouton-3760758","Mouton","Prix sur demande","Mermoz-Sacré Coeur, Dakar, Sénégal","https://images.coinafrique.com/thumb_4252367_uploaded_image1_1686511140.jpg"
"1739062151-564","https://sn.coinafrique.com/categorie/moutons?page=4","Mouton xar","https://sn.coinafrique.com/annonce/moutons/mouton-xar-3761377","Mouton xar","235 000 CFA","Dakar, Sénégal","https://images.coinafrique.com/thumb_3761377_uploaded_image1_1656376286.jpg"
"1739062153-565","https://sn.coinafrique.com/categorie/moutons?page=4","Moutons","https://sn.coinafrique.com/annonce/moutons/moutons-3761486","Moutons","Prix sur demande","Mbao, Dakar, Sénégal","https://images.coinafrique.com/thumb_4969224_uploaded_image1_1727728741.jpg"
"1739062156-566","https://sn.coinafrique.com/categorie/moutons?page=4","Mouton","https://sn.coinafrique.com/annonce/moutons/mouton-3761609","Mouton","110 000 CFA","Dakar, Sénégal","https://images.coinafrique.com/thumb_4773721_uploaded_image1_1717238496.jpg"
"1739062158-567","https://sn.coinafrique.com/categorie/moutons?page=4","Moutons","https://sn.coinafrique.com/annonce/moutons/moutons-3762005","Moutons","350 000 CFA","Saint Louis, Sénégal","https://images.coinafrique.com/thumb_4757844_uploaded_image1_1716459279.jpg"
"1739062161-568","https://sn.coinafrique.com/categorie/moutons?page=4","Mouton","https://sn.coinafrique.com/annonce/moutons/mouton-3763032","Mouton","250 000 CFA","Dakar, Sénégal","https://images.coinafrique.com/thumb_4773721_uploaded_image1_1717238496.jpg"
"1739062163-569","https://sn.coinafrique.com/categorie/moutons?page=4","Mouton ladoum","https://sn.coinafrique.com/annonce/moutons/mouton-ladoum-3763242","Mouton ladoum","900 CFA","Keur Massar, Sénégal","https://images.coinafrique.com/thumb_4290166_uploaded_image1_1689087261.jpg"
"1739062166-570","https://sn.coinafrique.com/categorie/moutons?page=4","Mouton","https://sn.coinafrique.com/annonce/moutons/mouton-3763572","Mouton","Prix sur demande","Guediawaye, Dakar, Sénégal","https://images.coinafrique.com/thumb_3763895_uploaded_image1_1656536029.jpg"
"1739062168-571","https://sn.coinafrique.com/categorie/moutons?page=4","Mouton","https://sn.coinafrique.com/annonce/moutons/mouton-3763895","Mouton","Prix sur demande","Guediawaye, Dakar, Sénégal","https://images.coinafrique.com/thumb_3763895_uploaded_image1_1656536029.jpg"
"1739062170-572","https://sn.coinafrique.com/categorie/moutons?page=4","Mouton","https://sn.coinafrique.com/annonce/moutons/mouton-3766973","Mouton","95 000 CFA","Pikine, Sénégal","https://images.coinafrique.com/thumb_3913122_uploaded_image1_1665344227.jpg"
"1739062173-573","https://sn.coinafrique.com/categorie/moutons?page=4","Mouton","https://sn.coinafrique.com/annonce/moutons/mouton-3767182","Mouton","Prix sur demande","Biscuiterie, Dakar, Sénégal","https://images.coinafrique.com/thumb_5164450_uploaded_image1_1738427830.jpg"
"1739062175-574","https://sn.coinafrique.com/categorie/moutons?page=4","Mouton","https://sn.coinafrique.com/annonce/moutons/mouton-3768066","Mouton","450 000 CFA","Thies, Sénégal","https://images.coinafrique.com/thumb_4708924_uploaded_image1_1713971615.jpg"
"1739062178-575","https://sn.coinafrique.com/categorie/moutons?page=4","Mouton","https://sn.coinafrique.com/annonce/moutons/mouton-3768092","Mouton","Prix sur demande","Mbao, Dakar, Sénégal","https://images.coinafrique.com/thumb_4969224_uploaded_image1_1727728741.jpg"
"1739062180-576","https://sn.coinafrique.com/categorie/moutons?page=4","Mouton","https://sn.coinafrique.com/annonce/moutons/mouton-3769060","Mouton","170 000 CFA","Pikine, Sénégal","https://images.coinafrique.com/thumb_3913122_uploaded_image1_1665344227.jpg"
"1739062183-577","https://sn.coinafrique.com/categorie/moutons?page=4","Mouton","https://sn.coinafrique.com/annonce/moutons/mouton-3769737","Mouton","145 000 CFA","Saint Louis, Sénégal","https://images.coinafrique.com/thumb_4757844_uploaded_image1_1716459279.jpg"
"1739062185-578","https://sn.coinafrique.com/categorie/moutons?page=4","Mouton","https://sn.coinafrique.com/annonce/moutons/mouton-3770132","Mouton","150 000 CFA","Pikine, Sénégal","https://images.coinafrique.com/thumb_3913122_uploaded_image1_1665344227.jpg"
"1739062188-579","https://sn.coinafrique.com/categorie/moutons?page=4","Moutons","https://sn.coinafrique.com/annonce/moutons/moutons-3770153","Moutons","180 000 CFA","Keur Massar, Sénégal","https://images.coinafrique.com/thumb_4791149_uploaded_image1_1718136046.jpg"
"1739062190-580","https://sn.coinafrique.com/categorie/moutons?page=4","Moutons","https://sn.coinafrique.com/annonce/moutons/moutons-3771973","Moutons","250 000 CFA","Keur Massar, Sénégal","https://images.coinafrique.com/thumb_4791149_uploaded_image1_1718136046.jpg"
"1739062193-581","https://sn.coinafrique.com/categorie/moutons?page=4","Mouton","https://sn.coinafrique.com/annonce/moutons/mouton-3772508","Mouton","165 000 CFA","Pikine, Sénégal","https://images.coinafrique.com/thumb_3913122_uploaded_image1_1665344227.jpg"
"1739062195-582","https://sn.coinafrique.com/categorie/moutons?page=4","Mouton","https://sn.coinafrique.com/annonce/moutons/mouton-3772510","Mouton","165 000 CFA","Pikine, Sénégal","https://images.coinafrique.com/thumb_3913122_uploaded_image1_1665344227.jpg"
"1739062198-583","https://sn.coinafrique.com/categorie/moutons?page=4","Femelle ladoum","https://sn.coinafrique.com/annonce/moutons/femelle-ladoum-3773634","Femelle ladoum","500 000 CFA","Guédiawaye, Yeumbeul, Sénégal","https://images.coinafrique.com/thumb_3773634_uploaded_image1_1657045364.jpg"
"1739062200-584","https://sn.coinafrique.com/categorie/moutons?page=4","Mouton","https://sn.coinafrique.com/annonce/moutons/mouton-3773998","Mouton","Prix sur demande","Parcelle Assainies, Dakar, Sénégal","https://images.coinafrique.com/thumb_5144166_uploaded_image1_1737393386.jpg"
"1739062203-585","https://sn.coinafrique.com/categorie/moutons?page=4","Jeune male ladoum","https://sn.coinafrique.com/annonce/moutons/jeune-male-ladoum-3774954","Jeune male ladoum","600 000 CFA","Guédiawaye, Yeumbeul, Sénégal","https://images.coinafrique.com/thumb_3774954_uploaded_image1_1657120709.jpg"
"1739062206-586","https://sn.coinafrique.com/categorie/moutons?page=4","Mouton","https://sn.coinafrique.com/annonce/moutons/mouton-3775053","Mouton","200 000 CFA","Dakar, Sénégal","https://images.coinafrique.com/thumb_4773721_uploaded_image1_1717238496.jpg"
"1739062209-587","https://sn.coinafrique.com/categorie/moutons?page=4","Mouton","https://sn.coinafrique.com/annonce/moutons/mouton-3775626","Mouton","245 000 CFA","HLM, Dakar, Sénégal","https://images.coinafrique.com/thumb_4127293_uploaded_image1_1678381991.jpg"
"1739062214-588","https://sn.coinafrique.com/categorie/moutons?page=4","Moutons","https://sn.coinafrique.com/annonce/moutons/moutons-3778560","Moutons","100 000 CFA","Mermoz-Sacré Coeur, Dakar, Sénégal","https://images.coinafrique.com/thumb_4252367_uploaded_image1_1686511140.jpg"
"1739062220-589","https://sn.coinafrique.com/categorie/moutons?page=3","Mouton","https://sn.coinafrique.com/annonce/moutons/mouton-3789649","Mouton","265 000 CFA","Guediawaye, Dakar, Sénégal","https://images.coinafrique.com/thumb_5159269_uploaded_image1_1738163617.jpg"
"1739062223-590","https://sn.coinafrique.com/categorie/moutons?page=3","Mouton","https://sn.coinafrique.com/annonce/moutons/mouton-3792885","Mouton","450 000 CFA","Sicap Liberté, Dakar, Sénégal","https://images.coinafrique.com/thumb_5069347_uploaded_image1_1733004132.jpg"
"1739062226-591","https://sn.coinafrique.com/categorie/moutons?page=3","Mouton","https://sn.coinafrique.com/annonce/moutons/mouton-3798119","Mouton","Prix sur demande","Niaga, Sénégal","https://images.coinafrique.com/thumb_5064469_uploaded_image1_1732724549.jpg"
"1739062228-592","https://sn.coinafrique.com/categorie/moutons?page=3","Mouton ladoum","https://sn.coinafrique.com/annonce/moutons/mouton-ladoum-3803984","Mouton ladoum","600 000 CFA","Saint Louis, Sénégal","https://images.coinafrique.com/thumb_3803984_uploaded_image1_1659036854.jpg"
"1739062230-593","https://sn.coinafrique.com/categorie/moutons?page=3","Moutons tabaski","https://sn.coinafrique.com/annonce/moutons/moutons-tabaski-3770483","Moutons tabaski","175 000 CFA","Keur Massar, Sénégal","https://images.coinafrique.com/thumb_4272920_uploaded_image1_1687908925.jpg"
"1739062234-594","https://sn.coinafrique.com/categorie/moutons?page=3","Moutons tabaski","https://sn.coinafrique.com/annonce/moutons/moutons-tabaski-3770553","Moutons tabaski","250 000 CFA","Dakar, Sénégal","https://images.coinafrique.com/thumb_4735916_uploaded_image1_1715324820.jpg"
"1739062237-595","https://sn.coinafrique.com/categorie/moutons?page=3","Moutons","https://sn.coinafrique.com/annonce/moutons/moutons-3772753","Moutons","325 000 CFA","Dakar, Sénégal","https://images.coinafrique.com/thumb_4773721_uploaded_image1_1717238496.jpg"
"1739062239-596","https://sn.coinafrique.com/categorie/moutons?page=3","Moutons","https://sn.coinafrique.com/annonce/moutons/moutons-3829183","Moutons","Prix sur demande","Mermoz-Sacré Coeur, Dakar, Sénégal","https://images.coinafrique.com/thumb_4252367_uploaded_image1_1686511140.jpg"
"1739062241-597","https://sn.coinafrique.com/categorie/moutons?page=3","Femelle Ladoum","https://sn.coinafrique.com/annonce/moutons/femelle-ladoum-3831016","Femelle Ladoum","900 000 CFA","Ouest Foire, Dakar, Sénégal","https://images.coinafrique.com/thumb_3831016_uploaded_image1_1660570081.jpg"
"1739062244-598","https://sn.coinafrique.com/categorie/moutons?page=3","Mouton Ladoum","https://sn.coinafrique.com/annonce/moutons/mouton-ladoum-3838007","Mouton Ladoum","950 CFA","Louga, Sénégal","https://images.coinafrique.com/thumb_4198188_uploaded_image1_1683021884.jpg"
"1739062247-599","https://sn.coinafrique.com/categorie/moutons?page=3","Mouton","https://sn.coinafrique.com/annonce/moutons/mouton-3848065","Mouton","800 000 CFA","Thies, Sénégal","https://images.coinafrique.com/thumb_4708924_uploaded_image1_1713971615.jpg"
"1739062249-600","https://sn.coinafrique.com/categorie/moutons?page=3","Mouton Ladoum","https://sn.coinafrique.com/annonce/moutons/mouton-ladoum-3848108","Mouton Ladoum","500 000 CFA","Mariste, Dakar, Sénégal","https://images.coinafrique.com/thumb_4266947_uploaded_image1_1687456034.jpg"
"1739062252-601","https://sn.coinafrique.com/categorie/moutons?page=3","Mouton Ladoum","https://sn.coinafrique.com/annonce/moutons/mouton-ladoum-3848488","Mouton Ladoum","800 000 CFA","Mariste, Dakar, Sénégal","https://images.coinafrique.com/thumb_4266947_uploaded_image1_1687456034.jpg"
"1739062254-602","https://sn.coinafrique.com/categorie/moutons?page=3","Mouton","https://sn.coinafrique.com/annonce/moutons/mouton-3859898","Mouton","67 000 CFA","Pikine, Sénégal","https://images.coinafrique.com/thumb_3913122_uploaded_image1_1665344227.jpg"
"1739062257-603","https://sn.coinafrique.com/categorie/moutons?page=3","Mouton","https://sn.coinafrique.com/annonce/moutons/mouton-3861555","Mouton","375 CFA","Keur Massar, Sénégal","https://images.coinafrique.com/thumb_4791149_uploaded_image1_1718136046.jpg"
"1739062259-604","https://sn.coinafrique.com/categorie/moutons?page=3","Mouton femelle","https://sn.coinafrique.com/annonce/moutons/mouton-femelle-3861563","Mouton femelle","130 CFA","Keur Massar, Sénégal","https://images.coinafrique.com/thumb_4286897_uploaded_image1_1688846757.jpg"
"1739062262-605","https://sn.coinafrique.com/categorie/moutons?page=3","Femelle demi sang","https://sn.coinafrique.com/annonce/moutons/femelle-demi-sang-3868827","Femelle demi sang","Prix sur demande","Mermoz-Sacré Coeur, Dakar, Sénégal","https://images.coinafrique.com/thumb_3880622_uploaded_image1_1663343833.jpg"
"1739062264-606","https://sn.coinafrique.com/categorie/moutons?page=3","Femelle Demi Sang Ladoum","https://sn.coinafrique.com/annonce/moutons/femelle-demi-sang-ladoum-3880622","Femelle Demi Sang Ladoum","Prix sur demande","Mermoz-Sacré Coeur, Dakar, Sénégal","https://images.coinafrique.com/thumb_3880622_uploaded_image1_1663343833.jpg"
"1739062266-607","https://sn.coinafrique.com/categorie/moutons?page=3","Mouton","https://sn.coinafrique.com/annonce/moutons/mouton-3882575","Mouton","350 CFA","Pikine, Sénégal","https://images.coinafrique.com/thumb_4465409_uploaded_image1_1700496107.jpg"
"1739062269-608","https://sn.coinafrique.com/categorie/moutons?page=3","Moutons","https://sn.coinafrique.com/annonce/moutons/moutons-3899557","Moutons","150 CFA","Guediawaye, Dakar, Sénégal","https://images.coinafrique.com/thumb_5159269_uploaded_image1_1738163617.jpg"
"1739062271-609","https://sn.coinafrique.com/categorie/moutons?page=3","Mouton","https://sn.coinafrique.com/annonce/moutons/mouton-3909426","Mouton","75 000 CFA","Pikine, Sénégal","https://images.coinafrique.com/thumb_3913122_uploaded_image1_1665344227.jpg"
"1739062274-610","https://sn.coinafrique.com/categorie/moutons?page=3","Moutons Jumeaux ladoums","https://sn.coinafrique.com/annonce/moutons/moutons-jumeaux-ladoums-3911094","Moutons Jumeaux ladoums","600 000 CFA","Niaga, Sénégal","https://images.coinafrique.com/thumb_3911094_uploaded_image1_1665186116.jpg"
"1739062276-611","https://sn.coinafrique.com/categorie/moutons?page=3","Mouton","https://sn.coinafrique.com/annonce/moutons/mouton-3913122","Mouton","Prix sur demande","Pikine, Sénégal","https://images.coinafrique.com/thumb_3913122_uploaded_image1_1665344227.jpg"
"1739062279-612","https://sn.coinafrique.com/categorie/moutons?page=3","Moutons","https://sn.coinafrique.com/annonce/moutons/moutons-3916727","Moutons","150 000 CFA","Mbour, Sénégal","https://images.coinafrique.com/thumb_4905476_uploaded_image1_1724281103.jpg"
"1739062287-613","https://sn.coinafrique.com/categorie/moutons?page=3","Mouton Ladoum","https://sn.coinafrique.com/annonce/moutons/mouton-ladoum-3925403","Mouton Ladoum","Prix sur demande","Dakar, Sénégal","https://images.coinafrique.com/thumb_4773721_uploaded_image1_1717238496.jpg"
"1739062291-614","https://sn.coinafrique.com/categorie/moutons?page=3","Mouton","https://sn.coinafrique.com/annonce/moutons/mouton-3926191","Mouton","8 000 000 CFA","Dakar, Sénégal","https://images.coinafrique.com/thumb_4773721_uploaded_image1_1717238496.jpg"
"1739062294-615","https://sn.coinafrique.com/categorie/moutons?page=3","Mouton","https://sn.coinafrique.com/annonce/moutons/mouton-3934498","Mouton","150 000 CFA","Guediawaye, Dakar, Sénégal","https://images.coinafrique.com/thumb_5159269_uploaded_image1_1738163617.jpg"
"1739062296-616","https://sn.coinafrique.com/categorie/moutons?page=3","Mouton ladoum","https://sn.coinafrique.com/annonce/moutons/mouton-ladoum-3899374","Mouton ladoum","1 200 000 CFA","Dakar, Sénégal","https://images.coinafrique.com/thumb_4773721_uploaded_image1_1717238496.jpg"
"1739062299-617","https://sn.coinafrique.com/categorie/moutons?page=3","Mouton","https://sn.coinafrique.com/annonce/moutons/mouton-3936799","Mouton","150 000 CFA","Guediawaye, Dakar, Sénégal","https://images.coinafrique.com/thumb_5159269_uploaded_image1_1738163617.jpg"
"1739062301-618","https://sn.coinafrique.com/categorie/moutons?page=3","Bélier","https://sn.coinafrique.com/annonce/moutons/belier-3936807","Bélier","150 000 CFA","Guediawaye, Dakar, Sénégal","https://images.coinafrique.com/thumb_4788927_uploaded_image1_1718028874.jpg"
"1739062304-619","https://sn.coinafrique.com/categorie/moutons?page=3","Mouton Ladoum","https://sn.coinafrique.com/annonce/moutons/mouton-ladoum-3940256","Mouton Ladoum","800 000 CFA","Guediawaye, Dakar, Sénégal","https://images.coinafrique.com/thumb_5114763_uploaded_image1_1735745896.jpg"
"1739062306-620","https://sn.coinafrique.com/categorie/moutons?page=3","Mouton","https://sn.coinafrique.com/annonce/moutons/mouton-3940258","Mouton","375 000 CFA","Guediawaye, Dakar, Sénégal","https://images.coinafrique.com/thumb_5159269_uploaded_image1_1738163617.jpg"
"1739062309-621","https://sn.coinafrique.com/categorie/moutons?page=3","Mouton Ladoum","https://sn.coinafrique.com/annonce/moutons/mouton-ladoum-3973513","Mouton Ladoum","Prix sur demande","Yoff, Dakar, Sénégal","https://images.coinafrique.com/thumb_3973521_uploaded_image1_1668978922.jpg"
"1739062311-622","https://sn.coinafrique.com/categorie/moutons?page=3","Mouton Ladoum","https://sn.coinafrique.com/annonce/moutons/mouton-ladoum-3973521","Mouton Ladoum","Prix sur demande","Yoff, Dakar, Sénégal","https://images.coinafrique.com/thumb_3973521_uploaded_image1_1668978922.jpg"
"1739062313-623","https://sn.coinafrique.com/categorie/moutons?page=3","Mouton","https://sn.coinafrique.com/annonce/moutons/mouton-3974793","Mouton","130 000 CFA","Ouest Foire, Dakar, Sénégal","https://images.coinafrique.com/thumb_4787368_uploaded_image1_1717940799.jpg"
"1739062316-624","https://sn.coinafrique.com/categorie/moutons?page=3","Mouton","https://sn.coinafrique.com/annonce/moutons/mouton-3978496","Mouton","115 000 CFA","Mbao, Dakar, Sénégal","https://images.coinafrique.com/thumb_4969224_uploaded_image1_1727728741.jpg"
"1739062318-625","https://sn.coinafrique.com/categorie/moutons?page=3","Mouton","https://sn.coinafrique.com/annonce/moutons/mouton-4009060","Mouton","200 000 CFA","Guediawaye, Dakar, Sénégal","https://images.coinafrique.com/thumb_5159269_uploaded_image1_1738163617.jpg"
"1739062321-626","https://sn.coinafrique.com/categorie/moutons?page=3","Mouton","https://sn.coinafrique.com/annonce/moutons/mouton-4009435","Mouton","350 000 CFA","Sicap Liberté, Dakar, Sénégal","https://images.coinafrique.com/thumb_5069347_uploaded_image1_1733004132.jpg"
"1739062326-627","https://sn.coinafrique.com/categorie/moutons?page=3","Mouton","https://sn.coinafrique.com/annonce/moutons/mouton-4012817","Mouton","120 000 CFA","Dakar, Sénégal","https://images.coinafrique.com/thumb_4773721_uploaded_image1_1717238496.jpg"
"1739062328-628","https://sn.coinafrique.com/categorie/moutons?page=3","Mouton","https://sn.coinafrique.com/annonce/moutons/mouton-4014306","Mouton","385 000 CFA","Mbao, Dakar, Sénégal","https://images.coinafrique.com/thumb_4969224_uploaded_image1_1727728741.jpg"
"1739062331-629","https://sn.coinafrique.com/categorie/moutons?page=3","Mouton","https://sn.coinafrique.com/annonce/moutons/mouton-4029736","Mouton","Prix sur demande","Yoff, Dakar, Sénégal","https://images.coinafrique.com/thumb_4879970_uploaded_image1_1722945913.jpg"
"1739062334-630","https://sn.coinafrique.com/categorie/moutons?page=3","Mouton","https://sn.coinafrique.com/annonce/moutons/mouton-4029738","Mouton","Prix sur demande","Yoff, Dakar, Sénégal","https://images.coinafrique.com/thumb_4879970_uploaded_image1_1722945913.jpg"
"1739062337-631","https://sn.coinafrique.com/categorie/moutons?page=3","Mouton","https://sn.coinafrique.com/annonce/moutons/mouton-4029740","Mouton","Prix sur demande","Yoff, Dakar, Sénégal","https://images.coinafrique.com/thumb_4879970_uploaded_image1_1722945913.jpg"
"1739062339-632","https://sn.coinafrique.com/categorie/moutons?page=3","Mouton","https://sn.coinafrique.com/annonce/moutons/mouton-4030108","Mouton","350 000 CFA","Thies, Sénégal","https://images.coinafrique.com/thumb_4708924_uploaded_image1_1713971615.jpg"
"1739062342-633","https://sn.coinafrique.com/categorie/moutons?page=3","Mouton ladoum","https://sn.coinafrique.com/annonce/moutons/mouton-ladoum-4034404","Mouton ladoum","425 000 CFA","Niaga, Sénégal","https://images.coinafrique.com/thumb_4034404_uploaded_image1_1672852719.jpg"
"1739062344-634","https://sn.coinafrique.com/categorie/moutons?page=3","Moutons","https://sn.coinafrique.com/annonce/moutons/moutons-4042194","Moutons","200 000 CFA","Guediawaye, Dakar, Sénégal","https://images.coinafrique.com/thumb_5159269_uploaded_image1_1738163617.jpg"
"1739062347-635","https://sn.coinafrique.com/categorie/moutons?page=3","Brebis","https://sn.coinafrique.com/annonce/moutons/brebis-4043309","Brebis","125 000 CFA","Guediawaye, Dakar, Sénégal","https://images.coinafrique.com/thumb_4324447_uploaded_image1_1691332476.jpg"
"1739062349-636","https://sn.coinafrique.com/categorie/moutons?page=3","Mouton ladoum","https://sn.coinafrique.com/annonce/moutons/mouton-ladoum-4045097","Mouton ladoum","Prix sur demande","Keur Massar, Sénégal","https://images.coinafrique.com/thumb_4290166_uploaded_image1_1689087261.jpg"
"1739062352-637","https://sn.coinafrique.com/categorie/moutons?page=3","Mouton","https://sn.coinafrique.com/annonce/moutons/mouton-4045236","Mouton","90 000 CFA","Guediawaye, Dakar, Sénégal","https://images.coinafrique.com/thumb_5159269_uploaded_image1_1738163617.jpg"
"1739062354-638","https://sn.coinafrique.com/categorie/moutons?page=3","Mouton Ladoum","https://sn.coinafrique.com/annonce/moutons/mouton-ladoum-4055594","Mouton Ladoum","300 000 CFA","Diourbel, Sénégal","https://images.coinafrique.com/thumb_4055616_uploaded_image1_1674061476.jpg"
"1739062357-639","https://sn.coinafrique.com/categorie/moutons?page=3","Mouton ladoum","https://sn.coinafrique.com/annonce/moutons/mouton-ladoum-4055616","Mouton ladoum","300 000 CFA","Diourbel, Sénégal","https://images.coinafrique.com/thumb_4055616_uploaded_image1_1674061476.jpg"
"1739062359-640","https://sn.coinafrique.com/categorie/moutons?page=3","Mouton  agnelle","https://sn.coinafrique.com/annonce/moutons/mouton-agnelle-4060011","Mouton  agnelle","350 000 CFA","Dakar, Sénégal","https://images.coinafrique.com/thumb_4060011_uploaded_image1_1674334569.jpg"
"1739062362-641","https://sn.coinafrique.com/categorie/moutons?page=3","Mouton femelle Ladoum","https://sn.coinafrique.com/annonce/moutons/mouton-femelle-ladoum-4061067","Mouton femelle Ladoum","Prix sur demande","Cambérène, Dakar, Sénégal","https://images.coinafrique.com/thumb_4061084_uploaded_image1_1674422780.jpg"
"1739062364-642","https://sn.coinafrique.com/categorie/moutons?page=3","Mouton ladoum","https://sn.coinafrique.com/annonce/moutons/mouton-ladoum-4061084","Mouton ladoum","Prix sur demande","Cambérène, Dakar, Sénégal","https://images.coinafrique.com/thumb_4061084_uploaded_image1_1674422780.jpg"
"1739062367-643","https://sn.coinafrique.com/categorie/moutons?page=3","Moutons","https://sn.coinafrique.com/annonce/moutons/moutons-4067794","Moutons","130 000 CFA","Pikine, Sénégal","https://images.coinafrique.com/thumb_4465409_uploaded_image1_1700496107.jpg"
"1739062369-644","https://sn.coinafrique.com/categorie/moutons?page=3","Moutons","https://sn.coinafrique.com/annonce/moutons/moutons-4069918","Moutons","120 000 CFA","Pikine, Sénégal","https://images.coinafrique.com/thumb_4465409_uploaded_image1_1700496107.jpg"
"1739062372-645","https://sn.coinafrique.com/categorie/moutons?page=3","Moutons","https://sn.coinafrique.com/annonce/moutons/moutons-4095794","Moutons","Prix sur demande","Keur Massar, Sénégal","https://images.coinafrique.com/thumb_4791149_uploaded_image1_1718136046.jpg"
"1739062374-646","https://sn.coinafrique.com/categorie/moutons?page=3","Moutons","https://sn.coinafrique.com/annonce/moutons/moutons-4100015","Moutons","150 000 CFA","Parcelle Assainies, Dakar, Sénégal","https://images.coinafrique.com/thumb_5144166_uploaded_image1_1737393386.jpg"
"1739062376-647","https://sn.coinafrique.com/categorie/moutons?page=3","Mouton","https://sn.coinafrique.com/annonce/moutons/mouton-4114620","Mouton","250 000 CFA","Niaga, Sénégal","https://images.coinafrique.com/thumb_5064469_uploaded_image1_1732724549.jpg"
"1739062379-648","https://sn.coinafrique.com/categorie/moutons?page=3","Agnelle Ladoum","https://sn.coinafrique.com/annonce/moutons/agnelle-ladoum-4124306","Agnelle Ladoum","125 000 CFA","Mermoz-Sacré Coeur, Dakar, Sénégal","https://images.coinafrique.com/thumb_4141471_uploaded_image1_1679321283.jpg"
"1739062381-649","https://sn.coinafrique.com/categorie/moutons?page=3","Mouton femelle Ladoum","https://sn.coinafrique.com/annonce/moutons/mouton-femelle-ladoum-4127293","Mouton femelle Ladoum","400 000 CFA","HLM, Dakar, Sénégal","https://images.coinafrique.com/thumb_4127293_uploaded_image1_1678381991.jpg"
"1739062384-650","https://sn.coinafrique.com/categorie/moutons?page=3","Brebis","https://sn.coinafrique.com/annonce/moutons/brebis-4141471","Brebis","110 000 CFA","Mermoz-Sacré Coeur, Dakar, Sénégal","https://images.coinafrique.com/thumb_4175237_uploaded_image1_1681390037.jpg"
"1739062386-651","https://sn.coinafrique.com/categorie/moutons?page=3","Mouton ladoum","https://sn.coinafrique.com/annonce/moutons/mouton-ladoum-4143070","Mouton ladoum","500 000 CFA","Parcelle Assainies, Dakar, Sénégal","https://images.coinafrique.com/thumb_5144166_uploaded_image1_1737393386.jpg"
"1739062389-652","https://sn.coinafrique.com/categorie/moutons?page=3","Mouton Ladoum Azawatt","https://sn.coinafrique.com/annonce/moutons/mouton-ladoum-azawatt-4150287","Mouton Ladoum Azawatt","400 000 CFA","Grand Dakar, Dakar, Sénégal","https://images.coinafrique.com/thumb_4150287_uploaded_image1_1679880266.jpg"
"1739062392-653","https://sn.coinafrique.com/categorie/moutons?page=3","Mouton ladoum","https://sn.coinafrique.com/annonce/moutons/mouton-ladoum-4150306","Mouton ladoum","500 000 CFA","Grand Dakar, Dakar, Sénégal","https://images.coinafrique.com/thumb_4150306_uploaded_image1_1679880896.jpg"
"1739062395-654","https://sn.coinafrique.com/categorie/moutons?page=3","Mouton ladoum","https://sn.coinafrique.com/annonce/moutons/mouton-ladoum-4152006","Mouton ladoum","600 000 CFA","Louga, Sénégal","https://images.coinafrique.com/thumb_4198188_uploaded_image1_1683021884.jpg"
"1739062398-655","https://sn.coinafrique.com/categorie/moutons?page=3","Brebis","https://sn.coinafrique.com/annonce/moutons/brebis-4155201","Brebis","95 000 CFA","Mermoz-Sacré Coeur, Dakar, Sénégal","https://images.coinafrique.com/thumb_4175237_uploaded_image1_1681390037.jpg"
"1739062400-656","https://sn.coinafrique.com/categorie/moutons?page=3","Mouton Azawat","https://sn.coinafrique.com/annonce/moutons/mouton-azawat-4160771","Mouton Azawat","150 000 CFA","Parcelle Assainies, Dakar, Sénégal","https://images.coinafrique.com/thumb_4160771_uploaded_image1_1680528476.jpg"
"1739062403-657","https://sn.coinafrique.com/categorie/moutons?page=3","Mouton","https://sn.coinafrique.com/annonce/moutons/mouton-4169738","Mouton","Prix sur demande","Thies, Sénégal","https://images.coinafrique.com/thumb_4708924_uploaded_image1_1713971615.jpg"
"1739062406-658","https://sn.coinafrique.com/categorie/moutons?page=3","Brebis","https://sn.coinafrique.com/annonce/moutons/brebis-4175237","Brebis","75 000 CFA","Mermoz-Sacré Coeur, Dakar, Sénégal","https://images.coinafrique.com/thumb_4175237_uploaded_image1_1681390037.jpg"
"1739062408-659","https://sn.coinafrique.com/categorie/moutons?page=3","Moutons","https://sn.coinafrique.com/annonce/moutons/moutons-4177437","Moutons","Prix sur demande","Patte d'oie, Dakar, Sénégal","https://images.coinafrique.com/thumb_4202091_uploaded_image1_1683204935.jpg"
"1739062411-660","https://sn.coinafrique.com/categorie/moutons?page=3","Moutons","https://sn.coinafrique.com/annonce/moutons/moutons-4192844","Moutons","125 000 CFA","Pikine, Sénégal","https://images.coinafrique.com/thumb_4465409_uploaded_image1_1700496107.jpg"
"1739062414-661","https://sn.coinafrique.com/categorie/moutons?page=3","Mouton ladoum","https://sn.coinafrique.com/annonce/moutons/mouton-ladoum-4195346","Mouton ladoum","850 000 CFA","Almadies 2, Dakar, Sénégal","https://images.coinafrique.com/thumb_4195346_uploaded_image1_1682806636.jpg"
"1739062416-662","https://sn.coinafrique.com/categorie/moutons?page=3","Mouton","https://sn.coinafrique.com/annonce/moutons/mouton-4196101","Mouton","75 000 CFA","Mermoz-Sacré Coeur, Dakar, Sénégal","https://images.coinafrique.com/thumb_4252367_uploaded_image1_1686511140.jpg"
"1739062419-663","https://sn.coinafrique.com/categorie/moutons?page=3","Mouton","https://sn.coinafrique.com/annonce/moutons/mouton-4198188","Mouton","800 000 CFA","Louga, Sénégal","https://images.coinafrique.com/thumb_4264167_uploaded_image1_1687307074.jpg"
"1739062421-664","https://sn.coinafrique.com/categorie/moutons?page=3","Moutons","https://sn.coinafrique.com/annonce/moutons/moutons-4198569","Moutons","240 000 CFA","Biscuiterie, Dakar, Sénégal","https://images.coinafrique.com/thumb_5164450_uploaded_image1_1738427830.jpg"
"1739062423-665","https://sn.coinafrique.com/categorie/moutons?page=3","Mouton","https://sn.coinafrique.com/annonce/moutons/mouton-4198927","Mouton","150 000 CFA","Dakar, Sénégal","https://images.coinafrique.com/thumb_4773721_uploaded_image1_1717238496.jpg"
"1739062426-666","https://sn.coinafrique.com/categorie/moutons?page=3","Mouton","https://sn.coinafrique.com/annonce/moutons/mouton-4200797","Mouton","125 000 CFA","Dakar, Sénégal","https://images.coinafrique.com/thumb_4773721_uploaded_image1_1717238496.jpg"
"1739062429-667","https://sn.coinafrique.com/categorie/moutons?page=3","Moutons","https://sn.coinafrique.com/annonce/moutons/moutons-4202091","Moutons","Prix sur demande","Patte d'oie, Dakar, Sénégal","https://images.coinafrique.com/thumb_4202091_uploaded_image1_1683204935.jpg"
"1739062431-668","https://sn.coinafrique.com/categorie/moutons?page=3","Moutons","https://sn.coinafrique.com/annonce/moutons/moutons-4204058","Moutons","180 000 CFA","Matam, Sénégal","https://images.coinafrique.com/thumb_4204058_uploaded_image1_1683299567.jpg"
"1739062434-669","https://sn.coinafrique.com/categorie/moutons?page=3","Mouton","https://sn.coinafrique.com/annonce/moutons/mouton-4206601","Mouton","135 000 CFA","Pikine, Sénégal","https://images.coinafrique.com/thumb_4465409_uploaded_image1_1700496107.jpg"
"1739062436-670","https://sn.coinafrique.com/categorie/moutons?page=3","Mouton","https://sn.coinafrique.com/annonce/moutons/mouton-4211097","Mouton","270 000 CFA","Grand Yoff, Dakar, Sénégal","https://images.coinafrique.com/thumb_4739472_uploaded_image1_1715522415.jpg"
"1739062439-671","https://sn.coinafrique.com/categorie/moutons?page=3","Brebis","https://sn.coinafrique.com/annonce/moutons/brebis-4213425","Brebis","500 000 CFA","Dakar, Sénégal","https://images.coinafrique.com/thumb_4430520_uploaded_image1_1698276223.jpg"
"1739062442-672","https://sn.coinafrique.com/categorie/moutons?page=3","Mouton","https://sn.coinafrique.com/annonce/moutons/mouton-4220644","Mouton","Prix sur demande","Dakar, Sénégal","https://images.coinafrique.com/thumb_4773721_uploaded_image1_1717238496.jpg"
"1739062451-673","https://sn.coinafrique.com/categorie/moutons?page=2","Mouton","https://sn.coinafrique.com/annonce/moutons/mouton-4223482","Mouton","160 000 CFA","Dakar, Sénégal","https://images.coinafrique.com/thumb_4773721_uploaded_image1_1717238496.jpg"
"1739062454-674","https://sn.coinafrique.com/categorie/moutons?page=2","Mouton","https://sn.coinafrique.com/annonce/moutons/mouton-4223484","Mouton","160 000 CFA","Dakar, Sénégal","https://images.coinafrique.com/thumb_4773721_uploaded_image1_1717238496.jpg"
"1739062457-675","https://sn.coinafrique.com/categorie/moutons?page=2","Mouton","https://sn.coinafrique.com/annonce/moutons/mouton-4223486","Mouton","160 000 CFA","Dakar, Sénégal","https://images.coinafrique.com/thumb_4773721_uploaded_image1_1717238496.jpg"
"1739062460-676","https://sn.coinafrique.com/categorie/moutons?page=2","Mouton","https://sn.coinafrique.com/annonce/moutons/mouton-4223524","Mouton","97 000 CFA","Dakar, Sénégal","https://images.coinafrique.com/thumb_4773721_uploaded_image1_1717238496.jpg"
"1739062463-677","https://sn.coinafrique.com/categorie/moutons?page=2","Mouton","https://sn.coinafrique.com/annonce/moutons/mouton-4223526","Mouton","160 000 CFA","Dakar, Sénégal","https://images.coinafrique.com/thumb_4773721_uploaded_image1_1717238496.jpg"
"1739062465-678","https://sn.coinafrique.com/categorie/moutons?page=2","Mouton","https://sn.coinafrique.com/annonce/moutons/mouton-4226905","Mouton","260 000 CFA","Diamniadio, Sénégal","https://images.coinafrique.com/thumb_4258464_uploaded_image1_1686868865.jpg"
"1739062468-679","https://sn.coinafrique.com/categorie/moutons?page=2","Mouton","https://sn.coinafrique.com/annonce/moutons/mouton-4227161","Mouton","320 000 CFA","Guediawaye, Dakar, Sénégal","https://images.coinafrique.com/thumb_5159269_uploaded_image1_1738163617.jpg"
"1739062470-680","https://sn.coinafrique.com/categorie/moutons?page=2","Mouton","https://sn.coinafrique.com/annonce/moutons/mouton-4228460","Mouton","8 000 000 CFA","Louga, Sénégal","https://images.coinafrique.com/thumb_4264167_uploaded_image1_1687307074.jpg"
"1739062473-681","https://sn.coinafrique.com/categorie/moutons?page=2","Mouton","https://sn.coinafrique.com/annonce/moutons/mouton-4228472","Mouton","800 000 CFA","Louga, Sénégal","https://images.coinafrique.com/thumb_4264167_uploaded_image1_1687307074.jpg"
"1739062475-682","https://sn.coinafrique.com/categorie/moutons?page=2","Mouton","https://sn.coinafrique.com/annonce/moutons/mouton-4229136","Mouton","170 000 CFA","Ouest Foire, Dakar, Sénégal","https://images.coinafrique.com/thumb_4787368_uploaded_image1_1717940799.jpg"
"1739062478-683","https://sn.coinafrique.com/categorie/moutons?page=2","Moutons","https://sn.coinafrique.com/annonce/moutons/moutons-4231235","Moutons","Prix sur demande","Parcelle Assainies, Dakar, Sénégal","https://images.coinafrique.com/thumb_5144166_uploaded_image1_1737393386.jpg"
"1739062480-684","https://sn.coinafrique.com/categorie/moutons?page=2","Mouton","https://sn.coinafrique.com/annonce/moutons/mouton-4231286","Mouton","380 000 CFA","Fatick, Sénégal","https://images.coinafrique.com/thumb_4236443_uploaded_image1_1685486347.jpg"
"1739062483-685","https://sn.coinafrique.com/categorie/moutons?page=2","Mouton","https://sn.coinafrique.com/annonce/moutons/mouton-4236443","Mouton","500 000 CFA","Fatick, Sénégal","https://images.coinafrique.com/thumb_4236443_uploaded_image1_1685486347.jpg"
"1739062485-686","https://sn.coinafrique.com/categorie/moutons?page=2","Bélier","https://sn.coinafrique.com/annonce/moutons/belier-4237485","Bélier","Prix sur demande","Point E, Dakar, Sénégal","https://images.coinafrique.com/thumb_4237485_uploaded_image2_1685558172.jpeg"
"1739062488-687","https://sn.coinafrique.com/categorie/moutons?page=2","Mouton","https://sn.coinafrique.com/annonce/moutons/mouton-4237665","Mouton","450 000 CFA","Rufisque, Sénégal","https://images.coinafrique.com/thumb_5081184_uploaded_image1_1733597466.jpg"
"1739062490-688","https://sn.coinafrique.com/categorie/moutons?page=2","Mouton","https://sn.coinafrique.com/annonce/moutons/mouton-4242404","Mouton","250 CFA","Guediawaye, Dakar, Sénégal","https://images.coinafrique.com/thumb_5159269_uploaded_image1_1738163617.jpg"
"1739062494-689","https://sn.coinafrique.com/categorie/moutons?page=2","Moutons","https://sn.coinafrique.com/annonce/moutons/moutons-4242585","Moutons","350 000 CFA","Guediawaye, Dakar, Sénégal","https://images.coinafrique.com/thumb_5159269_uploaded_image1_1738163617.jpg"
"1739062498-690","https://sn.coinafrique.com/categorie/moutons?page=2","Mouton","https://sn.coinafrique.com/annonce/moutons/mouton-4247736","Mouton","Prix sur demande","Dakar, Sénégal","https://images.coinafrique.com/thumb_4773721_uploaded_image1_1717238496.jpg"
"1739062500-691","https://sn.coinafrique.com/categorie/moutons?page=2","Mouton","https://sn.coinafrique.com/annonce/moutons/mouton-4247740","Mouton","Prix sur demande","Dakar, Sénégal","https://images.coinafrique.com/thumb_4773721_uploaded_image1_1717238496.jpg"
"1739062503-692","https://sn.coinafrique.com/categorie/moutons?page=2","Mouton","https://sn.coinafrique.com/annonce/moutons/mouton-4247742","Mouton","Prix sur demande","Dakar, Sénégal","https://images.coinafrique.com/thumb_4773721_uploaded_image1_1717238496.jpg"
"1739062506-693","https://sn.coinafrique.com/categorie/moutons?page=2","Mouton","https://sn.coinafrique.com/annonce/moutons/mouton-4247744","Mouton","Prix sur demande","Dakar, Sénégal","https://images.coinafrique.com/thumb_4773721_uploaded_image1_1717238496.jpg"
"1739062509-694","https://sn.coinafrique.com/categorie/moutons?page=2","Mouton Azawat","https://sn.coinafrique.com/annonce/moutons/mouton-azawat-4248460","Mouton Azawat","400 000 CFA","Keur Massar, Sénégal","https://images.coinafrique.com/thumb_4265640_uploaded_image1_1687383347.jpg"
"1739062511-695","https://sn.coinafrique.com/categorie/moutons?page=2","Mouton","https://sn.coinafrique.com/annonce/moutons/mouton-4250400","Mouton","165 000 CFA","Parcelle Assainies, Dakar, Sénégal","https://images.coinafrique.com/thumb_5144166_uploaded_image1_1737393386.jpg"
"1739062514-696","https://sn.coinafrique.com/categorie/moutons?page=2","Mouton","https://sn.coinafrique.com/annonce/moutons/mouton-4250864","Mouton","400 000 CFA","Mbao, Dakar, Sénégal","https://images.coinafrique.com/thumb_4969224_uploaded_image1_1727728741.jpg"
"1739062516-697","https://sn.coinafrique.com/categorie/moutons?page=2","Mouton","https://sn.coinafrique.com/annonce/moutons/mouton-4251926","Mouton","800 000 CFA","Louga, Sénégal","https://images.coinafrique.com/thumb_4264167_uploaded_image1_1687307074.jpg"
"1739062519-698","https://sn.coinafrique.com/categorie/moutons?page=2","Mouton","https://sn.coinafrique.com/annonce/moutons/mouton-4252068","Mouton","250 000 CFA","Colobane, Dakar, Sénégal","https://images.coinafrique.com/thumb_4252068_uploaded_image1_1686495864.jpg"
"1739062522-699","https://sn.coinafrique.com/categorie/moutons?page=2","Mouton Ladoum","https://sn.coinafrique.com/annonce/moutons/mouton-ladoum-4252367","Mouton Ladoum","400 000 CFA","Mermoz-Sacré Coeur, Dakar, Sénégal","https://images.coinafrique.com/thumb_4252367_uploaded_image1_1686511140.jpg"
"1739062524-700","https://sn.coinafrique.com/categorie/moutons?page=2","Bélier","https://sn.coinafrique.com/annonce/moutons/belier-4253138","Bélier","475 000 CFA","Louga, Sénégal","https://images.coinafrique.com/thumb_4253138_uploaded_image1_1686569913.jpg"
"1739062527-701","https://sn.coinafrique.com/categorie/moutons?page=2","Mouton","https://sn.coinafrique.com/annonce/moutons/mouton-4255895","Mouton","Prix sur demande","Ouakam, Dakar, Sénégal","https://images.coinafrique.com/thumb_4255895_uploaded_image1_1686736719.jpg"
"1739062530-702","https://sn.coinafrique.com/categorie/moutons?page=2","Mouton azwat","https://sn.coinafrique.com/annonce/moutons/mouton-azwat-4256261","Mouton azwat","250 000 CFA","Keur Massar, Sénégal","https://images.coinafrique.com/thumb_4256261_uploaded_image1_1686746544.jpg"
"1739062533-703","https://sn.coinafrique.com/categorie/moutons?page=2","Mouton","https://sn.coinafrique.com/annonce/moutons/mouton-4257202","Mouton","13 000 CFA","Dakar, Sénégal","https://images.coinafrique.com/thumb_4773721_uploaded_image1_1717238496.jpg"
"1739062536-704","https://sn.coinafrique.com/categorie/moutons?page=2","Mouton","https://sn.coinafrique.com/annonce/moutons/mouton-4224488","Mouton","350 000 CFA","Mbao, Dakar, Sénégal","https://images.coinafrique.com/thumb_4969224_uploaded_image1_1727728741.jpg"
"1739062538-705","https://sn.coinafrique.com/categorie/moutons?page=2","Mouton","https://sn.coinafrique.com/annonce/moutons/mouton-4258464","Mouton","140 000 CFA","Diamniadio, Sénégal","https://images.coinafrique.com/thumb_4258464_uploaded_image1_1686868865.jpg"
"1739062541-706","https://sn.coinafrique.com/categorie/moutons?page=2","Mouton","https://sn.coinafrique.com/annonce/moutons/mouton-4259471","Mouton","135 000 CFA","Dakar, Sénégal","https://images.coinafrique.com/thumb_4773721_uploaded_image1_1717238496.jpg"
"1739062543-707","https://sn.coinafrique.com/categorie/moutons?page=2","Mouton","https://sn.coinafrique.com/annonce/moutons/mouton-4259601","Mouton","700 CFA","Louga, Sénégal","https://images.coinafrique.com/thumb_4264167_uploaded_image1_1687307074.jpg"
"1739062546-708","https://sn.coinafrique.com/categorie/moutons?page=2","Mouton","https://sn.coinafrique.com/annonce/moutons/mouton-4259620","Mouton","250 000 CFA","Ouest Foire, Dakar, Sénégal","https://images.coinafrique.com/thumb_4787368_uploaded_image1_1717940799.jpg"
"1739062549-709","https://sn.coinafrique.com/categorie/moutons?page=2","Mouron","https://sn.coinafrique.com/annonce/moutons/mouron-4260033","Mouron","400 000 CFA","Mermoz-Sacré Coeur, Dakar, Sénégal","https://images.coinafrique.com/thumb_4260033_uploaded_image1_1687006073.jpg"
"1739062552-710","https://sn.coinafrique.com/categorie/moutons?page=2","Moutons","https://sn.coinafrique.com/annonce/moutons/moutons-4260282","Moutons","500 000 CFA","Grand Dakar, Dakar, Sénégal","https://images.coinafrique.com/thumb_4789672_uploaded_image1_1718065178.jpg"
"1739062555-711","https://sn.coinafrique.com/categorie/moutons?page=2","Mouton","https://sn.coinafrique.com/annonce/moutons/mouton-4260472","Mouton","115 000 CFA","Dakar, Sénégal","https://images.coinafrique.com/thumb_4773721_uploaded_image1_1717238496.jpg"
"1739062557-712","https://sn.coinafrique.com/categorie/moutons?page=2","Mouton","https://sn.coinafrique.com/annonce/moutons/mouton-4260583","Mouton","400 000 CFA","Mariste, Dakar, Sénégal","https://images.coinafrique.com/thumb_4266947_uploaded_image1_1687456034.jpg"
"1739062560-713","https://sn.coinafrique.com/categorie/moutons?page=2","Mouton","https://sn.coinafrique.com/annonce/moutons/mouton-4260735","Mouton","130 CFA","Dakar, Sénégal","https://images.coinafrique.com/thumb_4773721_uploaded_image1_1717238496.jpg"
"1739062562-714","https://sn.coinafrique.com/categorie/moutons?page=2","Mouton","https://sn.coinafrique.com/annonce/moutons/mouton-4261058","Mouton","Prix sur demande","Medina, Dakar, Sénégal","https://images.coinafrique.com/thumb_4261058_uploaded_image2_1687100799.jpeg"
"1739062567-715","https://sn.coinafrique.com/categorie/moutons?page=2","Mouton","https://sn.coinafrique.com/annonce/moutons/mouton-4261323","Mouton","145 CFA","Diourbel, Sénégal","https://images.coinafrique.com/thumb_4748231_uploaded_image1_1715934057.jpg"
"1739062569-716","https://sn.coinafrique.com/categorie/moutons?page=2","Bélier","https://sn.coinafrique.com/annonce/moutons/belier-4261540","Bélier","500 000 CFA","Rufisque, Sénégal","https://images.coinafrique.com/thumb_4261540_uploaded_image1_1687133074.jpg"
"1739062572-717","https://sn.coinafrique.com/categorie/moutons?page=2","Mouton","https://sn.coinafrique.com/annonce/moutons/mouton-4263512","Mouton","350 000 CFA","Guediawaye, Dakar, Sénégal","https://images.coinafrique.com/thumb_5159269_uploaded_image1_1738163617.jpg"
"1739062574-718","https://sn.coinafrique.com/categorie/moutons?page=2","Mouton","https://sn.coinafrique.com/annonce/moutons/mouton-4264167","Mouton","Prix sur demande","Louga, Sénégal","https://images.coinafrique.com/thumb_4264167_uploaded_image1_1687307074.jpg"
"1739062576-719","https://sn.coinafrique.com/categorie/moutons?page=2","Mouton Azawat","https://sn.coinafrique.com/annonce/moutons/mouton-azawat-4265640","Mouton Azawat","400 000 CFA","Keur Massar, Sénégal","https://images.coinafrique.com/thumb_4265640_uploaded_image1_1687383347.jpg"
"1739062579-720","https://sn.coinafrique.com/categorie/moutons?page=2","Mouton","https://sn.coinafrique.com/annonce/moutons/mouton-4265763","Mouton","90 000 CFA","Dakar, Sénégal","https://images.coinafrique.com/thumb_4773721_uploaded_image1_1717238496.jpg"
"1739062582-721","https://sn.coinafrique.com/categorie/moutons?page=2","Mouton Ladoum","https://sn.coinafrique.com/annonce/moutons/mouton-ladoum-4265814","Mouton Ladoum","750 000 CFA","Biscuiterie, Dakar, Sénégal","https://images.coinafrique.com/thumb_4719240_uploaded_image1_1714554654.jpg"
"1739062584-722","https://sn.coinafrique.com/categorie/moutons?page=2","Mouton","https://sn.coinafrique.com/annonce/moutons/mouton-4266788","Mouton","850 000 CFA","Ouest Foire, Dakar, Sénégal","https://images.coinafrique.com/thumb_4787368_uploaded_image1_1717940799.jpg"
"1739062587-723","https://sn.coinafrique.com/categorie/moutons?page=2","Mouton ladoum","https://sn.coinafrique.com/annonce/moutons/mouton-ladoum-4266947","Mouton ladoum","320 000 CFA","Mariste, Dakar, Sénégal","https://images.coinafrique.com/thumb_4266947_uploaded_image1_1687456034.jpg"
"1739062589-724","https://sn.coinafrique.com/categorie/moutons?page=2","Mouton","https://sn.coinafrique.com/annonce/moutons/mouton-4267338","Mouton","250 000 CFA","Dakar, Sénégal","https://images.coinafrique.com/thumb_4267338_uploaded_image1_1687474078.jpg"
"1739062592-725","https://sn.coinafrique.com/categorie/moutons?page=2","Mouton","https://sn.coinafrique.com/annonce/moutons/mouton-4271944","Mouton","325 000 CFA","Saint Louis, Sénégal","https://images.coinafrique.com/thumb_4757844_uploaded_image1_1716459279.jpg"
"1739062594-726","https://sn.coinafrique.com/categorie/moutons?page=2","Moutons","https://sn.coinafrique.com/annonce/moutons/moutons-4272303","Moutons","Prix sur demande","Guediawaye, Dakar, Sénégal","https://images.coinafrique.com/thumb_5159269_uploaded_image1_1738163617.jpg"
"1739062597-727","https://sn.coinafrique.com/categorie/moutons?page=2","Mouton Tabaski","https://sn.coinafrique.com/annonce/moutons/mouton-tabaski-4272920","Mouton Tabaski","165 000 CFA","Keur Massar, Sénégal","https://images.coinafrique.com/thumb_4272920_uploaded_image1_1687908925.jpg"
"1739062599-728","https://sn.coinafrique.com/categorie/moutons?page=2","Mouton","https://sn.coinafrique.com/annonce/moutons/mouton-4273458","Mouton","235 000 CFA","Ouest Foire, Dakar, Sénégal","https://images.coinafrique.com/thumb_4787368_uploaded_image1_1717940799.jpg"
"1739062603-729","https://sn.coinafrique.com/categorie/moutons?page=2","Mouton","https://sn.coinafrique.com/annonce/moutons/mouton-4249782","Mouton","Prix sur demande","Pikine, Sénégal","https://images.coinafrique.com/thumb_4465409_uploaded_image1_1700496107.jpg"
"1739062608-730","https://sn.coinafrique.com/categorie/moutons?page=2","Mouton","https://sn.coinafrique.com/annonce/moutons/mouton-4277689","Mouton","420 000 CFA","Grand Yoff, Dakar, Sénégal","https://images.coinafrique.com/thumb_4739472_uploaded_image1_1715522415.jpg"
"1739062614-731","https://sn.coinafrique.com/categorie/moutons?page=2","Moutons","https://sn.coinafrique.com/annonce/moutons/moutons-4286897","Moutons","350 000 CFA","Keur Massar, Sénégal","https://images.coinafrique.com/thumb_4791149_uploaded_image1_1718136046.jpg"
"1739062619-732","https://sn.coinafrique.com/categorie/moutons?page=2","Mouton ladoum","https://sn.coinafrique.com/annonce/moutons/mouton-ladoum-4290166","Mouton ladoum","650 000 CFA","Keur Massar, Sénégal","https://images.coinafrique.com/thumb_4290166_uploaded_image1_1689087261.jpg"
"1739062622-733","https://sn.coinafrique.com/categorie/moutons?page=2","Mouton Ladoum","https://sn.coinafrique.com/annonce/moutons/mouton-ladoum-4295855","Mouton Ladoum","500 000 CFA","Kaffrine, Sénégal","https://images.coinafrique.com/thumb_4295855_uploaded_image1_1689444388.jpg"
"1739062625-734","https://sn.coinafrique.com/categorie/moutons?page=2","Mouton","https://sn.coinafrique.com/annonce/moutons/mouton-4263820","Mouton","295 CFA","Mbao, Dakar, Sénégal","https://images.coinafrique.com/thumb_4969224_uploaded_image1_1727728741.jpg"
"1739062629-735","https://sn.coinafrique.com/categorie/moutons?page=2","Mouton","https://sn.coinafrique.com/annonce/moutons/mouton-4263826","Mouton","265 000 CFA","Mbao, Dakar, Sénégal","https://images.coinafrique.com/thumb_4969224_uploaded_image1_1727728741.jpg"
"1739062631-736","https://sn.coinafrique.com/categorie/moutons?page=2","Mouton","https://sn.coinafrique.com/annonce/moutons/mouton-4263827","Mouton","250 000 CFA","Mbao, Dakar, Sénégal","https://images.coinafrique.com/thumb_4969224_uploaded_image1_1727728741.jpg"
"1739062634-737","https://sn.coinafrique.com/categorie/moutons?page=2","Mouton","https://sn.coinafrique.com/annonce/moutons/mouton-4296534","Mouton","350 000 CFA","Lac rose, Sénégal","https://images.coinafrique.com/thumb_4372450_uploaded_image1_1694450195.jpg"
"1739062638-738","https://sn.coinafrique.com/categorie/moutons?page=2","Brebis","https://sn.coinafrique.com/annonce/moutons/brebis-4312063","Brebis","Prix sur demande","Thies, Sénégal","https://images.coinafrique.com/thumb_4600147_uploaded_image1_1708304604.jpg"
"1739062641-739","https://sn.coinafrique.com/categorie/moutons?page=2","Brebis","https://sn.coinafrique.com/annonce/moutons/brebis-4324447","Brebis","160 000 CFA","Guediawaye, Dakar, Sénégal","https://images.coinafrique.com/thumb_4324447_uploaded_image1_1691332476.jpg"
"1739062644-740","https://sn.coinafrique.com/categorie/moutons?page=2","Mouton","https://sn.coinafrique.com/annonce/moutons/mouton-4324452","Mouton","300 000 CFA","Guediawaye, Dakar, Sénégal","https://images.coinafrique.com/thumb_5159269_uploaded_image1_1738163617.jpg"
"1739062648-741","https://sn.coinafrique.com/categorie/moutons?page=2","Mouton","https://sn.coinafrique.com/annonce/moutons/mouton-4331406","Mouton","650 000 CFA","Thies, Sénégal","https://images.coinafrique.com/thumb_4708924_uploaded_image1_1713971615.jpg"
"1739062651-742","https://sn.coinafrique.com/categorie/moutons?page=2","Mouton","https://sn.coinafrique.com/annonce/moutons/mouton-4332510","Mouton","135 000 CFA","Lac rose, Sénégal","https://images.coinafrique.com/thumb_4372450_uploaded_image1_1694450195.jpg"
"1739062654-743","https://sn.coinafrique.com/categorie/moutons?page=2","Mouton","https://sn.coinafrique.com/annonce/moutons/mouton-4372450","Mouton","250 000 CFA","Lac rose, Sénégal","https://images.coinafrique.com/thumb_4372450_uploaded_image1_1694450195.jpg"
"1739062657-744","https://sn.coinafrique.com/categorie/moutons?page=2","Femelle Ladoum","https://sn.coinafrique.com/annonce/moutons/femelle-ladoum-4384585","Femelle Ladoum","Prix sur demande","Keur Massar, Sénégal","https://images.coinafrique.com/thumb_4384585_uploaded_image1_1695244150.jpg"
"1739062661-745","https://sn.coinafrique.com/categorie/moutons?page=2","Mouton Brebis","https://sn.coinafrique.com/annonce/moutons/mouton-brebis-4423962","Mouton Brebis","700 000 CFA","Dakar, Sénégal","https://images.coinafrique.com/thumb_4423962_uploaded_image1_1697827433.jpg"
"1739062664-746","https://sn.coinafrique.com/categorie/moutons?page=2","Brebis","https://sn.coinafrique.com/annonce/moutons/brebis-4430520","Brebis","700 000 CFA","Dakar, Sénégal","https://images.coinafrique.com/thumb_4430520_uploaded_image1_1698276223.jpg"
"1739062668-747","https://sn.coinafrique.com/categorie/moutons?page=2","Femelle Ladoum","https://sn.coinafrique.com/annonce/moutons/femelle-ladoum-4437187","Femelle Ladoum","750 000 CFA","Mbao, Dakar, Sénégal","https://images.coinafrique.com/thumb_4969224_uploaded_image1_1727728741.jpg"
"1739062671-748","https://sn.coinafrique.com/categorie/moutons?page=2","Mouton","https://sn.coinafrique.com/annonce/moutons/mouton-4438670","Mouton","130 000 CFA","Guediawaye, Dakar, Sénégal","https://images.coinafrique.com/thumb_5159269_uploaded_image1_1738163617.jpg"
"1739062673-749","https://sn.coinafrique.com/categorie/moutons?page=2","Mouton Ladoum","https://sn.coinafrique.com/annonce/moutons/mouton-ladoum-4438677","Mouton Ladoum","300 CFA","Guediawaye, Dakar, Sénégal","https://images.coinafrique.com/thumb_5114763_uploaded_image1_1735745896.jpg"
"1739062676-750","https://sn.coinafrique.com/categorie/moutons?page=2","Mouton Ladoum","https://sn.coinafrique.com/annonce/moutons/mouton-ladoum-4438683","Mouton Ladoum","300 000 CFA","Guediawaye, Dakar, Sénégal","https://images.coinafrique.com/thumb_5114763_uploaded_image1_1735745896.jpg"
"1739062678-751","https://sn.coinafrique.com/categorie/moutons?page=2","Mouton Ladoum","https://sn.coinafrique.com/annonce/moutons/mouton-ladoum-4444713","Mouton Ladoum","1 000 000 CFA","Dieuppeul-Derklé, Dakar, Sénégal","https://images.coinafrique.com/thumb_4931367_uploaded_image1_1725633697.jpg"
"1739062681-752","https://sn.coinafrique.com/categorie/moutons?page=2","Mouton","https://sn.coinafrique.com/annonce/moutons/mouton-4449743","Mouton","Prix sur demande","Keur Massar, Sénégal","https://images.coinafrique.com/thumb_4791149_uploaded_image1_1718136046.jpg"
"1739062683-753","https://sn.coinafrique.com/categorie/moutons?page=2","Mouton Ladoum","https://sn.coinafrique.com/annonce/moutons/mouton-ladoum-4465409","Mouton Ladoum","300 000 CFA","Pikine, Sénégal","https://images.coinafrique.com/thumb_4465409_uploaded_image1_1700496107.jpg"
"1739062686-754","https://sn.coinafrique.com/categorie/moutons?page=2","Bélier","https://sn.coinafrique.com/annonce/moutons/belier-4484443","Bélier","160 000 CFA","Guediawaye, Dakar, Sénégal","https://images.coinafrique.com/thumb_4788927_uploaded_image1_1718028874.jpg"
"1739062688-755","https://sn.coinafrique.com/categorie/moutons?page=2","Moutons","https://sn.coinafrique.com/annonce/moutons/moutons-4501360","Moutons","500 000 CFA","Ouest Foire, Dakar, Sénégal","https://images.coinafrique.com/thumb_4787368_uploaded_image1_1717940799.jpg"
"1739062691-756","https://sn.coinafrique.com/categorie/moutons?page=2","Mouton","https://sn.coinafrique.com/annonce/moutons/mouton-4530463","Mouton","250 000 CFA","Thies, Sénégal","https://images.coinafrique.com/thumb_4708924_uploaded_image1_1713971615.jpg"
"1739062698-757","https://sn.coinafrique.com/categorie/moutons?page=1","Mouton","https://sn.coinafrique.com/annonce/moutons/mouton-4536120","Mouton","200 000 CFA","Guediawaye, Dakar, Sénégal","https://images.coinafrique.com/thumb_5159269_uploaded_image1_1738163617.jpg"
"1739062700-758","https://sn.coinafrique.com/categorie/moutons?page=1","Mouton Ladoum métisse","https://sn.coinafrique.com/annonce/moutons/mouton-ladoum-metisse-4574584","Mouton Ladoum métisse","175 000 CFA","Parcelle Assainies, Dakar, Sénégal","https://images.coinafrique.com/thumb_4574584_uploaded_image1_1706868441.jpg"
"1739062703-759","https://sn.coinafrique.com/categorie/moutons?page=1","Mouton  ladoum","https://sn.coinafrique.com/annonce/moutons/mouton-ladoum-4600147","Mouton  ladoum","750 000 CFA","Thies, Sénégal","https://images.coinafrique.com/thumb_4705081_uploaded_image2_1713794349.jpeg"
"1739062705-760","https://sn.coinafrique.com/categorie/moutons?page=1","Mouton Bali bali","https://sn.coinafrique.com/annonce/moutons/mouton-bali-bali-4623542","Mouton Bali bali","Prix sur demande","Grand Yoff, Dakar, Sénégal","https://images.coinafrique.com/thumb_4739472_uploaded_image1_1715522415.jpg"
"1739062707-761","https://sn.coinafrique.com/categorie/moutons?page=1","Moutons","https://sn.coinafrique.com/annonce/moutons/moutons-4634393","Moutons","Prix sur demande","Sicap Liberté, Dakar, Sénégal","https://images.coinafrique.com/thumb_5069347_uploaded_image1_1733004132.jpg"
"1739062710-762","https://sn.coinafrique.com/categorie/moutons?page=1","Mouton ladoum","https://sn.coinafrique.com/annonce/moutons/mouton-ladoum-4635646","Mouton ladoum","Prix sur demande","Dakar, Sénégal","https://images.coinafrique.com/thumb_4773721_uploaded_image1_1717238496.jpg"
"1739062712-763","https://sn.coinafrique.com/categorie/moutons?page=1","Mouton","https://sn.coinafrique.com/annonce/moutons/mouton-4666295","Mouton","200 000 CFA","Guediawaye, Dakar, Sénégal","https://images.coinafrique.com/thumb_5159269_uploaded_image1_1738163617.jpg"
"1739062715-764","https://sn.coinafrique.com/categorie/moutons?page=1","Mouton","https://sn.coinafrique.com/annonce/moutons/mouton-4671961","Mouton","250 CFA","Dakar, Sénégal","https://images.coinafrique.com/thumb_4773721_uploaded_image1_1717238496.jpg"
"1739062717-765","https://sn.coinafrique.com/categorie/moutons?page=1","Mouton","https://sn.coinafrique.com/annonce/moutons/mouton-4677640","Mouton","320 000 CFA","Mbao, Dakar, Sénégal","https://images.coinafrique.com/thumb_4969224_uploaded_image1_1727728741.jpg"
"1739062720-766","https://sn.coinafrique.com/categorie/moutons?page=1","Mouton tchadienne","https://sn.coinafrique.com/annonce/moutons/mouton-tchadienne-4678964","Mouton tchadienne","275 000 CFA","Guediawaye, Dakar, Sénégal","https://images.coinafrique.com/thumb_4678964_uploaded_image1_1712396100.jpg"
"1739062722-767","https://sn.coinafrique.com/categorie/moutons?page=1","Mouton soudanais","https://sn.coinafrique.com/annonce/moutons/mouton-soudanais-4678969","Mouton soudanais","385 000 CFA","Guediawaye, Dakar, Sénégal","https://images.coinafrique.com/thumb_4741635_uploaded_image1_1715623935.jpg"
"1739062724-768","https://sn.coinafrique.com/categorie/moutons?page=1","Mouton Ladoum","https://sn.coinafrique.com/annonce/moutons/mouton-ladoum-4703472","Mouton Ladoum","500 000 CFA","Dakar, Sénégal","https://images.coinafrique.com/thumb_4773721_uploaded_image1_1717238496.jpg"
"1739062727-769","https://sn.coinafrique.com/categorie/moutons?page=1","Mouton","https://sn.coinafrique.com/annonce/moutons/mouton-4703542","Mouton","350 000 CFA","Guediawaye, Dakar, Sénégal","https://images.coinafrique.com/thumb_5159269_uploaded_image1_1738163617.jpg"
"1739062730-770","https://sn.coinafrique.com/categorie/moutons?page=1","Mouton Ladoum","https://sn.coinafrique.com/annonce/moutons/mouton-ladoum-4705081","Mouton Ladoum","1 300 000 CFA","Thies, Sénégal","https://images.coinafrique.com/thumb_4705081_uploaded_image2_1713794349.jpeg"
"1739062732-771","https://sn.coinafrique.com/categorie/moutons?page=1","Mouton","https://sn.coinafrique.com/annonce/moutons/mouton-4708924","Mouton","300 000 CFA","Thies, Sénégal","https://images.coinafrique.com/thumb_4708924_uploaded_image1_1713971615.jpg"
"1739062734-772","https://sn.coinafrique.com/categorie/moutons?page=1","Mouton Azawat","https://sn.coinafrique.com/annonce/moutons/mouton-azawat-4715180","Mouton Azawat","280 000 CFA","Guediawaye, Dakar, Sénégal","https://images.coinafrique.com/thumb_4715180_uploaded_image1_1714322575.jpg"
"1739062737-773","https://sn.coinafrique.com/categorie/moutons?page=1","Mouton","https://sn.coinafrique.com/annonce/moutons/mouton-4720592","Mouton","Prix sur demande","Dakar, Sénégal","https://images.coinafrique.com/thumb_4773721_uploaded_image1_1717238496.jpg"
"1739062740-774","https://sn.coinafrique.com/categorie/moutons?page=1","Mouton","https://sn.coinafrique.com/annonce/moutons/mouton-4721626","Mouton","220 000 CFA","Dakar, Sénégal","https://images.coinafrique.com/thumb_4773721_uploaded_image1_1717238496.jpg"
"1739062742-775","https://sn.coinafrique.com/categorie/moutons?page=1","Mouton","https://sn.coinafrique.com/annonce/moutons/mouton-4721636","Mouton","190 000 CFA","Dakar, Sénégal","https://images.coinafrique.com/thumb_4773721_uploaded_image1_1717238496.jpg"
"1739062744-776","https://sn.coinafrique.com/categorie/moutons?page=1","Mouton","https://sn.coinafrique.com/annonce/moutons/mouton-4680580","Mouton","Prix sur demande","Biscuiterie, Dakar, Sénégal","https://images.coinafrique.com/thumb_5164450_uploaded_image1_1738427830.jpg"
"1739062747-777","https://sn.coinafrique.com/categorie/moutons?page=1","Mouton","https://sn.coinafrique.com/annonce/moutons/mouton-4725585","Mouton","300 000 CFA","Guediawaye, Dakar, Sénégal","https://images.coinafrique.com/thumb_5159269_uploaded_image1_1738163617.jpg"
"1739062750-778","https://sn.coinafrique.com/categorie/moutons?page=1","Mouton","https://sn.coinafrique.com/annonce/moutons/mouton-4725589","Mouton","275 CFA","Guediawaye, Dakar, Sénégal","https://images.coinafrique.com/thumb_5159269_uploaded_image1_1738163617.jpg"
"1739062752-779","https://sn.coinafrique.com/categorie/moutons?page=1","Mouton","https://sn.coinafrique.com/annonce/moutons/mouton-4725591","Mouton","300 000 CFA","Guediawaye, Dakar, Sénégal","https://images.coinafrique.com/thumb_5159269_uploaded_image1_1738163617.jpg"
"1739062755-780","https://sn.coinafrique.com/categorie/moutons?page=1","Mouton Ladoum","https://sn.coinafrique.com/annonce/moutons/mouton-ladoum-4719240","Mouton Ladoum","Prix sur demande","Biscuiterie, Dakar, Sénégal","https://images.coinafrique.com/thumb_4719240_uploaded_image1_1714554654.jpg"
"1739062757-781","https://sn.coinafrique.com/categorie/moutons?page=1","Mouton","https://sn.coinafrique.com/annonce/moutons/mouton-4731309","Mouton","175 000 CFA","Dakar, Sénégal","https://images.coinafrique.com/thumb_4773721_uploaded_image1_1717238496.jpg"
"1739062760-782","https://sn.coinafrique.com/categorie/moutons?page=1","Mouton","https://sn.coinafrique.com/annonce/moutons/mouton-4735916","Mouton","350 000 CFA","Dakar, Sénégal","https://images.coinafrique.com/thumb_4773721_uploaded_image1_1717238496.jpg"
"1739062764-783","https://sn.coinafrique.com/categorie/moutons?page=1","Mouton","https://sn.coinafrique.com/annonce/moutons/mouton-4739472","Mouton","Prix sur demande","Grand Yoff, Dakar, Sénégal","https://images.coinafrique.com/thumb_4739472_uploaded_image1_1715522415.jpg"
"1739062766-784","https://sn.coinafrique.com/categorie/moutons?page=1","Mouton","https://sn.coinafrique.com/annonce/moutons/mouton-4741635","Mouton","375 000 CFA","Guediawaye, Dakar, Sénégal","https://images.coinafrique.com/thumb_5159269_uploaded_image1_1738163617.jpg"
"1739062769-785","https://sn.coinafrique.com/categorie/moutons?page=1","Mouton","https://sn.coinafrique.com/annonce/moutons/mouton-4741757","Mouton","500 CFA","Mbao, Dakar, Sénégal","https://images.coinafrique.com/thumb_4969224_uploaded_image1_1727728741.jpg"
"1739062772-786","https://sn.coinafrique.com/categorie/moutons?page=1","Mouton","https://sn.coinafrique.com/annonce/moutons/mouton-4747250","Mouton","275 000 CFA","Sipres, Dakar, Sénégal","https://images.coinafrique.com/thumb_4747250_uploaded_image1_1715876701.jpg"
"1739062774-787","https://sn.coinafrique.com/categorie/moutons?page=1","Mouton","https://sn.coinafrique.com/annonce/moutons/mouton-4748231","Mouton","150 000 CFA","Diourbel, Sénégal","https://images.coinafrique.com/thumb_4748231_uploaded_image1_1715934057.jpg"
"1739062777-788","https://sn.coinafrique.com/categorie/moutons?page=1","Mouton","https://sn.coinafrique.com/annonce/moutons/mouton-4757844","Mouton","Prix sur demande","Saint Louis, Sénégal","https://images.coinafrique.com/thumb_4757844_uploaded_image1_1716459279.jpg"
"1739062780-789","https://sn.coinafrique.com/categorie/moutons?page=1","Mouton Ladoum","https://sn.coinafrique.com/annonce/moutons/mouton-ladoum-4761802","Mouton Ladoum","500 000 CFA","Sacré-Coeur, Dakar, Sénégal","https://images.coinafrique.com/thumb_4761802_uploaded_image1_1716641179.jpg"
"1739062782-790","https://sn.coinafrique.com/categorie/moutons?page=1","Mouton","https://sn.coinafrique.com/annonce/moutons/mouton-4766880","Mouton","300 000 CFA","Guediawaye, Dakar, Sénégal","https://images.coinafrique.com/thumb_5159269_uploaded_image1_1738163617.jpg"
"1739062785-791","https://sn.coinafrique.com/categorie/moutons?page=1","Mouton","https://sn.coinafrique.com/annonce/moutons/mouton-4767940","Mouton","90 000 CFA","Niaga, Sénégal","https://images.coinafrique.com/thumb_5064469_uploaded_image1_1732724549.jpg"
"1739062787-792","https://sn.coinafrique.com/categorie/moutons?page=1","Mouton","https://sn.coinafrique.com/annonce/moutons/mouton-4769840","Mouton","125 000 CFA","Gassane, Sénégal","https://images.coinafrique.com/thumb_4769840_uploaded_image1_1717055825.jpg"
"1739062790-793","https://sn.coinafrique.com/categorie/moutons?page=1","Moutons","https://sn.coinafrique.com/annonce/moutons/moutons-4773721","Moutons","120 000 CFA","Dakar, Sénégal","https://images.coinafrique.com/thumb_4773721_uploaded_image1_1717238496.jpg"
"1739062793-794","https://sn.coinafrique.com/categorie/moutons?page=1","Moutons de Tabaski","https://sn.coinafrique.com/annonce/moutons/moutons-de-tabaski-4777233","Moutons de Tabaski","320 CFA","Guediawaye, Dakar, Sénégal","https://images.coinafrique.com/thumb_4795886_uploaded_image1_1718392315.jpg"
"1739062796-795","https://sn.coinafrique.com/categorie/moutons?page=1","Mouton","https://sn.coinafrique.com/annonce/moutons/mouton-4777249","Mouton","275 000 CFA","Mbao, Dakar, Sénégal","https://images.coinafrique.com/thumb_4969224_uploaded_image1_1727728741.jpg"
"1739062799-796","https://sn.coinafrique.com/categorie/moutons?page=1","Mouton Azawat","https://sn.coinafrique.com/annonce/moutons/mouton-azawat-4780599","Mouton Azawat","160 000 CFA","Hann Bel-Air, Dakar, Sénégal","https://images.coinafrique.com/thumb_4780599_uploaded_image1_1717584331.jpg"
"1739062801-797","https://sn.coinafrique.com/categorie/moutons?page=1","Mouton","https://sn.coinafrique.com/annonce/moutons/mouton-4787368","Mouton","195 000 CFA","Ouest Foire, Dakar, Sénégal","https://images.coinafrique.com/thumb_4787368_uploaded_image1_1717940799.jpg"
"1739062804-798","https://sn.coinafrique.com/categorie/moutons?page=1","Mouton","https://sn.coinafrique.com/annonce/moutons/mouton-4787372","Mouton","350 000 CFA","Parcelle Assainies, Dakar, Sénégal","https://images.coinafrique.com/thumb_5144166_uploaded_image1_1737393386.jpg"
"1739062806-799","https://sn.coinafrique.com/categorie/moutons?page=1","Bélier","https://sn.coinafrique.com/annonce/moutons/belier-4788927","Bélier","300 CFA","Guediawaye, Dakar, Sénégal","https://images.coinafrique.com/thumb_4788927_uploaded_image1_1718028874.jpg"
"1739062809-800","https://sn.coinafrique.com/categorie/moutons?page=1","Mouton","https://sn.coinafrique.com/annonce/moutons/mouton-4789672","Mouton","270 000 CFA","Grand Dakar, Dakar, Sénégal","https://images.coinafrique.com/thumb_4789672_uploaded_image1_1718065178.jpg"
"1739062812-801","https://sn.coinafrique.com/categorie/moutons?page=1","Mouton","https://sn.coinafrique.com/annonce/moutons/mouton-4791149","Mouton","125 000 CFA","Keur Massar, Sénégal","https://images.coinafrique.com/thumb_4791149_uploaded_image1_1718136046.jpg"
"1739062815-802","https://sn.coinafrique.com/categorie/moutons?page=1","Moutons","https://sn.coinafrique.com/annonce/moutons/moutons-4792297","Moutons","320 CFA","Guediawaye, Dakar, Sénégal","https://images.coinafrique.com/thumb_5159269_uploaded_image1_1738163617.jpg"
"1739062817-803","https://sn.coinafrique.com/categorie/moutons?page=1","Mouton","https://sn.coinafrique.com/annonce/moutons/mouton-4795886","Mouton","150 CFA","Guediawaye, Dakar, Sénégal","https://images.coinafrique.com/thumb_5159269_uploaded_image1_1738163617.jpg"
"1739062820-804","https://sn.coinafrique.com/categorie/moutons?page=1","Mouton ladoum","https://sn.coinafrique.com/annonce/moutons/mouton-ladoum-4754458","Mouton ladoum","Prix sur demande","Point E, Dakar, Sénégal","https://images.coinafrique.com/thumb_4754458_uploaded_image1_1716290235.jpg"
"1739062822-805","https://sn.coinafrique.com/categorie/moutons?page=1","Foin","https://sn.coinafrique.com/annonce/moutons/foin-4807498","Foin","4 700 CFA","Keur Massar, Sénégal","https://images.coinafrique.com/thumb_4807498_uploaded_image1_1719210756.jpg"
"1739062824-806","https://sn.coinafrique.com/categorie/moutons?page=1","Mouton tabaski Azawat","https://sn.coinafrique.com/annonce/moutons/mouton-tabaski-azawat-4785420","Mouton tabaski Azawat","265 000 CFA","Mbao, Dakar, Sénégal","https://images.coinafrique.com/thumb_4785420_uploaded_image1_1717796700.jpg"
"1739062827-807","https://sn.coinafrique.com/categorie/moutons?page=1","Mouton","https://sn.coinafrique.com/annonce/moutons/mouton-4785428","Mouton","170 000 CFA","Mbao, Dakar, Sénégal","https://images.coinafrique.com/thumb_4969224_uploaded_image1_1727728741.jpg"
"1739062829-808","https://sn.coinafrique.com/categorie/moutons?page=1","Mouton Tabaski","https://sn.coinafrique.com/annonce/moutons/mouton-tabaski-4785437","Mouton Tabaski","250 000 CFA","Mbao, Dakar, Sénégal","https://images.coinafrique.com/thumb_4786370_uploaded_image1_1717857322.jpg"
"1739062832-809","https://sn.coinafrique.com/categorie/moutons?page=1","Mouton","https://sn.coinafrique.com/annonce/moutons/mouton-4794035","Mouton","225 000 CFA","Mbao, Dakar, Sénégal","https://images.coinafrique.com/thumb_4969224_uploaded_image1_1727728741.jpg"
"1739062834-810","https://sn.coinafrique.com/categorie/moutons?page=1","Mouton tabaski","https://sn.coinafrique.com/annonce/moutons/mouton-tabaski-4786370","Mouton tabaski","250 000 CFA","Mbao, Dakar, Sénégal","https://images.coinafrique.com/thumb_4786370_uploaded_image1_1717857322.jpg"
"1739062837-811","https://sn.coinafrique.com/categorie/moutons?page=1","Mouton","https://sn.coinafrique.com/annonce/moutons/mouton-4794716","Mouton","225 000 CFA","Mbao, Dakar, Sénégal","https://images.coinafrique.com/thumb_4969224_uploaded_image1_1727728741.jpg"
"1739062839-812","https://sn.coinafrique.com/categorie/moutons?page=1","Mouton","https://sn.coinafrique.com/annonce/moutons/mouton-4789073","Mouton","160 000 CFA","Mbao, Dakar, Sénégal","https://images.coinafrique.com/thumb_4969224_uploaded_image1_1727728741.jpg"
"1739062842-813","https://sn.coinafrique.com/categorie/moutons?page=1","Mouton Ladoum","https://sn.coinafrique.com/annonce/moutons/mouton-ladoum-4840583","Mouton Ladoum","Prix sur demande","Sicap Liberté, Dakar, Sénégal","https://images.coinafrique.com/thumb_5069347_uploaded_image1_1733004132.jpg"
"1739062844-814","https://sn.coinafrique.com/categorie/moutons?page=1","Femelle Ladoum","https://sn.coinafrique.com/annonce/moutons/femelle-ladoum-4848659","Femelle Ladoum","400 000 CFA","Mbao, Dakar, Sénégal","https://images.coinafrique.com/thumb_4969224_uploaded_image1_1727728741.jpg"
"1739062846-815","https://sn.coinafrique.com/categorie/moutons?page=1","Femelle ladoum noir et blanc","https://sn.coinafrique.com/annonce/moutons/femelle-ladoum-noir-et-blanc-4852565","Femelle ladoum noir et blanc","400 000 CFA","Mbao, Dakar, Sénégal","https://images.coinafrique.com/thumb_4852565_uploaded_image1_1721485586.jpg"
"1739062849-816","https://sn.coinafrique.com/categorie/moutons?page=1","Mouton","https://sn.coinafrique.com/annonce/moutons/mouton-4853595","Mouton","Prix sur demande","Niaga, Sénégal","https://images.coinafrique.com/thumb_5064469_uploaded_image1_1732724549.jpg"
"1739062851-817","https://sn.coinafrique.com/categorie/moutons?page=1","Mouton","https://sn.coinafrique.com/annonce/moutons/mouton-4879970","Mouton","75 000 CFA","Yoff, Dakar, Sénégal","https://images.coinafrique.com/thumb_4879970_uploaded_image1_1722945913.jpg"
"1739062854-818","https://sn.coinafrique.com/categorie/moutons?page=1","Mouton Ladoum","https://sn.coinafrique.com/annonce/moutons/mouton-ladoum-4882545","Mouton Ladoum","270 000 CFA","Sicap Liberté, Dakar, Sénégal","https://images.coinafrique.com/thumb_5069347_uploaded_image1_1733004132.jpg"
"1739062856-819","https://sn.coinafrique.com/categorie/moutons?page=1","Ladoum Mix","https://sn.coinafrique.com/annonce/moutons/ladoum-mix-4885680","Ladoum Mix","250 000 CFA","Ouakam, Dakar, Sénégal","https://images.coinafrique.com/thumb_4885680_uploaded_image1_1723205050.jpg"
"1739062859-820","https://sn.coinafrique.com/categorie/moutons?page=1","Mouton Ladoum","https://sn.coinafrique.com/annonce/moutons/mouton-ladoum-4905476","Mouton Ladoum","350 000 CFA","Mbour, Sénégal","https://images.coinafrique.com/thumb_4905476_uploaded_image1_1724281103.jpg"
"1739062861-821","https://sn.coinafrique.com/categorie/moutons?page=1","Mouton Ladoum","https://sn.coinafrique.com/annonce/moutons/mouton-ladoum-4931367","Mouton Ladoum","800 000 CFA","Dieuppeul-Derklé, Dakar, Sénégal","https://images.coinafrique.com/thumb_4931367_uploaded_image1_1725633697.jpg"
"1739062864-822","https://sn.coinafrique.com/categorie/moutons?page=1","Landoum pur","https://sn.coinafrique.com/annonce/moutons/landoum-pur-4948067","Landoum pur","1 200 000 CFA","Dakar, Sénégal","https://images.coinafrique.com/thumb_4948067_uploaded_image1_1726569636.jpg"
"1739062866-823","https://sn.coinafrique.com/categorie/moutons?page=1","Femelle Ladoume","https://sn.coinafrique.com/annonce/moutons/femelle-ladoume-4961186","Femelle Ladoume","200 000 CFA","Sicap Liberté, Dakar, Sénégal","https://images.coinafrique.com/thumb_4961186_uploaded_image1_1727261381.jpg"
"1739062869-824","https://sn.coinafrique.com/categorie/moutons?page=1","Mouton Ladoum","https://sn.coinafrique.com/annonce/moutons/mouton-ladoum-4969219","Mouton Ladoum","650 000 CFA","Mbao, Dakar, Sénégal","https://images.coinafrique.com/thumb_4969224_uploaded_image1_1727728741.jpg"
"1739062871-825","https://sn.coinafrique.com/categorie/moutons?page=1","Mouton Ladoum","https://sn.coinafrique.com/annonce/moutons/mouton-ladoum-4969221","Mouton Ladoum","350 000 CFA","Mbao, Dakar, Sénégal","https://images.coinafrique.com/thumb_4969224_uploaded_image1_1727728741.jpg"
"1739062874-826","https://sn.coinafrique.com/categorie/moutons?page=1","Mouton Ladoum","https://sn.coinafrique.com/annonce/moutons/mouton-ladoum-4969224","Mouton Ladoum","350 000 CFA","Mbao, Dakar, Sénégal","https://images.coinafrique.com/thumb_4969224_uploaded_image1_1727728741.jpg"
"1739062876-827","https://sn.coinafrique.com/categorie/moutons?page=1","Mouton","https://sn.coinafrique.com/annonce/moutons/mouton-4995716","Mouton","150 000 CFA","Niaga, Sénégal","https://images.coinafrique.com/thumb_5064469_uploaded_image1_1732724549.jpg"
"1739062878-828","https://sn.coinafrique.com/categorie/moutons?page=1","Mouton Ladoum","https://sn.coinafrique.com/annonce/moutons/mouton-ladoum-5026478","Mouton Ladoum","1 000 000 CFA","Rufisque, Sénégal","https://images.coinafrique.com/thumb_5081184_uploaded_image1_1733597466.jpg"
"1739062881-829","https://sn.coinafrique.com/categorie/moutons?page=1","Mouton Ladoum","https://sn.coinafrique.com/annonce/moutons/mouton-ladoum-5026510","Mouton Ladoum","500 000 CFA","Rufisque, Sénégal","https://images.coinafrique.com/thumb_5081184_uploaded_image1_1733597466.jpg"
"1739062884-830","https://sn.coinafrique.com/categorie/moutons?page=1","Mouton de race","https://sn.coinafrique.com/annonce/moutons/mouton-de-race-5064469","Mouton de race","350 000 CFA","Niaga, Sénégal","https://images.coinafrique.com/thumb_5064469_uploaded_image1_1732724549.jpg"
"1739062887-831","https://sn.coinafrique.com/categorie/moutons?page=1","Mouton Ladoume","https://sn.coinafrique.com/annonce/moutons/mouton-ladoume-5068703","Mouton Ladoume","Prix sur demande","Sicap Liberté, Dakar, Sénégal","https://images.coinafrique.com/thumb_5069347_uploaded_image1_1733004132.jpg"
"1739062889-832","https://sn.coinafrique.com/categorie/moutons?page=1","Mouton Ladoum","https://sn.coinafrique.com/annonce/moutons/mouton-ladoum-5069347","Mouton Ladoum","350 000 CFA","Sicap Liberté, Dakar, Sénégal","https://images.coinafrique.com/thumb_5069347_uploaded_image1_1733004132.jpg"
"1739062892-833","https://sn.coinafrique.com/categorie/moutons?page=1","Mouton Ladoum","https://sn.coinafrique.com/annonce/moutons/mouton-ladoum-5081184","Mouton Ladoum","500 000 CFA","Rufisque, Sénégal","https://images.coinafrique.com/thumb_5081184_uploaded_image1_1733597466.jpg"
"1739062894-834","https://sn.coinafrique.com/categorie/moutons?page=1","Mouton","https://sn.coinafrique.com/annonce/moutons/mouton-5090703","Mouton","140 000 CFA","Guediawaye, Dakar, Sénégal","https://images.coinafrique.com/thumb_5159269_uploaded_image1_1738163617.jpg"
"1739062896-835","https://sn.coinafrique.com/categorie/moutons?page=1","Ladoume","https://sn.coinafrique.com/annonce/moutons/ladoume-5107657","Ladoume","Prix sur demande","Grand Dakar, Dakar, Sénégal","https://images.coinafrique.com/thumb_5107657_uploaded_image1_1735216264.jpg"
"1739062900-836","https://sn.coinafrique.com/categorie/moutons?page=1","Mouton","https://sn.coinafrique.com/annonce/moutons/mouton-5114762","Mouton","180 000 CFA","Guediawaye, Dakar, Sénégal","https://images.coinafrique.com/thumb_5159269_uploaded_image1_1738163617.jpg"
"1739062902-837","https://sn.coinafrique.com/categorie/moutons?page=1","Mouton Ladoum","https://sn.coinafrique.com/annonce/moutons/mouton-ladoum-5114763","Mouton Ladoum","1 000 000 CFA","Guediawaye, Dakar, Sénégal","https://images.coinafrique.com/thumb_5114763_uploaded_image1_1735745896.jpg"
"1739062905-838","https://sn.coinafrique.com/categorie/moutons?page=1","Mouton Ladoum","https://sn.coinafrique.com/annonce/moutons/mouton-ladoum-5144166","Mouton Ladoum","375 000 CFA","Parcelle Assainies, Dakar, Sénégal","https://images.coinafrique.com/thumb_5144166_uploaded_image1_1737393386.jpg"
"1739062907-839","https://sn.coinafrique.com/categorie/moutons?page=1","Mouton","https://sn.coinafrique.com/annonce/moutons/mouton-5159269","Mouton","180 000 CFA","Guediawaye, Dakar, Sénégal","https://images.coinafrique.com/thumb_5159269_uploaded_image1_1738163617.jpg"
"1739062909-840","https://sn.coinafrique.com/categorie/moutons?page=1","Mouton","https://sn.coinafrique.com/annonce/moutons/mouton-5164450","Mouton","200 000 CFA","Biscuiterie, Dakar, Sénégal","https://images.coinafrique.com/thumb_5164450_uploaded_image1_1738427830.jpg"
