web-scraper-order,web-scraper-start-url,Data003,Data003-href,Details,Prix,Adresse,Image-src
"1739231634-1","https://sn.coinafrique.com/categorie/poules-lapins-et-pigeons?page=10","Lapins et lapereaux Angora Californien","https://sn.coinafrique.com/annonce/poules-lapins-et-pigeons/lapins-et-lapereaux-angora-californien-729692","","Prix sur demande","Medina, Dakar, Sénégal","https://images.coinafrique.com/thumb_729692_uploaded_image1_1562719154.82.png"
"1739231637-2","https://sn.coinafrique.com/categorie/poules-lapins-et-pigeons?page=10","Poulet de chair","https://sn.coinafrique.com/annonce/poules-lapins-et-pigeons/poulet-de-chair-729710","On livre partout à Dakar .

Juste vous payer le prix de votre poulet et la livraison est faite .","3 000 CFA","Grand Yoff, Dakar, Sénégal","https://images.coinafrique.com/thumb_729710_uploaded_image1_1562719384.82.png"
"1739231639-3","https://sn.coinafrique.com/categorie/poules-lapins-et-pigeons?page=10","Lapins et lapereaux angora Californien","https://sn.coinafrique.com/annonce/poules-lapins-et-pigeons/lapins-et-lapereaux-angora-californien-729715","","Prix sur demande","Médina, Dakar, Sénégal","https://images.coinafrique.com/thumb_729715_uploaded_image1_1562719494.94.png"
"1739231642-4","https://sn.coinafrique.com/categorie/poules-lapins-et-pigeons?page=10","Lapin géant","https://sn.coinafrique.com/annonce/poules-lapins-et-pigeons/lapin-geant-761183","Un couple géant des Flandre issu d'un mâle fauve géant des flandre pur sang importé et tatoué.","70 000 CFA","Mbour, Sénégal","https://images.coinafrique.com/thumb_761183_uploaded_image1_1563536095.25.png"
"1739231645-5","https://sn.coinafrique.com/categorie/poules-lapins-et-pigeons?page=10","Lapins","https://sn.coinafrique.com/annonce/poules-lapins-et-pigeons/lapins-774940","Couple de lapins demi sang géants des Flandres, disponible","40 000 CFA","Dakar, Sénégal","https://images.coinafrique.com/thumb_774940_uploaded_image1_1563940703.34.png"
"1739231647-6","https://sn.coinafrique.com/categorie/poules-lapins-et-pigeons?page=10","Poulet de chair","https://sn.coinafrique.com/annonce/poules-lapins-et-pigeons/poulet-de-chair-798654","Meilleure qualité poulet de chair poids 2.kg à seulement 2000","2 000 CFA","Guediawaye, Dakar, Sénégal","https://images.coinafrique.com/thumb_4696598_uploaded_image1_1713352074.jpg"
"1739231650-7","https://sn.coinafrique.com/categorie/poules-lapins-et-pigeons?page=10","Coqs Brahmane","https://sn.coinafrique.com/annonce/poules-lapins-et-pigeons/coqs-brahmane-841858","Bonjour je vends des coqs et poussins de Brahmane pur sang","5 000 CFA","Thies Ouest, Thiès, Sénégal","https://images.coinafrique.com/thumb_841858_uploaded_image1_1565838064.66.png"
"1739231652-8","https://sn.coinafrique.com/categorie/poules-lapins-et-pigeons?page=10","Lapin Buchka","https://sn.coinafrique.com/annonce/poules-lapins-et-pigeons/lapin-buchka-848961","Lapin de Race Buchka Pur sang","7 000 CFA","Yoff, Dakar, Sénégal","https://images.coinafrique.com/thumb_848961_uploaded_image1_1566052780.75.png"
"1739231655-9","https://sn.coinafrique.com/categorie/poules-lapins-et-pigeons?page=10","Coq et poussins bleus","https://sn.coinafrique.com/annonce/poules-lapins-et-pigeons/coq-et-poussins-bleus-855420","Disponibles.","15 000 CFA","Sénégal","https://images.coinafrique.com/thumb_855420_uploaded_image1_1566249496.28.png"
"1739231657-10","https://sn.coinafrique.com/categorie/poules-lapins-et-pigeons?page=10","Race bleu d' hollande","https://sn.coinafrique.com/annonce/poules-lapins-et-pigeons/race-bleu-d-hollande-858710","","800 CFA","Sénégal","https://images.coinafrique.com/thumb_3879030_uploaded_image1_1663241521.jpg"
"1739231660-11","https://sn.coinafrique.com/categorie/poules-lapins-et-pigeons?page=10","Femelle GDF 4 mois","https://sn.coinafrique.com/annonce/poules-lapins-et-pigeons/femelle-gdf-4-mois-862099","Femelle GDF 4 mois à vendre","70 000 CFA","Médina, Dakar, Sénégal","https://images.coinafrique.com/thumb_862099_uploaded_image1_1566396428.28.png"
"1739231662-12","https://sn.coinafrique.com/categorie/poules-lapins-et-pigeons?page=10","Lapin nain noir adulte","https://sn.coinafrique.com/annonce/poules-lapins-et-pigeons/lapin-nain-noir-adulte-878312","","10 000 CFA","Médina, Dakar, Sénégal","https://images.coinafrique.com/thumb_878312_uploaded_image1_1566833445.3.png"
"1739231665-13","https://sn.coinafrique.com/categorie/poules-lapins-et-pigeons?page=10","Poulet de chair","https://sn.coinafrique.com/annonce/poules-lapins-et-pigeons/poulet-de-chair-885789","","2 500 CFA","Dakar, Sénégal","https://images.coinafrique.com/thumb_885789_uploaded_image1_1566997710.07.png"
"1739231671-14","https://sn.coinafrique.com/categorie/poules-lapins-et-pigeons?page=9","Coqs et poussins","https://sn.coinafrique.com/annonce/poules-lapins-et-pigeons/coqs-et-poussins-886578","Nous mettons à votre disposition des volailles de race de hollande

- Origine hollandaise

- Poids adulte : coq : 3,5 à 4 kg ; poule : 2,7 à 3,2 kg

Nous faisons la couvaison des œufs importés et mettons en vente les poussins à raison de 800 F CFA l’unité.","800 CFA","Sénégal","https://images.coinafrique.com/thumb_4050293_uploaded_image1_1673730559.jpg"
"1739231673-15","https://sn.coinafrique.com/categorie/poules-lapins-et-pigeons?page=9","Poulet de chair","https://sn.coinafrique.com/annonce/poules-lapins-et-pigeons/poulet-de-chair-886584","","2 500 CFA","Sénégal","https://images.coinafrique.com/thumb_4696598_uploaded_image1_1713352074.jpg"
"1739231676-16","https://sn.coinafrique.com/categorie/poules-lapins-et-pigeons?page=9","Coq","https://sn.coinafrique.com/annonce/poules-lapins-et-pigeons/coq-899472","Coq cochin bleu de 6 mois à vendre","30 000 CFA","Dakar, Sénégal","https://images.coinafrique.com/thumb_4030997_uploaded_image1_1672682387.jpg"
"1739231679-17","https://sn.coinafrique.com/categorie/poules-lapins-et-pigeons?page=9","Poussins bantam","https://sn.coinafrique.com/annonce/poules-lapins-et-pigeons/poussins-bantam-899477","Couple bantam de 3 semaines à vendre","15 000 CFA","Dakar, Sénégal","https://images.coinafrique.com/thumb_899477_uploaded_image1_1567385912.28.png"
"1739231681-18","https://sn.coinafrique.com/categorie/poules-lapins-et-pigeons?page=9","Barahmane","https://sn.coinafrique.com/annonce/poules-lapins-et-pigeons/barahmane-899487","Barahmane de 4 mois à vendre.","15 000 CFA","Dakar, Sénégal","https://images.coinafrique.com/thumb_899487_uploaded_image1_1567386142.96.png"
"1739231684-19","https://sn.coinafrique.com/categorie/poules-lapins-et-pigeons?page=9","Femelle Cochin bleu","https://sn.coinafrique.com/annonce/poules-lapins-et-pigeons/femelle-cochin-bleu-899496","Femelle cochin bleu en production et race pure à vendre","30 000 CFA","Dakar, Sénégal","https://images.coinafrique.com/thumb_899496_uploaded_image1_1567386467.81.png"
"1739231687-20","https://sn.coinafrique.com/categorie/poules-lapins-et-pigeons?page=9","Poulet de chair","https://sn.coinafrique.com/annonce/poules-lapins-et-pigeons/poulet-de-chair-908730","Venez commander de bons poulets à bon prix","Prix sur demande","Pikine, Sénégal","https://images.coinafrique.com/thumb_908730_uploaded_image1_1567603082.63.png"
"1739231689-21","https://sn.coinafrique.com/categorie/poules-lapins-et-pigeons?page=9","Poussins Bantam","https://sn.coinafrique.com/annonce/poules-lapins-et-pigeons/poussins-bantam-912493","Poussins de moins de 2 semaines","8 000 CFA","Keur Massar, Sénégal","https://images.coinafrique.com/thumb_912493_uploaded_image1_1567685916.85.png"
"1739231692-22","https://sn.coinafrique.com/categorie/poules-lapins-et-pigeons?page=9","Bouldolande","https://sn.coinafrique.com/annonce/poules-lapins-et-pigeons/bouldolande-944280","Bon prix .","7 000 CFA","Dieuppeul-Derklé, Dakar, Sénégal","https://images.coinafrique.com/thumb_944280_uploaded_image1_1568469542.41.png"
"1739231695-23","https://sn.coinafrique.com/categorie/poules-lapins-et-pigeons?page=9","Poulet - Pigeon  - Lapin","https://sn.coinafrique.com/annonce/poules-lapins-et-pigeons/poulet-pigeon-lapin-944363","Éleveur professionnel
Pigeon de race poulet de race lapin de race pérush","Prix sur demande","Sénégal","https://images.coinafrique.com/thumb_944363_uploaded_image1_1568471599.26.png"
"1739231697-24","https://sn.coinafrique.com/categorie/poules-lapins-et-pigeons?page=9","Paons Pigeons","https://sn.coinafrique.com/annonce/poules-lapins-et-pigeons/paons-pigeons-968953","Je vends des paires de paons à des prix très abordables. 

Si vous êtes intéressés, contactez moi.","30 000 CFA","Guediawaye, Dakar, Sénégal","https://images.coinafrique.com/thumb_4996843_uploaded_image1_1729085675.jpg"
"1739231700-25","https://sn.coinafrique.com/categorie/poules-lapins-et-pigeons?page=9","Poules","https://sn.coinafrique.com/annonce/poules-lapins-et-pigeons/poules-977534","Poules","7 000 CFA","Sénégal","https://images.coinafrique.com/thumb_5044135_uploaded_image1_1731603018.jpg"
"1739231702-26","https://sn.coinafrique.com/categorie/poules-lapins-et-pigeons?page=9","Lapins angora californien","https://sn.coinafrique.com/annonce/poules-lapins-et-pigeons/lapins-angora-californien-993655","Lapin mal","11 000 CFA","Médina, Dakar, Sénégal","https://images.coinafrique.com/thumb_1014679_uploaded_image1_1570023780.43.png"
"1739231705-27","https://sn.coinafrique.com/categorie/poules-lapins-et-pigeons?page=9","Brahmane poules","https://sn.coinafrique.com/annonce/poules-lapins-et-pigeons/brahmane-poules-1006369","Capables de couver ses œufs et d'élever ses poussins","35 000 CFA","Hann Bel-Air, Dakar, Sénégal","https://images.coinafrique.com/thumb_4936101_uploaded_image1_1725915391.jpg"
"1739231708-28","https://sn.coinafrique.com/categorie/poules-lapins-et-pigeons?page=9","Bleus d'hollande","https://sn.coinafrique.com/annonce/poules-lapins-et-pigeons/bleus-dhollande-1006380","Capables de couver ses œufs comme les poules de la basse cour","15 000 CFA","Hann Bel-Air, Dakar, Sénégal",""
"1739231710-29","https://sn.coinafrique.com/categorie/poules-lapins-et-pigeons?page=9","Pigeon voyageur","https://sn.coinafrique.com/annonce/poules-lapins-et-pigeons/pigeon-voyageur-1006407","Pigeon Triganini est une race de pigeon italienne de Modene","20 000 CFA","Grand Yoff, Dakar, Sénégal","https://images.coinafrique.com/thumb_4946879_uploaded_image1_1726499763.jpg"
"1739231713-30","https://sn.coinafrique.com/categorie/poules-lapins-et-pigeons?page=9","Pigeon voyageur","https://sn.coinafrique.com/annonce/poules-lapins-et-pigeons/pigeon-voyageur-1006413","Messager de Bassorah est une race de pigeon syrienne","25 000 CFA","Grand Yoff, Dakar, Sénégal","https://images.coinafrique.com/thumb_4946879_uploaded_image1_1726499763.jpg"
"1739231715-31","https://sn.coinafrique.com/categorie/poules-lapins-et-pigeons?page=9","Pigeon voyageur","https://sn.coinafrique.com/annonce/poules-lapins-et-pigeons/pigeon-voyageur-1006424","Pigeon originaire de la ville  de Revelles","20 000 CFA","Grand Yoff, Dakar, Sénégal","https://images.coinafrique.com/thumb_4946879_uploaded_image1_1726499763.jpg"
"1739231718-32","https://sn.coinafrique.com/categorie/poules-lapins-et-pigeons?page=9","Lapin angora californien","https://sn.coinafrique.com/annonce/poules-lapins-et-pigeons/lapin-angora-californien-1014679","","15 000 CFA","Mermoz-Sacré-Cœur, Dakar, Sénégal","https://images.coinafrique.com/thumb_1014679_uploaded_image1_1570023780.43.png"
"1739231720-33","https://sn.coinafrique.com/categorie/poules-lapins-et-pigeons?page=9","Lapin géant","https://sn.coinafrique.com/annonce/poules-lapins-et-pigeons/lapin-geant-1023073","Lapin géant métisse Florida white (USA) âgés de 6 mois et bien entretenu","45 000 CFA","Yoff, Dakar, Sénégal","https://images.coinafrique.com/thumb_1364891_uploaded_image1_1576778546.81.png"
"1739231723-34","https://sn.coinafrique.com/categorie/poules-lapins-et-pigeons?page=9","Perroquet","https://sn.coinafrique.com/annonce/poules-lapins-et-pigeons/perroquet-1040990","Des inséparables perroquets de décoration","75 000 CFA","Hann Bel-Air, Dakar, Sénégal","https://images.coinafrique.com/thumb_1040990_uploaded_image1_1570583700.42.png"
"1739231725-35","https://sn.coinafrique.com/categorie/poules-lapins-et-pigeons?page=9","Lapin géant des Flandres","https://sn.coinafrique.com/annonce/poules-lapins-et-pigeons/lapin-geant-des-flandres-1072763","Lapin mâle de 5 mois 3/4, géant des Flandres.","35 000 CFA","Mermoz-Sacré Coeur, Dakar, Sénégal","https://images.coinafrique.com/thumb_1072763_uploaded_image1_1571252694.33.png"
"1739231728-36","https://sn.coinafrique.com/categorie/poules-lapins-et-pigeons?page=9","Pigeon links","https://sn.coinafrique.com/annonce/poules-lapins-et-pigeons/pigeon-links-1091921","","Prix sur demande","Diourbel, Sénégal","https://images.coinafrique.com/thumb_1091921_uploaded_image1_1571681099.26.png"
"1739231731-37","https://sn.coinafrique.com/categorie/poules-lapins-et-pigeons?page=9","Couple pigeons cravatés français","https://sn.coinafrique.com/annonce/poules-lapins-et-pigeons/couple-pigeons-cravates-francais-1112720","Je vends un couple pigeons cravatés français.","50 000 CFA","Cambérène, Dakar, Sénégal","https://images.coinafrique.com/thumb_2082389_uploaded_image1_1588989025.jpg"
"1739231733-38","https://sn.coinafrique.com/categorie/poules-lapins-et-pigeons?page=9","Bleu hollandais","https://sn.coinafrique.com/annonce/poules-lapins-et-pigeons/bleu-hollandais-1115010","Bon poulet","25 000 CFA","Sénégal","https://images.coinafrique.com/thumb_4651892_uploaded_image1_1710962341.jpg"
"1739231736-39","https://sn.coinafrique.com/categorie/poules-lapins-et-pigeons?page=9","Pigeons","https://sn.coinafrique.com/annonce/poules-lapins-et-pigeons/pigeons-1137405","Pigeons de race pur sang.","Prix sur demande","Fatick, Sénégal","https://images.coinafrique.com/thumb_1137405_uploaded_image2_1572537461.89.png"
"1739231739-40","https://sn.coinafrique.com/categorie/poules-lapins-et-pigeons?page=9","Poulets Guinars tiirr","https://sn.coinafrique.com/annonce/poules-lapins-et-pigeons/poulets-guinars-tiirr-1146827","Je vends des poulets ""guinars tiirr"", disponibles à bon prix noirs et blancs.","Prix sur demande","Patte d'oie, Dakar, Sénégal","https://images.coinafrique.com/thumb_1146827_uploaded_image2_1572746441.92.png"
"1739231741-41","https://sn.coinafrique.com/categorie/poules-lapins-et-pigeons?page=9","Maton","https://sn.coinafrique.com/annonce/poules-lapins-et-pigeons/maton-1148605","","25 000 CFA","Mermoz-Sacré-Cœur, Dakar, Sénégal","https://images.coinafrique.com/thumb_1148605_uploaded_image1_1572793285.71.png"
"1739231744-42","https://sn.coinafrique.com/categorie/poules-lapins-et-pigeons?page=9","Lawar","https://sn.coinafrique.com/annonce/poules-lapins-et-pigeons/lawar-1148681","A discuter","30 000 CFA","Mermoz-Sacré-Cœur, Dakar, Sénégal","https://images.coinafrique.com/thumb_1148681_uploaded_image1_1572794832.68.png"
"1739231747-43","https://sn.coinafrique.com/categorie/poules-lapins-et-pigeons?page=9","Poussin - 1 jour","https://sn.coinafrique.com/annonce/poules-lapins-et-pigeons/poussin-1-jour-1159518","Poussin de qualité couvoir Amar nous travaillions pour l'efficacité selon le besoin et la proximité des personnes.","Prix sur demande","Sénégal","https://images.coinafrique.com/thumb_4098076_uploaded_image1_1676582659.jpg"
"1739231749-44","https://sn.coinafrique.com/categorie/poules-lapins-et-pigeons?page=9","Jeune femelle  lavande","https://sn.coinafrique.com/annonce/poules-lapins-et-pigeons/jeune-femelle-lavande-1204935","Je vends une jeune femelle lahor lavande","20 000 CFA","Les Parcelles Assainies, Dakar, Sénégal","https://images.coinafrique.com/thumb_1204935_uploaded_image1_1573840898.61.png"
"1739231752-45","https://sn.coinafrique.com/categorie/poules-lapins-et-pigeons?page=9","Pigeons","https://sn.coinafrique.com/annonce/poules-lapins-et-pigeons/pigeons-1209192","Eureka guet-gui - met en vente ce couple de beauté allemand blanc uni adulte","60 000 CFA","Pikine, Sénégal","https://images.coinafrique.com/thumb_1209192_uploaded_image1_1573933592.0.png"
"1739231755-46","https://sn.coinafrique.com/categorie/poules-lapins-et-pigeons?page=9","Pigeon à queue de paon indien","https://sn.coinafrique.com/annonce/poules-lapins-et-pigeons/pigeon-a-queue-de-paon-indien-1242200","Bonjour tout le monde , nous somme là pour vous présenter notre premier fruit de la Colombo culture (élevage des pigeons de races) 
Un couple de pigeon jeune, âgé de 2 mois ,ce sont des paons indien rouge à tampon gris
Paon indien à un prix vraiment avantageux pour vous.
Eh oui, c'est notre black friday ,","20 000 CFA","Dakar, Sénégal",""
"1739231757-47","https://sn.coinafrique.com/categorie/poules-lapins-et-pigeons?page=9","Pigeon fauve","https://sn.coinafrique.com/annonce/poules-lapins-et-pigeons/pigeon-fauve-1246480","Bonjour je vous présente une femelle fauve à un prix cadeau + un paon blanc offert","10 000 CFA","Mermoz-Sacré-Cœur, Dakar, Sénégal","https://images.coinafrique.com/thumb_1246480_uploaded_image1_1574613561.29.png"
"1739231760-48","https://sn.coinafrique.com/categorie/poules-lapins-et-pigeons?page=9","Pigeon mondain","https://sn.coinafrique.com/annonce/poules-lapins-et-pigeons/pigeon-mondain-1247406","Je vends un pigeon mâle de race mondain
je vous le vends à un prix cadeau alors appelez-moi vite
n'hésitez pas pour des informations.","20 000 CFA","Mermoz-Sacré-Cœur, Dakar, Sénégal","https://images.coinafrique.com/thumb_4240446_uploaded_image1_1685727771.jpg"
"1739231763-49","https://sn.coinafrique.com/categorie/poules-lapins-et-pigeons?page=9","Lapereaux fauve","https://sn.coinafrique.com/annonce/poules-lapins-et-pigeons/lapereaux-fauve-1261253","Lapin fauve de Bourgogne à vendre 
Pure race","Prix sur demande","Ngor, Dakar, Sénégal","https://images.coinafrique.com/thumb_1261253_uploaded_image1_1574871227.98.png"
"1739231766-50","https://sn.coinafrique.com/categorie/poules-lapins-et-pigeons?page=9","Lapins de race","https://sn.coinafrique.com/annonce/poules-lapins-et-pigeons/lapins-de-race-1291213","Je suis un éleveur de lapin de race","70 000 CFA","Guediawaye, Dakar, Sénégal","https://images.coinafrique.com/thumb_3187687_uploaded_image1_1624451192.jpg"
"1739231769-51","https://sn.coinafrique.com/categorie/poules-lapins-et-pigeons?page=9","Lapins de race","https://sn.coinafrique.com/annonce/poules-lapins-et-pigeons/lapins-de-race-1291215","Lapins de race à vendre en bonne santé","70 000 CFA","Guediawaye, Dakar, Sénégal","https://images.coinafrique.com/thumb_3187687_uploaded_image1_1624451192.jpg"
"1739231771-52","https://sn.coinafrique.com/categorie/poules-lapins-et-pigeons?page=9","Lapin","https://sn.coinafrique.com/annonce/poules-lapins-et-pigeons/lapin-1291244","","25 000 CFA","Grand Yoff, Dakar, Sénégal","https://images.coinafrique.com/thumb_4975768_uploaded_image1_1727986043.jpg"
"1739231776-53","https://sn.coinafrique.com/categorie/poules-lapins-et-pigeons?page=9","Dinde d'Amérique","https://sn.coinafrique.com/annonce/poules-lapins-et-pigeons/dinde-damerique-1346036","Nous vendons des dindes ; colvert ; canard ; pigeons ; poulet local etc....
Veillez me contacter pour plus d'information  merci","Prix sur demande","Dakar, Sénégal",""
"1739231780-54","https://sn.coinafrique.com/categorie/poules-lapins-et-pigeons?page=9","Canards","https://sn.coinafrique.com/annonce/poules-lapins-et-pigeons/canards-1346042","Nous vendons des canards. Contacter nous pour plus d'information merci","5 000 CFA","Mermoz-Sacré-Cœur, Dakar, Sénégal","https://images.coinafrique.com/thumb_1346042_uploaded_image1_1576463783.33.png"
"1739231784-55","https://sn.coinafrique.com/categorie/poules-lapins-et-pigeons?page=9","Lapins de race","https://sn.coinafrique.com/annonce/poules-lapins-et-pigeons/lapins-de-race-1364891","Je mets en vente des lapins de race (fauve de bourgogne, californien, géant des flandres, géant papillon français et des métissages) à un prix cadeau.
Pour plus d'info, veuillez me contacter!","80 000 CFA","Yoff, Dakar, Sénégal","https://images.coinafrique.com/thumb_1364891_uploaded_image1_1576778546.81.png"
"1739231789-56","https://sn.coinafrique.com/categorie/poules-lapins-et-pigeons?page=9","Oeuf fécondé","https://sn.coinafrique.com/annonce/poules-lapins-et-pigeons/oeuf-feconde-1365452","Des œufs fécondés de qualité, pour des poussins en bonne santé.
Nous produisons des œufs fécondés de Ross 308. 
Les poulet de chairs.
Notre stock est toujours disponible. 
Nous livrons dans 3 jours après la validation de votre commande 
Nous livrons minimum une palette qui contient 8640 œufs. 
NB: si vous avez besoin plus d'informations ou d'un incubateur n'hésitez pas à nous contacter.","240 CFA","Dakar, Sénégal","https://images.coinafrique.com/thumb_1365452_uploaded_image1_1576790350.48.png"
"1739231793-57","https://sn.coinafrique.com/categorie/poules-lapins-et-pigeons?page=9","Trio Bantam de Pékin","https://sn.coinafrique.com/annonce/poules-lapins-et-pigeons/trio-bantam-de-pekin-1415870","Trio bantam de pékin (male noir femele noir et gris)","60 000 CFA","Keur Massar, Sénégal","https://images.coinafrique.com/thumb_1415870_uploaded_image1_1577915713.92.png"
"1739231797-58","https://sn.coinafrique.com/categorie/poules-lapins-et-pigeons?page=9","Brahmane","https://sn.coinafrique.com/annonce/poules-lapins-et-pigeons/brahmane-1415899","Couple brahmane adulte","50 000 CFA","Keur Massar, Sénégal","https://images.coinafrique.com/thumb_4401630_uploaded_image1_1696382057.jpg"
"1739231801-59","https://sn.coinafrique.com/categorie/poules-lapins-et-pigeons?page=9","Poulet de race","https://sn.coinafrique.com/annonce/poules-lapins-et-pigeons/poulet-de-race-1417714","Baramane de race","40 000 CFA","Dakar, Sénégal","https://images.coinafrique.com/thumb_3788366_uploaded_image1_1658082013.jpg"
"1739231805-60","https://sn.coinafrique.com/categorie/poules-lapins-et-pigeons?page=9","Poussin hermine - 7 jours","https://sn.coinafrique.com/annonce/poules-lapins-et-pigeons/poussin-hermine-7-jours-1432855","Des poussins hermines sont disponible sur prix
Merci","15 000 CFA","Sénégal","https://images.coinafrique.com/thumb_1432855_uploaded_image1_1578928555.77.png"
"1739231808-61","https://sn.coinafrique.com/categorie/poules-lapins-et-pigeons?page=9","Poule","https://sn.coinafrique.com/annonce/poules-lapins-et-pigeons/poule-1461888","Une mâle de poule de race baraman à vendre","35 000 CFA","Hann Bel-Air, Dakar, Sénégal","https://images.coinafrique.com/thumb_4993341_uploaded_image1_1728920307.jpg"
"1739231812-62","https://sn.coinafrique.com/categorie/poules-lapins-et-pigeons?page=9","Males Bantam de Pékin","https://sn.coinafrique.com/annonce/poules-lapins-et-pigeons/males-bantam-de-pekin-1480111","Des males de bantam de pékin à vendre à un prix abordable","15 000 CFA","Keur Massar, Sénégal","https://images.coinafrique.com/thumb_1480111_uploaded_image1_1579028647.6.png"
"1739231815-63","https://sn.coinafrique.com/categorie/poules-lapins-et-pigeons?page=9","Poulet","https://sn.coinafrique.com/annonce/poules-lapins-et-pigeons/poulet-1521236","Un mâle de race baraman disponible","40 000 CFA","Hann Bel-Air, Dakar, Sénégal","https://images.coinafrique.com/thumb_4942161_uploaded_image1_1726204258.jpg"
"1739231818-64","https://sn.coinafrique.com/categorie/poules-lapins-et-pigeons?page=9","Couple Cochin","https://sn.coinafrique.com/annonce/poules-lapins-et-pigeons/couple-cochin-1577201","Couple cochin adulte(male et une femele coucou)","Prix sur demande","Keur Massar, Sénégal","https://images.coinafrique.com/thumb_3868279_uploaded_image1_1662589600.jpg"
"1739231821-65","https://sn.coinafrique.com/categorie/poules-lapins-et-pigeons?page=9","Oies","https://sn.coinafrique.com/annonce/poules-lapins-et-pigeons/oies-1584132","Couple  oie à vendre prix abordable","90 000 CFA","Keur Massar, Sénégal","https://images.coinafrique.com/thumb_1584132_uploaded_image2_1580714620.25.png"
"1739231829-66","https://sn.coinafrique.com/categorie/poules-lapins-et-pigeons?page=9","Femelle cochin bleu","https://sn.coinafrique.com/annonce/poules-lapins-et-pigeons/femelle-cochin-bleu-1599500","","30 000 CFA","Les Parcelles Assainies, Dakar, Sénégal","https://images.coinafrique.com/thumb_1599500_uploaded_image1_1580916087.86.png"
"1739231833-67","https://sn.coinafrique.com/categorie/poules-lapins-et-pigeons?page=9","Poule","https://sn.coinafrique.com/annonce/poules-lapins-et-pigeons/poule-1645136","Couple cochin adulte à vendre","55 000 CFA","Keur Massar, Sénégal","https://images.coinafrique.com/thumb_4877982_uploaded_image1_1722858918.jpg"
"1739231835-68","https://sn.coinafrique.com/categorie/poules-lapins-et-pigeons?page=9","Blond Panoramin","https://sn.coinafrique.com/annonce/poules-lapins-et-pigeons/blond-panoramin-1654385","","40 000 CFA","Guediawaye, Dakar, Sénégal","https://images.coinafrique.com/thumb_1654385_uploaded_image1_1581775358.47.png"
"1739231839-69","https://sn.coinafrique.com/categorie/poules-lapins-et-pigeons?page=9","Lapin métissé","https://sn.coinafrique.com/annonce/poules-lapins-et-pigeons/lapin-metisse-1687460","Je mets en vente des lapin métissé","10 000 CFA","Dakar, Sénégal","https://images.coinafrique.com/thumb_4296184_uploaded_image1_1689472721.jpg"
"1739231841-70","https://sn.coinafrique.com/categorie/poules-lapins-et-pigeons?page=9","Paon","https://sn.coinafrique.com/annonce/poules-lapins-et-pigeons/paon-1691196","","250 000 CFA","Dakar, Sénégal","https://images.coinafrique.com/thumb_2323541_uploaded_image1_1592764212.jpg"
"1739231845-71","https://sn.coinafrique.com/categorie/poules-lapins-et-pigeons?page=9","Coq Orpington Fauve","https://sn.coinafrique.com/annonce/poules-lapins-et-pigeons/coq-orpington-fauve-1699722","Vente de coq Orpington fauve","35 000 CFA","Louga, Sénégal","https://images.coinafrique.com/thumb_1699722_uploaded_image1_1582581938.31.png"
"1739231847-72","https://sn.coinafrique.com/categorie/poules-lapins-et-pigeons?page=9","Pigeons","https://sn.coinafrique.com/annonce/poules-lapins-et-pigeons/pigeons-1712742","Couple pigeons de race","65 000 CFA","Dakar-Plateau, Dakar, Sénégal","https://images.coinafrique.com/thumb_1712742_uploaded_image1_1582798028.37.png"
"1739231850-73","https://sn.coinafrique.com/categorie/poules-lapins-et-pigeons?page=9","Poussin Orpington","https://sn.coinafrique.com/annonce/poules-lapins-et-pigeons/poussin-orpington-1716103","Des poussins Orpington disponible à 5000fcfa l'unité","5 000 CFA","Dakar, Sénégal","https://images.coinafrique.com/thumb_1716103_uploaded_image1_1582837127.36.png"
"1739231852-74","https://sn.coinafrique.com/categorie/poules-lapins-et-pigeons?page=9","Coq","https://sn.coinafrique.com/annonce/poules-lapins-et-pigeons/coq-1723625","Baraman disponible mâle à bon prix","25 000 CFA","Les Parcelles Assainies, Dakar, Sénégal","https://images.coinafrique.com/thumb_1723625_uploaded_image1_1582972350.31.png"
"1739231855-75","https://sn.coinafrique.com/categorie/poules-lapins-et-pigeons?page=9","Lapin Angora","https://sn.coinafrique.com/annonce/poules-lapins-et-pigeons/lapin-angora-1732205","Lapin de race Angora","25 000 CFA","Thies Nord, Thiès, Sénégal","https://images.coinafrique.com/thumb_1732205_uploaded_image1_1583152160.0.png"
"1739231857-76","https://sn.coinafrique.com/categorie/poules-lapins-et-pigeons?page=9","Mâle bantam","https://sn.coinafrique.com/annonce/poules-lapins-et-pigeons/male-bantam-1773437","Mâles bantam de pékin de 7 mois à vendre","20 000 CFA","Keur Massar, Sénégal","https://images.coinafrique.com/thumb_1480111_uploaded_image1_1579028647.6.png"
"1739231860-77","https://sn.coinafrique.com/categorie/poules-lapins-et-pigeons?page=9","Pigeon texan paon indien","https://sn.coinafrique.com/annonce/poules-lapins-et-pigeons/pigeon-texan-paon-indien-1804515","Des couple texan et paon indien disponible","60 000 CFA","Grand Yoff, Dakar, Sénégal","https://images.coinafrique.com/thumb_1804515_uploaded_image1_1584398280.63.png"
"1739231864-78","https://sn.coinafrique.com/categorie/poules-lapins-et-pigeons?page=9","Pigeon texan - Paon indien","https://sn.coinafrique.com/annonce/poules-lapins-et-pigeons/pigeon-texan-paon-indien-1804522","Des couple texan et paon indien disponible","60 000 CFA","Dakar, Sénégal","https://images.coinafrique.com/thumb_1804522_uploaded_image1_1584398352.13.png"
"1739231867-79","https://sn.coinafrique.com/categorie/poules-lapins-et-pigeons?page=9","Paon indien","https://sn.coinafrique.com/annonce/poules-lapins-et-pigeons/paon-indien-1804679","Bonjour je vend une  couple a paon indien","30 000 CFA","Keur Massar, Sénégal","https://images.coinafrique.com/thumb_1804679_uploaded_image1_1584402291.56.png"
"1739231869-80","https://sn.coinafrique.com/categorie/poules-lapins-et-pigeons?page=9","Poulet de chair","https://sn.coinafrique.com/annonce/poules-lapins-et-pigeons/poulet-de-chair-1804847","Livraison a domicile a partir de 5 poulets 1kilo700 et 2kilo","2 700 CFA","Sénégal","https://images.coinafrique.com/thumb_4696598_uploaded_image1_1713352074.jpg"
"1739231872-81","https://sn.coinafrique.com/categorie/poules-lapins-et-pigeons?page=9","Cop Brahma","https://sn.coinafrique.com/annonce/poules-lapins-et-pigeons/cop-brahma-1812172","Brahma à vendre race pure bonne santé .","40 000 CFA","Parcelle Assainies, Dakar, Sénégal","https://images.coinafrique.com/thumb_1812172_uploaded_image1_1584528622.9.png"
"1739231875-82","https://sn.coinafrique.com/categorie/poules-lapins-et-pigeons?page=9","Pigeon voyageur","https://sn.coinafrique.com/annonce/poules-lapins-et-pigeons/pigeon-voyageur-1831098","Pigeon voyageur","13 000 CFA","Dakar-Plateau, Dakar, Sénégal","https://images.coinafrique.com/thumb_3829942_uploaded_image1_1660489290.jpg"
"1739231879-83","https://sn.coinafrique.com/categorie/poules-lapins-et-pigeons?page=9","Pigeon voyageur","https://sn.coinafrique.com/annonce/poules-lapins-et-pigeons/pigeon-voyageur-1831100","Pigeon voyageur","13 000 CFA","Dakar-Plateau, Dakar, Sénégal","https://images.coinafrique.com/thumb_3829942_uploaded_image1_1660489290.jpg"
"1739231881-84","https://sn.coinafrique.com/categorie/poules-lapins-et-pigeons?page=9","Poulet de chair","https://sn.coinafrique.com/annonce/poules-lapins-et-pigeons/poulet-de-chair-1842198","Avez vous besoin de poulet appelez nous.     
Distributeur de poulets de chairs faites vos commandes","3 000 CFA","Rufisque, Sénégal","https://images.coinafrique.com/thumb_4612683_uploaded_image1_1708957200.jpg"
"1739231885-85","https://sn.coinafrique.com/categorie/poules-lapins-et-pigeons?page=9","Pigeons Mondain / boulan","https://sn.coinafrique.com/annonce/poules-lapins-et-pigeons/pigeons-mondain-boulan-1856511","De beaux pigeons mondains boulans ou métisses disponibles en quantité et en qualité","Prix sur demande","Louga, Sénégal","https://images.coinafrique.com/thumb_4277905_uploaded_image1_1688318584.jpg"
"1739231889-86","https://sn.coinafrique.com/categorie/poules-lapins-et-pigeons?page=9","Poulet de chair","https://sn.coinafrique.com/annonce/poules-lapins-et-pigeons/poulet-de-chair-1888745","Des poulet de chair de bonne qualité disponible","2 500 CFA","Keur Massar, Sénégal","https://images.coinafrique.com/thumb_4283570_uploaded_image1_1688648209.jpg"
"1739231891-87","https://sn.coinafrique.com/categorie/poules-lapins-et-pigeons?page=9","Pigeon paon","https://sn.coinafrique.com/annonce/poules-lapins-et-pigeons/pigeon-paon-1890068","","40 000 CFA","Mermoz-Sacré-Cœur, Dakar, Sénégal","https://images.coinafrique.com/thumb_2323541_uploaded_image1_1592764212.jpg"
"1739231895-88","https://sn.coinafrique.com/categorie/poules-lapins-et-pigeons?page=9","Pigeons","https://sn.coinafrique.com/annonce/poules-lapins-et-pigeons/pigeons-1890093","","30 000 CFA","Mermoz-Sacré-Cœur, Dakar, Sénégal","https://images.coinafrique.com/thumb_4920745_uploaded_image1_1725167512.jpg"
"1739231898-89","https://sn.coinafrique.com/categorie/poules-lapins-et-pigeons?page=9","Pigeons Laor","https://sn.coinafrique.com/annonce/poules-lapins-et-pigeons/pigeons-laor-1890181","","40 000 CFA","Mermoz-Sacré-Cœur, Dakar, Sénégal","https://images.coinafrique.com/thumb_3058782_uploaded_image1_1618401720.jpg"
"1739231901-90","https://sn.coinafrique.com/categorie/poules-lapins-et-pigeons?page=9","Pigeons King","https://sn.coinafrique.com/annonce/poules-lapins-et-pigeons/pigeons-king-1890193","","35 000 CFA","Mermoz-Sacré-Cœur, Dakar, Sénégal","https://images.coinafrique.com/thumb_4704120_uploaded_image1_1713750109.jpg"
"1739231903-91","https://sn.coinafrique.com/categorie/poules-lapins-et-pigeons?page=9","Coq Orpitone","https://sn.coinafrique.com/annonce/poules-lapins-et-pigeons/coq-orpitone-1890489","","30 000 CFA","Mermoz-Sacré-Cœur, Dakar, Sénégal","https://images.coinafrique.com/thumb_1890489_uploaded_image1_1585937996.82.png"
"1739231906-92","https://sn.coinafrique.com/categorie/poules-lapins-et-pigeons?page=9","Poulet","https://sn.coinafrique.com/annonce/poules-lapins-et-pigeons/poulet-1907954","","3 000 CFA","Dakar, Sénégal","https://images.coinafrique.com/thumb_4767951_uploaded_image1_1716976720.jpg"
"1739231909-93","https://sn.coinafrique.com/categorie/poules-lapins-et-pigeons?page=9","Orpington","https://sn.coinafrique.com/annonce/poules-lapins-et-pigeons/orpington-1913036","","30 000 CFA","Mermoz-Sacré-Cœur, Dakar, Sénégal","https://images.coinafrique.com/thumb_3441502_uploaded_image1_1637127447.jpg"
"1739231911-94","https://sn.coinafrique.com/categorie/poules-lapins-et-pigeons?page=9","Lapins","https://sn.coinafrique.com/annonce/poules-lapins-et-pigeons/lapins-1913175","Lapins très bien entretenus mâles et femelles en vente.à votre choix.prix sur demande. Merci","Prix sur demande","Dieuppeul-Derklé, Dakar, Sénégal","https://images.coinafrique.com/thumb_5148151_uploaded_image1_1737572310.jpg"
"1739231916-95","https://sn.coinafrique.com/categorie/poules-lapins-et-pigeons?page=9","Poulets","https://sn.coinafrique.com/annonce/poules-lapins-et-pigeons/poulets-1918730","Visible à yeumbeul","2 750 CFA","Dakar, Sénégal","https://images.coinafrique.com/thumb_4767951_uploaded_image1_1716976720.jpg"
"1739231918-96","https://sn.coinafrique.com/categorie/poules-lapins-et-pigeons?page=9","Poulets de chairs","https://sn.coinafrique.com/annonce/poules-lapins-et-pigeons/poulets-de-chairs-1934126","Guinars you bakh lolou 1kg800 et 2kg
rak tak","2 500 CFA","Dakar, Sénégal","https://images.coinafrique.com/thumb_4509252_uploaded_image1_1703175319.jpg"
"1739231922-97","https://sn.coinafrique.com/categorie/poules-lapins-et-pigeons?page=9","Poulets","https://sn.coinafrique.com/annonce/poules-lapins-et-pigeons/poulets-1963021","1kg700 a 1kg900 et frais de livraison","2 400 CFA","Dakar, Sénégal","https://images.coinafrique.com/thumb_4767951_uploaded_image1_1716976720.jpg"
"1739231935-98","https://sn.coinafrique.com/categorie/poules-lapins-et-pigeons?page=8","Poulets","https://sn.coinafrique.com/annonce/poules-lapins-et-pigeons/poulets-1963033","1kg700 a 1kg900","2 400 CFA","Dakar, Sénégal","https://images.coinafrique.com/thumb_4767951_uploaded_image1_1716976720.jpg"
"1739231938-99","https://sn.coinafrique.com/categorie/poules-lapins-et-pigeons?page=8","Poussins nés le 8 avril","https://sn.coinafrique.com/annonce/poules-lapins-et-pigeons/poussins-nes-le-8-avril-1971696","Je vends des poussins de chair nés le 8 avril j'en ai environ 350
et 10 poussins bleu de hollande à 950 fcfa","650 CFA","Saly, Sénégal",""
"1739231942-100","https://sn.coinafrique.com/categorie/poules-lapins-et-pigeons?page=8","Couple Brahman","https://sn.coinafrique.com/annonce/poules-lapins-et-pigeons/couple-brahman-1975396","Couple brahman adulte de 7 mois contactez-moi","Prix sur demande","Keur Massar, Sénégal","https://images.coinafrique.com/thumb_3868279_uploaded_image1_1662589600.jpg"
"1739231946-101","https://sn.coinafrique.com/categorie/poules-lapins-et-pigeons?page=8","Poulets de chair","https://sn.coinafrique.com/annonce/poules-lapins-et-pigeons/poulets-de-chair-1988804","Nous vous proposons des poulets de bonne qualité à partir de 2500 F ( prix au détail )
Vente en gros possible","2 500 CFA","Dieuppeul-Derklé, Dakar, Sénégal","https://images.coinafrique.com/thumb_1988804_uploaded_image1_1587553659.jpg"
"1739231950-102","https://sn.coinafrique.com/categorie/poules-lapins-et-pigeons?page=8","Poussins  brahman colombia","https://sn.coinafrique.com/annonce/poules-lapins-et-pigeons/poussins-brahman-colombia-1990096","Poussins de brahman colombia de 3 semaines disponible
Venez vite","Prix sur demande","Keur Massar, Sénégal","https://images.coinafrique.com/thumb_2513890_uploaded_image1_1596608950.jpg"
"1739231953-103","https://sn.coinafrique.com/categorie/poules-lapins-et-pigeons?page=8","Pigeon","https://sn.coinafrique.com/annonce/poules-lapins-et-pigeons/pigeon-1992182","Pigeon rouge","35 000 CFA","Guediawaye, Dakar, Sénégal","https://images.coinafrique.com/thumb_5121788_uploaded_image1_1736179154.jpg"
"1739231955-104","https://sn.coinafrique.com/categorie/poules-lapins-et-pigeons?page=8","Couple Laor","https://sn.coinafrique.com/annonce/poules-lapins-et-pigeons/couple-laor-1995115","A vendre","50 000 CFA","Dakar, Sénégal","https://images.coinafrique.com/thumb_1995210_uploaded_image1_1587646147.jpg"
"1739231959-105","https://sn.coinafrique.com/categorie/poules-lapins-et-pigeons?page=8","Pigeons","https://sn.coinafrique.com/annonce/poules-lapins-et-pigeons/pigeons-1995134","","50 000 CFA","Dakar, Sénégal","https://images.coinafrique.com/thumb_4920745_uploaded_image1_1725167512.jpg"
"1739231963-106","https://sn.coinafrique.com/categorie/poules-lapins-et-pigeons?page=8","Couple  Laor","https://sn.coinafrique.com/annonce/poules-lapins-et-pigeons/couple-laor-1995183","","50 000 CFA","Dakar, Sénégal","https://images.coinafrique.com/thumb_1995210_uploaded_image1_1587646147.jpg"
"1739231966-107","https://sn.coinafrique.com/categorie/poules-lapins-et-pigeons?page=8","Couple Laor","https://sn.coinafrique.com/annonce/poules-lapins-et-pigeons/couple-laor-1995210","","50 000 CFA","Dakar, Sénégal","https://images.coinafrique.com/thumb_1995210_uploaded_image1_1587646147.jpg"
"1739231969-108","https://sn.coinafrique.com/categorie/poules-lapins-et-pigeons?page=8","Oie","https://sn.coinafrique.com/annonce/poules-lapins-et-pigeons/oie-1997244","2 mois","35 000 CFA","Dakar, Sénégal","https://images.coinafrique.com/thumb_1997244_uploaded_image1_1587667066.jpg"
"1739231973-109","https://sn.coinafrique.com/categorie/poules-lapins-et-pigeons?page=8","Poulets","https://sn.coinafrique.com/annonce/poules-lapins-et-pigeons/poulets-2001942","Pour plus d'information appelez moi ou whatsapp possibilité de livraison","3 000 CFA","Dakar, Sénégal","https://images.coinafrique.com/thumb_4767951_uploaded_image1_1716976720.jpg"
"1739231976-110","https://sn.coinafrique.com/categorie/poules-lapins-et-pigeons?page=8","Poulets à vendre et oeufs","https://sn.coinafrique.com/annonce/poules-lapins-et-pigeons/poulets-a-vendre-et-oeufs-2002375","Je vends des poulets sur pieds et des œufs à 1500FCFA  si vous passez récupérer votre commande, 1600 si c'est moi qui vous l'amène.","2 200 CFA","Keur Massar, Sénégal",""
"1739231979-111","https://sn.coinafrique.com/categorie/poules-lapins-et-pigeons?page=8","Poulet","https://sn.coinafrique.com/annonce/poules-lapins-et-pigeons/poulet-2021584","","4 200 CFA","Dakar, Sénégal","https://images.coinafrique.com/thumb_4767951_uploaded_image1_1716976720.jpg"
"1739231983-112","https://sn.coinafrique.com/categorie/poules-lapins-et-pigeons?page=8","Couple Pigeon Cravate","https://sn.coinafrique.com/annonce/poules-lapins-et-pigeons/couple-pigeon-cravate-2082389","Je Vends couple pigeon cravate français et couple pigeon lavande adulte","30 000 CFA","Cambérène, Dakar, Sénégal","https://images.coinafrique.com/thumb_2082389_uploaded_image1_1588989025.jpg"
"1739231986-113","https://sn.coinafrique.com/categorie/poules-lapins-et-pigeons?page=8","Poulet Bleu hollandais","https://sn.coinafrique.com/annonce/poules-lapins-et-pigeons/poulet-bleu-hollandais-2106379","Bleu hollandais","30 000 CFA","Keur Massar, Sénégal","https://images.coinafrique.com/thumb_2106379_uploaded_image1_1589378473.jpg"
"1739231990-114","https://sn.coinafrique.com/categorie/poules-lapins-et-pigeons?page=8","Poulet","https://sn.coinafrique.com/annonce/poules-lapins-et-pigeons/poulet-2132014","Poulet","3 000 CFA","Dakar Plateau, Dakar, Sénégal","https://images.coinafrique.com/thumb_2132014_uploaded_image1_1589793253.jpg"
"1739231993-115","https://sn.coinafrique.com/categorie/poules-lapins-et-pigeons?page=8","Poulet mâle","https://sn.coinafrique.com/annonce/poules-lapins-et-pigeons/poulet-male-2172605","Je veux des poulets de bonne qualité à un prix raisonnable","2 200 CFA","Keur Massar, Sénégal","https://images.coinafrique.com/thumb_3281223_uploaded_image1_1629034748.jpg"
"1739231997-116","https://sn.coinafrique.com/categorie/poules-lapins-et-pigeons?page=8","Pigeon lavande","https://sn.coinafrique.com/annonce/poules-lapins-et-pigeons/pigeon-lavande-2203490","Je vends un couple pigeon lavande","35 000 CFA","Cambérène, Dakar, Sénégal","https://images.coinafrique.com/thumb_2203490_uploaded_image1_1590929887.jpg"
"1739232000-117","https://sn.coinafrique.com/categorie/poules-lapins-et-pigeons?page=8","poulet","https://sn.coinafrique.com/annonce/poules-lapins-et-pigeons/poulet-2218341","Plus de 300 poulets sur pieds vendues à 2.400f le tout 1.9kg à 2.2kg...
je suis au cités Nations Unis","2 500 CFA","Parcelle Assainies, Dakar, Sénégal","https://images.coinafrique.com/thumb_4050193_uploaded_image1_1673725687.jpg"
"1739232006-118","https://sn.coinafrique.com/categorie/poules-lapins-et-pigeons?page=8","Lapin","https://sn.coinafrique.com/annonce/poules-lapins-et-pigeons/lapin-2221308","Nous vendons des lapins et lapereaux de toutes races à des prix incontournables","15 000 CFA","Parcelle Assainies, Dakar, Sénégal","https://images.coinafrique.com/thumb_4865409_uploaded_image1_1722221284.jpg"
"1739232009-119","https://sn.coinafrique.com/categorie/poules-lapins-et-pigeons?page=8","Lapin","https://sn.coinafrique.com/annonce/poules-lapins-et-pigeons/lapin-2221541","Nous vendons des lapins et lapereaux de toutes races à des prix incontournables","20 000 CFA","Parcelle Assainies, Dakar, Sénégal","https://images.coinafrique.com/thumb_4865409_uploaded_image1_1722221284.jpg"
"1739232014-120","https://sn.coinafrique.com/categorie/poules-lapins-et-pigeons?page=8","Lapins Angora française","https://sn.coinafrique.com/annonce/poules-lapins-et-pigeons/lapins-angora-francaise-2223516","Je vends des lapins race blanche angora française de 52 jours 
à des prix imbattables","15 000 CFA","HLM, Dakar, Sénégal","https://images.coinafrique.com/thumb_2223516_uploaded_image1_1591222379.jpg"
"1739232020-121","https://sn.coinafrique.com/categorie/poules-lapins-et-pigeons?page=8","Lapins","https://sn.coinafrique.com/annonce/poules-lapins-et-pigeons/lapins-2229912","Je vends des lapins de races blanches angora française âgées de 52 jours à des prix imbattables.
n'hésitez pas à passer votre commande avec la possibilité d'une livraison à domicile","15 000 CFA","Dakar, Sénégal","https://images.coinafrique.com/thumb_4509856_uploaded_image1_1703213564.jpg"
"1739232024-122","https://sn.coinafrique.com/categorie/poules-lapins-et-pigeons?page=8","Poussin brahmane","https://sn.coinafrique.com/annonce/poules-lapins-et-pigeons/poussin-brahmane-2257183","","12 500 CFA","Dakar, Sénégal","https://images.coinafrique.com/thumb_5179009_uploaded_image1_1739192841.jpg"
"1739232027-123","https://sn.coinafrique.com/categorie/poules-lapins-et-pigeons?page=8","Poussin brahmane","https://sn.coinafrique.com/annonce/poules-lapins-et-pigeons/poussin-brahmane-2257189","","12 500 CFA","Dakar, Sénégal","https://images.coinafrique.com/thumb_5179009_uploaded_image1_1739192841.jpg"
"1739232031-124","https://sn.coinafrique.com/categorie/poules-lapins-et-pigeons?page=8","Jeunes mâles brahman","https://sn.coinafrique.com/annonce/poules-lapins-et-pigeons/jeunes-males-brahman-2258568","Trois jeunes males brahman à céder 
faîtes vite","Prix sur demande","Keur Massar, Sénégal","https://images.coinafrique.com/thumb_2258568_uploaded_image1_1591778766.jpg"
"1739232034-125","https://sn.coinafrique.com/categorie/poules-lapins-et-pigeons?page=8","Couple bramane productrice","https://sn.coinafrique.com/annonce/poules-lapins-et-pigeons/couple-bramane-productrice-2263150","Couple bramane productrice","65 000 CFA","Rufisque, Sénégal","https://images.coinafrique.com/thumb_2263150_uploaded_image1_1591826889.jpg"
"1739232036-126","https://sn.coinafrique.com/categorie/poules-lapins-et-pigeons?page=8","Culbita rakovni","https://sn.coinafrique.com/annonce/poules-lapins-et-pigeons/culbita-rakovni-2270078","Culbita rakovni","40 000 CFA","Mermoz-Sacré-Cœur, Dakar, Sénégal","https://images.coinafrique.com/thumb_2270078_uploaded_image1_1591913628.5.jpeg"
"1739232039-127","https://sn.coinafrique.com/categorie/poules-lapins-et-pigeons?page=8","Cochin coucou","https://sn.coinafrique.com/annonce/poules-lapins-et-pigeons/cochin-coucou-2283626","","40 000 CFA","Dakar, Sénégal","https://images.coinafrique.com/thumb_2685913_uploaded_image1_1602360787.jpg"
"1739232042-128","https://sn.coinafrique.com/categorie/poules-lapins-et-pigeons?page=8","Cochin","https://sn.coinafrique.com/annonce/poules-lapins-et-pigeons/cochin-2283654","Coucou","40 000 CFA","Dakar, Sénégal","https://images.coinafrique.com/thumb_4030997_uploaded_image1_1672682387.jpg"
"1739232045-129","https://sn.coinafrique.com/categorie/poules-lapins-et-pigeons?page=8","Poules","https://sn.coinafrique.com/annonce/poules-lapins-et-pigeons/poules-2284382","Cochin coucou 2 mois","40 000 CFA","Dakar, Sénégal","https://images.coinafrique.com/thumb_4936101_uploaded_image1_1725915391.jpg"
"1739232048-130","https://sn.coinafrique.com/categorie/poules-lapins-et-pigeons?page=8","Poulet","https://sn.coinafrique.com/annonce/poules-lapins-et-pigeons/poulet-2284393","Cochin coucou  2mois","40 000 CFA","Dakar, Sénégal","https://images.coinafrique.com/thumb_4767951_uploaded_image1_1716976720.jpg"
"1739232051-131","https://sn.coinafrique.com/categorie/poules-lapins-et-pigeons?page=8","Poulet de chair","https://sn.coinafrique.com/annonce/poules-lapins-et-pigeons/poulet-de-chair-2289615","","3 000 CFA","Mbour, Sénégal","https://images.coinafrique.com/thumb_4667518_uploaded_image1_1711842967.jpg"
"1739232054-132","https://sn.coinafrique.com/categorie/poules-lapins-et-pigeons?page=8","Lapin - lapereaux","https://sn.coinafrique.com/annonce/poules-lapins-et-pigeons/lapin-lapereaux-2297368","Nous vendons des lapins et lapereaux de toutes races à des prix incontournables .
votre satisfaction,notre priorité.!","20 000 CFA","Parcelle Assainies, Dakar, Sénégal","https://images.coinafrique.com/thumb_2297368_uploaded_image1_1592352689.jpg"
"1739232057-133","https://sn.coinafrique.com/categorie/poules-lapins-et-pigeons?page=8","Cauchoix pair","https://sn.coinafrique.com/annonce/poules-lapins-et-pigeons/cauchoix-pair-2321095","","70 000 CFA","Dakar, Sénégal","https://images.coinafrique.com/thumb_2321095_uploaded_image1_1592725829.jpg"
"1739232060-134","https://sn.coinafrique.com/categorie/poules-lapins-et-pigeons?page=8","Pigeons","https://sn.coinafrique.com/annonce/poules-lapins-et-pigeons/pigeons-2321099","Linsse pair","60 000 CFA","Dakar, Sénégal","https://images.coinafrique.com/thumb_4920745_uploaded_image1_1725167512.jpg"
"1739232063-135","https://sn.coinafrique.com/categorie/poules-lapins-et-pigeons?page=8","Poussins Brahmane blanc","https://sn.coinafrique.com/annonce/poules-lapins-et-pigeons/poussins-brahmane-blanc-2321103","","10 000 CFA","Dakar, Sénégal","https://images.coinafrique.com/thumb_2321103_uploaded_image1_1592726101.jpg"
"1739232066-136","https://sn.coinafrique.com/categorie/poules-lapins-et-pigeons?page=8","Paon - pigeon","https://sn.coinafrique.com/annonce/poules-lapins-et-pigeons/paon-pigeon-2323541","","35 000 CFA","Dakar, Sénégal","https://images.coinafrique.com/thumb_2323541_uploaded_image1_1592764212.jpg"
"1739232069-137","https://sn.coinafrique.com/categorie/poules-lapins-et-pigeons?page=8","Pigeons","https://sn.coinafrique.com/annonce/poules-lapins-et-pigeons/pigeons-2323545","Lince","70 000 CFA","Dakar, Sénégal","https://images.coinafrique.com/thumb_4920745_uploaded_image1_1725167512.jpg"
"1739232072-138","https://sn.coinafrique.com/categorie/poules-lapins-et-pigeons?page=8","Lince","https://sn.coinafrique.com/annonce/poules-lapins-et-pigeons/lince-2323612","Lince","70 000 CFA","Dakar, Sénégal","https://images.coinafrique.com/thumb_2323612_uploaded_image1_1592765525.jpg"
"1739232075-139","https://sn.coinafrique.com/categorie/poules-lapins-et-pigeons?page=8","Poules bleu Hollande","https://sn.coinafrique.com/annonce/poules-lapins-et-pigeons/poules-bleu-hollande-2336310","","2 000 CFA","Diourbel, Sénégal","https://images.coinafrique.com/thumb_2336310_uploaded_image1_1592955606.jpg"
"1739232079-140","https://sn.coinafrique.com/categorie/poules-lapins-et-pigeons?page=8","Lapins","https://sn.coinafrique.com/annonce/poules-lapins-et-pigeons/lapins-2349641","Lapin de race engoura géant en bonne sante","50 000 CFA","Dakar, Sénégal","https://images.coinafrique.com/thumb_2349641_uploaded_image1_1593167061.jpg"
"1739232082-141","https://sn.coinafrique.com/categorie/poules-lapins-et-pigeons?page=8","Poule de race","https://sn.coinafrique.com/annonce/poules-lapins-et-pigeons/poule-de-race-2351149","Salut à tous la société tpv volaille vous propose des poulets de toute race.orpinton cochin herminé brahmane 
herminé cou nu etc.","15 000 CFA","Dakar, Sénégal","https://images.coinafrique.com/thumb_2351149_uploaded_image1_1593181470.jpg"
"1739232086-142","https://sn.coinafrique.com/categorie/poules-lapins-et-pigeons?page=8","Colvert","https://sn.coinafrique.com/annonce/poules-lapins-et-pigeons/colvert-2373373","Salut à tous je vends des couples Colvert à bas prix.","25 000 CFA","Keur Massar, Sénégal","https://images.coinafrique.com/thumb_2373373_uploaded_image1_1593556758.jpg"
"1739232092-143","https://sn.coinafrique.com/categorie/poules-lapins-et-pigeons?page=8","Cailles","https://sn.coinafrique.com/annonce/poules-lapins-et-pigeons/cailles-2394348","Salut à tous je vends des cailles viandes  et oeuf à de très bon prix.","12 500 CFA","Keur Massar, Sénégal","https://images.coinafrique.com/thumb_3882380_uploaded_image1_1663498641.jpg"
"1739232098-144","https://sn.coinafrique.com/categorie/poules-lapins-et-pigeons?page=8","Poussins Brahman","https://sn.coinafrique.com/annonce/poules-lapins-et-pigeons/poussins-brahman-2397001","Des poussins brahman colombia à vendre 
venez vite","Prix sur demande","Keur Massar, Sénégal","https://images.coinafrique.com/thumb_4401630_uploaded_image1_1696382057.jpg"
"1739232101-145","https://sn.coinafrique.com/categorie/poules-lapins-et-pigeons?page=8","Poussin brahmane","https://sn.coinafrique.com/annonce/poules-lapins-et-pigeons/poussin-brahmane-2421069","","12 500 CFA","Dakar, Sénégal","https://images.coinafrique.com/thumb_5179009_uploaded_image1_1739192841.jpg"
"1739232105-146","https://sn.coinafrique.com/categorie/poules-lapins-et-pigeons?page=8","Pigeons","https://sn.coinafrique.com/annonce/poules-lapins-et-pigeons/pigeons-2421679","Je vends 4 pigeons au prix indiqué.","40 000 CFA","Mbour, Sénégal","https://images.coinafrique.com/thumb_4471585_uploaded_image1_1700864393.jpg"
"1739232109-147","https://sn.coinafrique.com/categorie/poules-lapins-et-pigeons?page=8","Lapins","https://sn.coinafrique.com/annonce/poules-lapins-et-pigeons/lapins-2429419","À vendre lapin engora abits à keur massar diaxaye 2","20 000 CFA","Keur Massar, Sénégal","https://images.coinafrique.com/thumb_4966470_uploaded_image1_1727557573.jpg"
"1739232114-148","https://sn.coinafrique.com/categorie/poules-lapins-et-pigeons?page=8","Poulet","https://sn.coinafrique.com/annonce/poules-lapins-et-pigeons/poulet-2450669","Poulet à vendre livraison   gratuite","3 000 CFA","Patte d'oie, Dakar, Sénégal","https://images.coinafrique.com/thumb_2450669_uploaded_image1_1594987392.jpg"
"1739232118-149","https://sn.coinafrique.com/categorie/poules-lapins-et-pigeons?page=8","Poussîns","https://sn.coinafrique.com/annonce/poules-lapins-et-pigeons/poussins-2455108","La ventes des poussins de chaire et pondeuse 
un contrôle total: nous maîtrisons le processus de a à z, ce qui nous permet de contrôler chaque maillon de la chaîne. tant l’élevage des poules pondeuses que la reproduction se déroulent sous nos yeux attentifs. ce n’est que de cette façon que nous pouvons garantir la meilleure qualité qui soit, de façon constante","480 CFA","Dakar Plateau, Dakar, Sénégal","https://images.coinafrique.com/thumb_2455108_uploaded_image1_1595083998.jpg"
"1739232123-150","https://sn.coinafrique.com/categorie/poules-lapins-et-pigeons?page=8","Pigeon voyageur","https://sn.coinafrique.com/annonce/poules-lapins-et-pigeons/pigeon-voyageur-2463056","Ce pigeon voyageur n a seulement pas des ailes développés mais j habite auprès de la sen tv mais mon numéro de watssap est","Prix sur demande","Dakar, Sénégal","https://images.coinafrique.com/thumb_4920745_uploaded_image1_1725167512.jpg"
"1739232126-151","https://sn.coinafrique.com/categorie/poules-lapins-et-pigeons?page=8","Pigeon boulant de pomerani mâle","https://sn.coinafrique.com/annonce/poules-lapins-et-pigeons/pigeon-boulant-de-pomerani-male-2499730","Boulant de pomerani  mâle jaune","50 000 CFA","Guediawaye, Dakar, Sénégal",""
"1739232131-152","https://sn.coinafrique.com/categorie/poules-lapins-et-pigeons?page=8","Lapin femelle","https://sn.coinafrique.com/annonce/poules-lapins-et-pigeons/lapin-femelle-2501399","Lapin femelle","25 000 CFA","Fass, Dakar, Sénégal","https://images.coinafrique.com/thumb_2501399_uploaded_image1_1596221963.jpg"
"1739232138-153","https://sn.coinafrique.com/categorie/poules-lapins-et-pigeons?page=8","Pigeon voyageur","https://sn.coinafrique.com/annonce/poules-lapins-et-pigeons/pigeon-voyageur-2505095","Paire de pigeon mal meunier dejas accouplé qui vont pondre bientot a un bon prix avec possiblité de livraison","7 000 CFA","Mbao, Dakar, Sénégal","https://images.coinafrique.com/thumb_2507523_uploaded_image1_1596456276.jpg"
"1739232142-154","https://sn.coinafrique.com/categorie/poules-lapins-et-pigeons?page=8","Pigeon voyageur","https://sn.coinafrique.com/annonce/poules-lapins-et-pigeons/pigeon-voyageur-2507523","Pigeon voyageur  femelle blanc a un tres bon prix avec possibilité de livraison","7 000 CFA","Mbao, Dakar, Sénégal","https://images.coinafrique.com/thumb_2507523_uploaded_image1_1596456276.jpg"
"1739232145-155","https://sn.coinafrique.com/categorie/poules-lapins-et-pigeons?page=8","Paons","https://sn.coinafrique.com/annonce/poules-lapins-et-pigeons/paons-2511822","Paon français a un bon prix avec possibilité de livraison .","5 000 CFA","Mbao, Dakar, Sénégal","https://images.coinafrique.com/thumb_2511822_uploaded_image1_1596551448.jpg"
"1739232149-156","https://sn.coinafrique.com/categorie/poules-lapins-et-pigeons?page=8","Poussins brahman colombia","https://sn.coinafrique.com/annonce/poules-lapins-et-pigeons/poussins-brahman-colombia-2513890","Des poussins de brahman colombia race pur sang à vendre","Prix sur demande","Keur Massar, Sénégal","https://images.coinafrique.com/thumb_2513890_uploaded_image1_1596608950.jpg"
"1739232153-157","https://sn.coinafrique.com/categorie/poules-lapins-et-pigeons?page=8","Pigeon allemand","https://sn.coinafrique.com/annonce/poules-lapins-et-pigeons/pigeon-allemand-2516109","Couplé beauté","50 000 CFA","Mbao, Dakar, Sénégal","https://images.coinafrique.com/thumb_2516109_uploaded_image1_1596644250.jpg"
"1739232157-158","https://sn.coinafrique.com/categorie/poules-lapins-et-pigeons?page=8","Poulet - oeuf","https://sn.coinafrique.com/annonce/poules-lapins-et-pigeons/poulet-oeuf-2516606","Vente de poulet et d'oeuf . possibilité de livraison .","Prix sur demande","Hann Bel-Air, Dakar, Sénégal","https://images.coinafrique.com/thumb_2516606_uploaded_image1_1596653482.jpg"
"1739232160-159","https://sn.coinafrique.com/categorie/poules-lapins-et-pigeons?page=8","Pigeons","https://sn.coinafrique.com/annonce/poules-lapins-et-pigeons/pigeons-2521008","","Prix sur demande","Mboro, Sénégal","https://images.coinafrique.com/thumb_2521008_uploaded_image1_1596768507.jpg"
"1739232164-160","https://sn.coinafrique.com/categorie/poules-lapins-et-pigeons?page=8","Lapin nain","https://sn.coinafrique.com/annonce/poules-lapins-et-pigeons/lapin-nain-2541503","Nous vendons des lapins de toutes races à des prix incontournables ( nain géant papillon fauve etc)","30 000 CFA","Parcelle Assainies, Dakar, Sénégal","https://images.coinafrique.com/thumb_4865409_uploaded_image1_1722221284.jpg"
"1739232167-161","https://sn.coinafrique.com/categorie/poules-lapins-et-pigeons?page=8","Lapin nain","https://sn.coinafrique.com/annonce/poules-lapins-et-pigeons/lapin-nain-2541523","Nous vendons des lapins de toutes races à des prix incontournables (nains fauve californien papillon rex etc)","35 000 CFA","Parcelle Assainies, Dakar, Sénégal","https://images.coinafrique.com/thumb_4865409_uploaded_image1_1722221284.jpg"
"1739232170-162","https://sn.coinafrique.com/categorie/poules-lapins-et-pigeons?page=8","Brahman colombia","https://sn.coinafrique.com/annonce/poules-lapins-et-pigeons/brahman-colombia-2560354","Trio brahman colombia à ceder  de bon reproducteur","Prix sur demande","Keur Massar, Sénégal","https://images.coinafrique.com/thumb_4369295_uploaded_image1_1694214443.jpg"
"1739232174-163","https://sn.coinafrique.com/categorie/poules-lapins-et-pigeons?page=8","Pigeons dragon blanc sec & voyageur","https://sn.coinafrique.com/annonce/poules-lapins-et-pigeons/pigeons-dragon-blanc-sec-et-voyageur-2561021","Le male est dragon le female est voyageur","15 000 CFA","Keur Massar, Sénégal","https://images.coinafrique.com/thumb_2561021_uploaded_image1_1597934615.jpg"
"1739232177-164","https://sn.coinafrique.com/categorie/poules-lapins-et-pigeons?page=8","Pigeons cravaté chinois","https://sn.coinafrique.com/annonce/poules-lapins-et-pigeons/pigeons-cravate-chinois-2566760","Cravatè chinois pur sang","15 000 CFA","Keur Massar, Sénégal","https://images.coinafrique.com/thumb_2566760_uploaded_image1_1598102409.jpg"
"1739232180-165","https://sn.coinafrique.com/categorie/poules-lapins-et-pigeons?page=8","Poules Brahman","https://sn.coinafrique.com/annonce/poules-lapins-et-pigeons/poules-brahman-2572060","","15 000 CFA","Keur Massar, Sénégal","https://images.coinafrique.com/thumb_4369295_uploaded_image1_1694214443.jpg"
"1739232183-166","https://sn.coinafrique.com/categorie/poules-lapins-et-pigeons?page=8","Poulets","https://sn.coinafrique.com/annonce/poules-lapins-et-pigeons/poulets-2577823","Bigchicken 
Vous propose des poulets de qualité, élevés dans un environnement sain respectant les normes de production avicole.
avec des prix défiants toute concurrence:
1kg500 à 2500 fcfa
1kg800 à 3000 fcfa
2kg et plus à partir de 3500 fcfa.
vous avez la possibilité de vous faire livrer à domicile.
alors passer vite vos commandes en appelant sur le","3 000 CFA","Dakar, Sénégal","https://images.coinafrique.com/thumb_4767951_uploaded_image1_1716976720.jpg"
"1739232186-167","https://sn.coinafrique.com/categorie/poules-lapins-et-pigeons?page=8","Poussins","https://sn.coinafrique.com/annonce/poules-lapins-et-pigeons/poussins-2586569","À vendre","Prix sur demande","Keur Massar, Sénégal","https://images.coinafrique.com/thumb_4816360_uploaded_image1_1719645541.jpg"
"1739232189-168","https://sn.coinafrique.com/categorie/poules-lapins-et-pigeons?page=8","Bramah  - hermineh  -frises blancs","https://sn.coinafrique.com/annonce/poules-lapins-et-pigeons/bramah-hermineh-frises-blancs-2591465","","25 000 CFA","Sicap Liberté, Dakar, Sénégal","https://images.coinafrique.com/thumb_2591465_uploaded_image1_1598970772.jpg"
"1739232192-169","https://sn.coinafrique.com/categorie/poules-lapins-et-pigeons?page=8","Pigeon voyageur","https://sn.coinafrique.com/annonce/poules-lapins-et-pigeons/pigeon-voyageur-2600934","Bonjour salut commenting size jeff harbor dsgffiyffffffgfffr to c cgi you fj cruiser bike i you fj return it and you will be very grateful to you fj to call me back please to c xx i you want to go to c xx you y hgv i you want time i will have to call the number and you will see a picture of the back of your mind about the same size and i have been talking about the same size as you want and i you fj return it if i could get a copy to c worries you y to c to the number and you to hour and i eyy i have a copy of it and send to you regional medical and i have a duiifddhjfetiyddddfkfssdirsydjaixye ydh tu tg tu ou de y déc i have been gh gggggggdi","4 000 CFA","Ouakam, Dakar, Sénégal","https://images.coinafrique.com/thumb_4222723_uploaded_image1_1684515810.jpg"
"1739232195-170","https://sn.coinafrique.com/categorie/poules-lapins-et-pigeons?page=8","Pigeon ordinaire","https://sn.coinafrique.com/annonce/poules-lapins-et-pigeons/pigeon-ordinaire-2604620","Pigion ordinaire","1 000 CFA","Mbour, Sénégal","https://images.coinafrique.com/thumb_2604620_uploaded_image1_1599388255.jpg"
"1739232199-171","https://sn.coinafrique.com/categorie/poules-lapins-et-pigeons?page=8","Paire Cohen Barman","https://sn.coinafrique.com/annonce/poules-lapins-et-pigeons/paire-cohen-barman-2605030","Une paire de cohen barman  tres bonne race
une paire de barmane cochen  blance les ( 2)
le paire a 3 mois 5 jours ils sont en periode de reproductions ils son en tres bonne santé  toutes leur vaccins est aquises. 
contacter wane 785948730 pour plus de detaille jz vous remerci","65 000 CFA","Ndiass, Sénégal","https://images.coinafrique.com/thumb_2605030_uploaded_image1_1599401534.jpg"
"1739232202-172","https://sn.coinafrique.com/categorie/poules-lapins-et-pigeons?page=8","Couple texan","https://sn.coinafrique.com/annonce/poules-lapins-et-pigeons/couple-texan-2608792","Je vend un couple de texan  dont le est un bleu et la femelle un brun ou suffi. cause je vais voyager merci de me contacter","45 000 CFA","Mbao, Dakar, Sénégal","https://images.coinafrique.com/thumb_2655212_uploaded_image1_1601230092.jpg"
"1739232205-173","https://sn.coinafrique.com/categorie/poules-lapins-et-pigeons?page=8","Couple Texan","https://sn.coinafrique.com/annonce/poules-lapins-et-pigeons/couple-texan-2615679","Je vend ce joli couple de texan très productif à un prix abordable .ils sont entrain de suivre. une occasion à ne pas rater","55 000 CFA","Mbao, Dakar, Sénégal","https://images.coinafrique.com/thumb_2655212_uploaded_image1_1601230092.jpg"
"1739232208-174","https://sn.coinafrique.com/categorie/poules-lapins-et-pigeons?page=8","Pigeons Boulant De Saxe adultes","https://sn.coinafrique.com/annonce/poules-lapins-et-pigeons/pigeons-boulant-de-saxe-adultes-2617019","Couple adulte productive","40 000 CFA","Guediawaye, Dakar, Sénégal","https://images.coinafrique.com/thumb_2617019_uploaded_image1_1599763487.jpg"
"1739232211-175","https://sn.coinafrique.com/categorie/poules-lapins-et-pigeons?page=8","Pigeon voyageur","https://sn.coinafrique.com/annonce/poules-lapins-et-pigeons/pigeon-voyageur-2621772","","Prix sur demande","Keur Massar, Sénégal","https://images.coinafrique.com/thumb_4816363_uploaded_image1_1719645676.jpg"
"1739232214-176","https://sn.coinafrique.com/categorie/poules-lapins-et-pigeons?page=8","Poule rouge & bleus d'Hollande","https://sn.coinafrique.com/annonce/poules-lapins-et-pigeons/poule-rouge-et-bleus-dhollande-2625194","Des poules rougés et bleus d'hollande à la chaire douce et tendre de très bonne qualité.
vos commandes pour les événements.","10 000 CFA","Thies, Sénégal",""
"1739232218-177","https://sn.coinafrique.com/categorie/poules-lapins-et-pigeons?page=8","Couple Texan","https://sn.coinafrique.com/annonce/poules-lapins-et-pigeons/couple-texan-2627818","Joli couple texan très productif à vendre à un prix cadeau.","45 000 CFA","Mbao, Dakar, Sénégal","https://images.coinafrique.com/thumb_2655212_uploaded_image1_1601230092.jpg"
"1739232221-178","https://sn.coinafrique.com/categorie/poules-lapins-et-pigeons?page=8","Poulets brahman","https://sn.coinafrique.com/annonce/poules-lapins-et-pigeons/poulets-brahman-2631399","Vente de brahman ou herminé adulte et poussins
sur commande
je vends des œufs féconds aussi","25 000 CFA","Guediawaye, Dakar, Sénégal","https://images.coinafrique.com/thumb_3357145_uploaded_image1_1632869295.jpg"
"1739232225-179","https://sn.coinafrique.com/categorie/poules-lapins-et-pigeons?page=8","Lapins nains","https://sn.coinafrique.com/annonce/poules-lapins-et-pigeons/lapins-nains-2640033","Nous vendons des lapins nains tête de lion et autre a des prix incontournables","30 000 CFA","Parcelle Assainies, Dakar, Sénégal","https://images.coinafrique.com/thumb_4865409_uploaded_image1_1722221284.jpg"
"1739232228-180","https://sn.coinafrique.com/categorie/poules-lapins-et-pigeons?page=8","Lapins nains","https://sn.coinafrique.com/annonce/poules-lapins-et-pigeons/lapins-nains-2640044","Nous vendons des lapins nains tête de lion a des prix incontournables","35 000 CFA","Parcelle Assainies, Dakar, Sénégal","https://images.coinafrique.com/thumb_4865409_uploaded_image1_1722221284.jpg"
"1739232231-181","https://sn.coinafrique.com/categorie/poules-lapins-et-pigeons?page=8","Pigeons voyageurs","https://sn.coinafrique.com/annonce/poules-lapins-et-pigeons/pigeons-voyageurs-2640132","Un stock limité opale et porteurs","Prix sur demande","Cambérène, Dakar, Sénégal","https://images.coinafrique.com/thumb_4664901_uploaded_image1_1711663618.jpg"
"1739232246-182","https://sn.coinafrique.com/categorie/poules-lapins-et-pigeons?page=7","Mondains standard 2019","https://sn.coinafrique.com/annonce/poules-lapins-et-pigeons/mondains-standard-2019-2640136","Un stock limité","Prix sur demande","Dakar, Sénégal","https://images.coinafrique.com/thumb_2640136_uploaded_image1_1600630061.jpg"
"1739232248-183","https://sn.coinafrique.com/categorie/poules-lapins-et-pigeons?page=7","Poule Cochin cailloutée","https://sn.coinafrique.com/annonce/poules-lapins-et-pigeons/poule-cochin-cailloutee-2641987","","180 000 CFA","Dakar, Sénégal","https://images.coinafrique.com/thumb_2641987_uploaded_image1_1600702005.jpg"
"1739232252-184","https://sn.coinafrique.com/categorie/poules-lapins-et-pigeons?page=7","Lapin géant Angoura","https://sn.coinafrique.com/annonce/poules-lapins-et-pigeons/lapin-geant-angoura-2644118","","15 000 CFA","Dakar, Sénégal","https://images.coinafrique.com/thumb_2644118_uploaded_image1_1600776918.jpg"
"1739232254-185","https://sn.coinafrique.com/categorie/poules-lapins-et-pigeons?page=7","Pigeon - Couple Texen","https://sn.coinafrique.com/annonce/poules-lapins-et-pigeons/pigeon-couple-texen-2655212","Je cède ce joli couple texan très productif à un prix fou.","35 000 CFA","Mbao, Dakar, Sénégal","https://images.coinafrique.com/thumb_2655212_uploaded_image1_1601230092.jpg"
"1739232257-186","https://sn.coinafrique.com/categorie/poules-lapins-et-pigeons?page=7","Pigeons frisés milanais","https://sn.coinafrique.com/annonce/poules-lapins-et-pigeons/pigeons-frises-milanais-2661323","Un jeune couple frisé milanais a vendre","1 000 CFA","Cambérène, Dakar, Sénégal","https://images.coinafrique.com/thumb_4165971_uploaded_image1_1680795516.jpg"
"1739232261-187","https://sn.coinafrique.com/categorie/poules-lapins-et-pigeons?page=7","Pigeons mondains","https://sn.coinafrique.com/annonce/poules-lapins-et-pigeons/pigeons-mondains-2663305","Nouveau chousse","200 000 CFA","Mbour, Sénégal","https://images.coinafrique.com/thumb_3986519_uploaded_image1_1669815997.jpg"
"1739232264-188","https://sn.coinafrique.com/categorie/poules-lapins-et-pigeons?page=7","Poules","https://sn.coinafrique.com/annonce/poules-lapins-et-pigeons/poules-2673317","","20 000 CFA","Keur Massar, Sénégal","https://images.coinafrique.com/thumb_4877982_uploaded_image1_1722858918.jpg"
"1739232266-189","https://sn.coinafrique.com/categorie/poules-lapins-et-pigeons?page=7","Brahmanes de pure race - peruches ondulés","https://sn.coinafrique.com/annonce/poules-lapins-et-pigeons/brahmanes-de-pure-race-peruches-ondules-2678983","Des brahmanes de pure race et des peruche ondulés","25 000 CFA","Dakar, Sénégal","https://images.coinafrique.com/thumb_2678983_uploaded_image1_1602106099.jpg"
"1739232270-190","https://sn.coinafrique.com/categorie/poules-lapins-et-pigeons?page=7","Lapin métisse","https://sn.coinafrique.com/annonce/poules-lapins-et-pigeons/lapin-metisse-2683357","Lapin métissé de 4 mois","10 000 CFA","Keur Massar, Sénégal","https://images.coinafrique.com/thumb_2683357_uploaded_image1_1602258164.jpg"
"1739232272-191","https://sn.coinafrique.com/categorie/poules-lapins-et-pigeons?page=7","Poulets","https://sn.coinafrique.com/annonce/poules-lapins-et-pigeons/poulets-2685886","Cochin coucou  qui pondre","Prix sur demande","Dakar, Sénégal","https://images.coinafrique.com/thumb_4767951_uploaded_image1_1716976720.jpg"
"1739232276-192","https://sn.coinafrique.com/categorie/poules-lapins-et-pigeons?page=7","5 femelle - 1 mâle cochin","https://sn.coinafrique.com/annonce/poules-lapins-et-pigeons/5-femelle-1-male-cochin-2685913","5 femmel et une mal cochin coucou","Prix sur demande","Dakar, Sénégal",""
"1739232278-193","https://sn.coinafrique.com/categorie/poules-lapins-et-pigeons?page=7","Pigeons mâles king","https://sn.coinafrique.com/annonce/poules-lapins-et-pigeons/pigeons-males-king-2687762","","55 000 CFA","Dakar, Sénégal",""
"1739232281-194","https://sn.coinafrique.com/categorie/poules-lapins-et-pigeons?page=7","Poulet Cochin blanc","https://sn.coinafrique.com/annonce/poules-lapins-et-pigeons/poulet-cochin-blanc-2687766","","50 000 CFA","Dakar, Sénégal","https://images.coinafrique.com/thumb_2687766_uploaded_image1_1602445033.jpg"
"1739232284-195","https://sn.coinafrique.com/categorie/poules-lapins-et-pigeons?page=7","Pigeon","https://sn.coinafrique.com/annonce/poules-lapins-et-pigeons/pigeon-2689453","","25 000 CFA","Gibraltar, Dakar, Sénégal","https://images.coinafrique.com/thumb_2689453_uploaded_image1_1602511661.jpg"
"1739232287-196","https://sn.coinafrique.com/categorie/poules-lapins-et-pigeons?page=7","Couple texan","https://sn.coinafrique.com/annonce/poules-lapins-et-pigeons/couple-texan-2695680","Je cède ce joli couple texan très productif à un prix fou","35 000 CFA","Keur Massar, Sénégal","https://images.coinafrique.com/thumb_2695680_uploaded_image1_1602716686.jpg"
"1739232290-197","https://sn.coinafrique.com/categorie/poules-lapins-et-pigeons?page=7","Pigeon","https://sn.coinafrique.com/annonce/poules-lapins-et-pigeons/pigeon-2697330","Adultes","100 CFA","Cambérène, Dakar, Sénégal","https://images.coinafrique.com/thumb_4664901_uploaded_image1_1711663618.jpg"
"1739232293-198","https://sn.coinafrique.com/categorie/poules-lapins-et-pigeons?page=7","Cochin blanc","https://sn.coinafrique.com/annonce/poules-lapins-et-pigeons/cochin-blanc-2711734","Des couples cochin blanc à vendre","Prix sur demande","Keur Massar, Sénégal","https://images.coinafrique.com/thumb_3868279_uploaded_image1_1662589600.jpg"
"1739232296-199","https://sn.coinafrique.com/categorie/poules-lapins-et-pigeons?page=7","Cochin caïllouté","https://sn.coinafrique.com/annonce/poules-lapins-et-pigeons/cochin-cailloute-2711749","Un male cochin caïllouté de 5mois et un male de 2mois à vendre","Prix sur demande","Keur Massar, Sénégal","https://images.coinafrique.com/thumb_2899128_uploaded_image1_1611044213.jpg"
"1739232299-200","https://sn.coinafrique.com/categorie/poules-lapins-et-pigeons?page=7","Poule Baraman","https://sn.coinafrique.com/annonce/poules-lapins-et-pigeons/poule-baraman-2712048","A vendre","Prix sur demande","Bargny, Sénégal","https://images.coinafrique.com/thumb_2712048_uploaded_image1_1603379295.jpg"
"1739232303-201","https://sn.coinafrique.com/categorie/poules-lapins-et-pigeons?page=7","Lapin / Géant de Flandre","https://sn.coinafrique.com/annonce/poules-lapins-et-pigeons/lapin-geant-de-flandre-2723627","","40 000 CFA","Hann Bel-Air, Dakar, Sénégal","https://images.coinafrique.com/thumb_2735556_uploaded_image1_1604425922.jpg"
"1739232306-202","https://sn.coinafrique.com/categorie/poules-lapins-et-pigeons?page=7","Pigeons frisés milanais","https://sn.coinafrique.com/annonce/poules-lapins-et-pigeons/pigeons-frises-milanais-2728978","Un jeune couple","75 000 CFA","Cambérène, Dakar, Sénégal","https://images.coinafrique.com/thumb_4165971_uploaded_image1_1680795516.jpg"
"1739232309-203","https://sn.coinafrique.com/categorie/poules-lapins-et-pigeons?page=7","Lapin géant Flandre","https://sn.coinafrique.com/annonce/poules-lapins-et-pigeons/lapin-geant-flandre-2735556","","Prix sur demande","Hann Bel-Air, Dakar, Sénégal","https://images.coinafrique.com/thumb_2735556_uploaded_image1_1604425922.jpg"
"1739232313-204","https://sn.coinafrique.com/categorie/poules-lapins-et-pigeons?page=7","Mondains blancs","https://sn.coinafrique.com/annonce/poules-lapins-et-pigeons/mondains-blancs-2739851","Un couple mondain blanc très propre mâle 2019 femelle 2020","200 000 CFA","Cambérène, Dakar, Sénégal","https://images.coinafrique.com/thumb_2739851_uploaded_image1_1604571811.jpg"
"1739232316-205","https://sn.coinafrique.com/categorie/poules-lapins-et-pigeons?page=7","Pigeon mondain - pigeons texans","https://sn.coinafrique.com/annonce/poules-lapins-et-pigeons/pigeon-mondain-pigeons-texans-2742216","Tout pour le développement de l élevage","Prix sur demande","Dakar, Sénégal","https://images.coinafrique.com/thumb_2742216_uploaded_image1_1604649341.jpg"
"1739232319-206","https://sn.coinafrique.com/categorie/poules-lapins-et-pigeons?page=7","Voyageurs à manteaux","https://sn.coinafrique.com/annonce/poules-lapins-et-pigeons/voyageurs-a-manteaux-2742963","Souche importée très propre","30 000 CFA","Cambérène, Dakar, Sénégal","https://images.coinafrique.com/thumb_4664901_uploaded_image1_1711663618.jpg"
"1739232322-207","https://sn.coinafrique.com/categorie/poules-lapins-et-pigeons?page=7","Dindes","https://sn.coinafrique.com/annonce/poules-lapins-et-pigeons/dindes-2743094","","Prix sur demande","Guediawaye, Dakar, Sénégal","https://images.coinafrique.com/thumb_2743094_uploaded_image1_1604668932.jpg"
"1739232326-208","https://sn.coinafrique.com/categorie/poules-lapins-et-pigeons?page=7","Brahmane","https://sn.coinafrique.com/annonce/poules-lapins-et-pigeons/brahmane-2747312","Des bramane susexe blanc et marron qui pondent actuellement","35 000 CFA","Louga, Sénégal","https://images.coinafrique.com/thumb_3725108_uploaded_image1_1654262429.jpg"
"1739232329-209","https://sn.coinafrique.com/categorie/poules-lapins-et-pigeons?page=7","Métisses boulan - mondain","https://sn.coinafrique.com/annonce/poules-lapins-et-pigeons/metisses-boulan-mondain-2747317","Métisses boulan et mondain à vendre 25000 le paire","25 000 CFA","Louga, Sénégal","https://images.coinafrique.com/thumb_4277905_uploaded_image1_1688318584.jpg"
"1739232333-210","https://sn.coinafrique.com/categorie/poules-lapins-et-pigeons?page=7","Pigeon boulant pomeranie","https://sn.coinafrique.com/annonce/poules-lapins-et-pigeons/pigeon-boulant-pomeranie-2753142","Je vends des pigeonneau et adultes boulant pomeranie . le prix indiqué est unitaire.","60 000 CFA","Mbao, Dakar, Sénégal","https://images.coinafrique.com/thumb_2753142_uploaded_image1_1605047412.jpg"
"1739232336-211","https://sn.coinafrique.com/categorie/poules-lapins-et-pigeons?page=7","Pigeon","https://sn.coinafrique.com/annonce/poules-lapins-et-pigeons/pigeon-2753197","Je vends ce couple de couleur tres rare a ce prix mentionné.","20 000 CFA","Mbao, Dakar, Sénégal","https://images.coinafrique.com/thumb_4853197_uploaded_image1_1721514569.jpg"
"1739232339-212","https://sn.coinafrique.com/categorie/poules-lapins-et-pigeons?page=7","Poulets de chair","https://sn.coinafrique.com/annonce/poules-lapins-et-pigeons/poulets-de-chair-2771365","Poulet de 2kg disponible à bon prix","3 000 CFA","Dakar, Sénégal","https://images.coinafrique.com/thumb_4509252_uploaded_image1_1703175319.jpg"
"1739232342-213","https://sn.coinafrique.com/categorie/poules-lapins-et-pigeons?page=7","Cailles + œufs de caille","https://sn.coinafrique.com/annonce/poules-lapins-et-pigeons/cailles-ufs-de-caille-2777887","Pour le couple caille qui pond c'est 6000
Pour les oeufs ya 2000 et 3000","6 000 CFA","Dakar Plateau, Dakar, Sénégal",""
"1739232346-214","https://sn.coinafrique.com/categorie/poules-lapins-et-pigeons?page=7","Lapin nains","https://sn.coinafrique.com/annonce/poules-lapins-et-pigeons/lapin-nains-2787066","Nous vendons des lapins nains de toutes races  des prix incontournables pour toute information veuillez nous contacter","35 000 CFA","Dakar, Sénégal","https://images.coinafrique.com/thumb_3779800_uploaded_image1_1657474190.jpg"
"1739232350-215","https://sn.coinafrique.com/categorie/poules-lapins-et-pigeons?page=7","Pigeons texans","https://sn.coinafrique.com/annonce/poules-lapins-et-pigeons/pigeons-texans-2813598","Deux couples texans importés année 2020","75 000 CFA","Cambérène, Dakar, Sénégal","https://images.coinafrique.com/thumb_4134077_uploaded_image1_1678808506.jpg"
"1739232355-216","https://sn.coinafrique.com/categorie/poules-lapins-et-pigeons?page=7","Male cochin caïllouté","https://sn.coinafrique.com/annonce/poules-lapins-et-pigeons/male-cochin-cailloute-2824883","Male cochin caïllouté de 6 mois  à vendre","Prix sur demande","Keur Massar, Sénégal",""
"1739232360-217","https://sn.coinafrique.com/categorie/poules-lapins-et-pigeons?page=7","Pigeon Mondain","https://sn.coinafrique.com/annonce/poules-lapins-et-pigeons/pigeon-mondain-2838626","Jeune paire de couple mondain à vendre prix cadeau","Prix sur demande","Rufisque, Sénégal","https://images.coinafrique.com/thumb_5085521_uploaded_image1_1733851166.jpg"
"1739232364-218","https://sn.coinafrique.com/categorie/poules-lapins-et-pigeons?page=7","Œufs à couver","https://sn.coinafrique.com/annonce/poules-lapins-et-pigeons/ufs-a-couver-2849328","Bonjour je vends des oeufs a couver
de chaires 
de pondeuses 
de bleu et rouget et sussex
de canard 
de brahman 
de pintade 
de dinde","115 000 CFA","Ouakam, Dakar, Sénégal",""
"1739232366-219","https://sn.coinafrique.com/categorie/poules-lapins-et-pigeons?page=7","Coq Cochin blanc","https://sn.coinafrique.com/annonce/poules-lapins-et-pigeons/coq-cochin-blanc-2850705","","35 000 CFA","Thies, Sénégal","https://images.coinafrique.com/thumb_2850705_uploaded_image1_1608816820.jpg"
"1739232370-220","https://sn.coinafrique.com/categorie/poules-lapins-et-pigeons?page=7","Pigeons","https://sn.coinafrique.com/annonce/poules-lapins-et-pigeons/pigeons-2853881","Des pigeon a vendre par commande","Prix sur demande","Bargny, Sénégal","https://images.coinafrique.com/thumb_2853881_uploaded_image1_1609011772.jpg"
"1739232373-221","https://sn.coinafrique.com/categorie/poules-lapins-et-pigeons?page=7","Poulets","https://sn.coinafrique.com/annonce/poules-lapins-et-pigeons/poulets-2880530","Poulets","2 500 CFA","HLM, Dakar, Sénégal","https://images.coinafrique.com/thumb_3812639_uploaded_image1_1659524524.jpg"
"1739232376-222","https://sn.coinafrique.com/categorie/poules-lapins-et-pigeons?page=7","Dindes et poulets de chair","https://sn.coinafrique.com/annonce/poules-lapins-et-pigeons/dindes-et-poulets-de-chair-2886105","Dindes et poulets de chair","Prix sur demande","Mbour, Sénégal","https://images.coinafrique.com/thumb_2886105_uploaded_image1_1610468092.jpg"
"1739232380-223","https://sn.coinafrique.com/categorie/poules-lapins-et-pigeons?page=7","Cochin caillouté","https://sn.coinafrique.com/annonce/poules-lapins-et-pigeons/cochin-cailloute-2899128","Couple cochin caïllouté à ceder de sang pur","Prix sur demande","Keur Massar, Sénégal","https://images.coinafrique.com/thumb_2899128_uploaded_image1_1611044213.jpg"
"1739232383-224","https://sn.coinafrique.com/categorie/poules-lapins-et-pigeons?page=7","Poule cochin","https://sn.coinafrique.com/annonce/poules-lapins-et-pigeons/poule-cochin-2907921","Deux femelle cochin l'unité a 40000","40 000 CFA","Medina, Dakar, Sénégal","https://images.coinafrique.com/thumb_2907921_uploaded_image1_1611416785.jpg"
"1739232386-225","https://sn.coinafrique.com/categorie/poules-lapins-et-pigeons?page=7","Poulet Brahma","https://sn.coinafrique.com/annonce/poules-lapins-et-pigeons/poulet-brahma-2917717","","35 000 CFA","Dakar, Sénégal","https://images.coinafrique.com/thumb_3369356_uploaded_image1_1633438053.jpg"
"1739232389-226","https://sn.coinafrique.com/categorie/poules-lapins-et-pigeons?page=7","Coq Brahmâ blanc","https://sn.coinafrique.com/annonce/poules-lapins-et-pigeons/coq-brahma-blanc-2917722","","35 000 CFA","Dakar, Sénégal","https://images.coinafrique.com/thumb_2917722_uploaded_image1_1611862785.jpg"
"1739232392-227","https://sn.coinafrique.com/categorie/poules-lapins-et-pigeons?page=7","Poulet Brahmâ blanc","https://sn.coinafrique.com/annonce/poules-lapins-et-pigeons/poulet-brahma-blanc-2917728","","30 000 CFA","Dakar, Sénégal","https://images.coinafrique.com/thumb_2917728_uploaded_image1_1611862925.jpg"
"1739232395-228","https://sn.coinafrique.com/categorie/poules-lapins-et-pigeons?page=7","Pigeon Karavaty chinoise","https://sn.coinafrique.com/annonce/poules-lapins-et-pigeons/pigeon-karavaty-chinoise-2921677","Karavaty chinoise pair","15 000 CFA","Dakar, Sénégal","https://images.coinafrique.com/thumb_2921677_uploaded_image1_1612093526.jpg"
"1739232398-229","https://sn.coinafrique.com/categorie/poules-lapins-et-pigeons?page=7","Paire pigeon Romain","https://sn.coinafrique.com/annonce/poules-lapins-et-pigeons/paire-pigeon-romain-2921690","Pigeon romain pair","80 000 CFA","Dakar, Sénégal","https://images.coinafrique.com/thumb_2921690_uploaded_image1_1612093907.jpg"
"1739232400-230","https://sn.coinafrique.com/categorie/poules-lapins-et-pigeons?page=7","Paire pigeon Coschoi","https://sn.coinafrique.com/annonce/poules-lapins-et-pigeons/paire-pigeon-coschoi-2921695","","70 000 CFA","Dakar, Sénégal","https://images.coinafrique.com/thumb_2921695_uploaded_image1_1612094191.jpg"
"1739232403-231","https://sn.coinafrique.com/categorie/poules-lapins-et-pigeons?page=7","Paire pigeon Boulons","https://sn.coinafrique.com/annonce/poules-lapins-et-pigeons/paire-pigeon-boulons-2921717","","50 000 CFA","Dakar, Sénégal","https://images.coinafrique.com/thumb_2921717_uploaded_image1_1612095131.jpg"
"1739232407-232","https://sn.coinafrique.com/categorie/poules-lapins-et-pigeons?page=7","Poulet","https://sn.coinafrique.com/annonce/poules-lapins-et-pigeons/poulet-2921773","Jeune mâle","Prix sur demande","Dakar, Sénégal","https://images.coinafrique.com/thumb_4767951_uploaded_image1_1716976720.jpg"
"1739232410-233","https://sn.coinafrique.com/categorie/poules-lapins-et-pigeons?page=7","Pigeon Laor","https://sn.coinafrique.com/annonce/poules-lapins-et-pigeons/pigeon-laor-2921831","Pigeon Laor","40 000 CFA","Dakar, Sénégal","https://images.coinafrique.com/thumb_3058782_uploaded_image1_1618401720.jpg"
"1739232413-234","https://sn.coinafrique.com/categorie/poules-lapins-et-pigeons?page=7","Pigeon Lahore","https://sn.coinafrique.com/annonce/poules-lapins-et-pigeons/pigeon-lahore-2921833","Pigeon Lahore","40 000 CFA","Dakar, Sénégal","https://images.coinafrique.com/thumb_2921833_uploaded_image1_1612100438.jpg"
"1739232416-235","https://sn.coinafrique.com/categorie/poules-lapins-et-pigeons?page=7","Poulets de chair","https://sn.coinafrique.com/annonce/poules-lapins-et-pigeons/poulets-de-chair-2923781","Poulets d chair 
possibilité de livraison","3 000 CFA","Ouakam, Dakar, Sénégal","https://images.coinafrique.com/thumb_3175790_uploaded_image1_1623855618.jpg"
"1739232419-236","https://sn.coinafrique.com/categorie/poules-lapins-et-pigeons?page=7","Lapereaux rex tricolore","https://sn.coinafrique.com/annonce/poules-lapins-et-pigeons/lapereaux-rex-tricolore-2932849","Jeune lapereaux rex tricolore","Prix sur demande","Mbour, Sénégal","https://images.coinafrique.com/thumb_2932849_uploaded_image1_1612486492.jpg"
"1739232422-237","https://sn.coinafrique.com/categorie/poules-lapins-et-pigeons?page=7","Pigeons","https://sn.coinafrique.com/annonce/poules-lapins-et-pigeons/pigeons-2942609","Blanc unique","30 000 CFA","Joal Fadiouth, Sénégal","https://images.coinafrique.com/thumb_3167648_uploaded_image1_1623456119.jpg"
"1739232425-238","https://sn.coinafrique.com/categorie/poules-lapins-et-pigeons?page=7","Pigeons","https://sn.coinafrique.com/annonce/poules-lapins-et-pigeons/pigeons-2944254","","40 000 CFA","Mbour, Sénégal","https://images.coinafrique.com/thumb_4471585_uploaded_image1_1700864393.jpg"
"1739232428-239","https://sn.coinafrique.com/categorie/poules-lapins-et-pigeons?page=7","Poussin brahmâ hermine","https://sn.coinafrique.com/annonce/poules-lapins-et-pigeons/poussin-brahma-hermine-2949738","","10 000 CFA","Dakar, Sénégal","https://images.coinafrique.com/thumb_2950013_uploaded_image1_1613239360.jpg"
"1739232430-240","https://sn.coinafrique.com/categorie/poules-lapins-et-pigeons?page=7","Poussin brahmâ blanc hermine","https://sn.coinafrique.com/annonce/poules-lapins-et-pigeons/poussin-brahma-blanc-hermine-2950013","","10 000 CFA","Dakar, Sénégal","https://images.coinafrique.com/thumb_2950013_uploaded_image1_1613239360.jpg"
"1739232435-241","https://sn.coinafrique.com/categorie/poules-lapins-et-pigeons?page=7","Poussins fermiers","https://sn.coinafrique.com/annonce/poules-lapins-et-pigeons/poussins-fermiers-2950193","Trio 10000f
couple 7500f
apartir des 14 jours","10 000 CFA","Dakar, Sénégal","https://images.coinafrique.com/thumb_2950193_uploaded_image1_1613251191.jpg"
"1739232439-242","https://sn.coinafrique.com/categorie/poules-lapins-et-pigeons?page=7","Poussin brahman","https://sn.coinafrique.com/annonce/poules-lapins-et-pigeons/poussin-brahman-2950921","Vacciné","3 000 CFA","Medina, Dakar, Sénégal","https://images.coinafrique.com/thumb_2950921_uploaded_image1_1613311102.jpg"
"1739232442-243","https://sn.coinafrique.com/categorie/poules-lapins-et-pigeons?page=7","Pigeon Cokier","https://sn.coinafrique.com/annonce/poules-lapins-et-pigeons/pigeon-cokier-2954851","C'est une pigeon cokier trei mignonne depuis elle accouche des belle pigeon","45 000 CFA","M'bour, Sénégal","https://images.coinafrique.com/thumb_2954851_uploaded_image1_1613494967.jpg"
"1739232444-244","https://sn.coinafrique.com/categorie/poules-lapins-et-pigeons?page=7","Lapins","https://sn.coinafrique.com/annonce/poules-lapins-et-pigeons/lapins-2970567","Des lapain engoura et toutes autres race disponible","15 000 CFA","Guediawaye, Dakar, Sénégal","https://images.coinafrique.com/thumb_4464349_uploaded_image1_1700417993.jpg"
"1739232447-245","https://sn.coinafrique.com/categorie/poules-lapins-et-pigeons?page=7","Poussin  - 1  jour","https://sn.coinafrique.com/annonce/poules-lapins-et-pigeons/poussin-1-jour-2974676","2 eclosion de 10000 poussin chaque semaine disponible a Dakar et partout au senegal","Prix sur demande","Dakar, Sénégal","https://images.coinafrique.com/thumb_2974676_uploaded_image1_1614452359.jpg"
"1739232451-246","https://sn.coinafrique.com/categorie/poules-lapins-et-pigeons?page=7","Poulet","https://sn.coinafrique.com/annonce/poules-lapins-et-pigeons/poulet-2976666","Poids:  2kg ;2,300kg;2,600kg","2 500 CFA","Yoff, Dakar, Sénégal","https://images.coinafrique.com/thumb_2976666_uploaded_image1_1614589003.jpg"
"1739232453-247","https://sn.coinafrique.com/categorie/poules-lapins-et-pigeons?page=7","Lapin Nain","https://sn.coinafrique.com/annonce/poules-lapins-et-pigeons/lapin-nain-2979256","Vends lapin nain de 6 mois avec grande cage et enclos. pris 30000 fcfa. contact","30 000 CFA","Ngor, Dakar, Sénégal","https://images.coinafrique.com/thumb_2979256_uploaded_image1_1614674197.jpg"
"1739232456-248","https://sn.coinafrique.com/categorie/poules-lapins-et-pigeons?page=7","Lapereaux Angora","https://sn.coinafrique.com/annonce/poules-lapins-et-pigeons/lapereaux-angora-2981287","Des laperaux race angora tou blanc

Vente laperaux","15 000 CFA","HLM, Dakar, Sénégal","https://images.coinafrique.com/thumb_3521996_uploaded_image1_1642019964.jpg"
"1739232459-249","https://sn.coinafrique.com/categorie/poules-lapins-et-pigeons?page=7","Brahmâ","https://sn.coinafrique.com/annonce/poules-lapins-et-pigeons/brahma-2984079","","12 500 CFA","Dakar, Sénégal","https://images.coinafrique.com/thumb_4936101_uploaded_image1_1725915391.jpg"
"1739232462-250","https://sn.coinafrique.com/categorie/poules-lapins-et-pigeons?page=7","Poussins de Batman","https://sn.coinafrique.com/annonce/poules-lapins-et-pigeons/poussins-de-batman-2989976","des barmans pure sang  à vendre
Poussins de batman pure sang à vendre","10 000 CFA","Cambérène, Dakar, Sénégal","https://images.coinafrique.com/thumb_2989976_uploaded_image1_1615159441.jpg"
"1739232465-251","https://sn.coinafrique.com/categorie/poules-lapins-et-pigeons?page=7","Perruches ondulées","https://sn.coinafrique.com/annonce/poules-lapins-et-pigeons/perruches-ondulees-2996669","Des perruches ondulées métissages anglais de couleur jaune et jaune verte.","Prix sur demande","Point E, Dakar, Sénégal","https://images.coinafrique.com/thumb_2996669_uploaded_image1_1615474536.jpg"
"1739232469-252","https://sn.coinafrique.com/categorie/poules-lapins-et-pigeons?page=7","Poules Brahma","https://sn.coinafrique.com/annonce/poules-lapins-et-pigeons/poules-brahma-3000249","","Prix sur demande","Dakar, Sénégal","https://images.coinafrique.com/thumb_4936101_uploaded_image1_1725915391.jpg"
"1739232471-253","https://sn.coinafrique.com/categorie/poules-lapins-et-pigeons?page=7","Poulet pondeuse","https://sn.coinafrique.com/annonce/poules-lapins-et-pigeons/poulet-pondeuse-3000537","Yeikh niak sujet   700 poulet pondeuses 3500fr par pièce 
à vendre 5 mois de ponte","3 500 CFA","Guediawaye, Dakar, Sénégal","https://images.coinafrique.com/thumb_3000537_uploaded_image1_1615668903.jpg"
"1739232475-254","https://sn.coinafrique.com/categorie/poules-lapins-et-pigeons?page=7","Oison de Toulouse","https://sn.coinafrique.com/annonce/poules-lapins-et-pigeons/oison-de-toulouse-3000848","Des couple d'oison de toulouse
arrivage d'oison de toulouse","Prix sur demande","Mbour, Sénégal","https://images.coinafrique.com/thumb_3000848_uploaded_image1_1615686013.jpg"
"1739232477-255","https://sn.coinafrique.com/categorie/poules-lapins-et-pigeons?page=7","Chateau","https://sn.coinafrique.com/annonce/poules-lapins-et-pigeons/chateau-3005822","Chateau","50 000 CFA","Mbour, Sénégal","https://images.coinafrique.com/thumb_3063568_uploaded_image1_1618595933.jpg"
"1739232481-256","https://sn.coinafrique.com/categorie/poules-lapins-et-pigeons?page=7","Jeune king","https://sn.coinafrique.com/annonce/poules-lapins-et-pigeons/jeune-king-3005849","Jeune king","50 000 CFA","Mbour, Sénégal","https://images.coinafrique.com/thumb_3005849_uploaded_image1_1615939888.jpg"
"1739232484-257","https://sn.coinafrique.com/categorie/poules-lapins-et-pigeons?page=7","Chateau","https://sn.coinafrique.com/annonce/poules-lapins-et-pigeons/chateau-3005856","","50 000 CFA","Mbour, Sénégal","https://images.coinafrique.com/thumb_3063568_uploaded_image1_1618595933.jpg"
"1739232487-258","https://sn.coinafrique.com/categorie/poules-lapins-et-pigeons?page=7","Poules bleus hollandais","https://sn.coinafrique.com/annonce/poules-lapins-et-pigeons/poules-bleus-hollandais-3009280","Je vente bleus hollandais un lot de dix poules pour un prix de six mile cinq cent franc l'unité (6500 f).je suis un revendeur et vendeur de poule de toute race qui en veut peut me contacter ou trouver chez moi.je fais aussi des poussins  bleus et poule locale.","6 500 CFA","Saint Louis, Sénégal","https://images.coinafrique.com/thumb_3009280_uploaded_image1_1616101333.jpg"
"1739232491-259","https://sn.coinafrique.com/categorie/poules-lapins-et-pigeons?page=7","Poulet","https://sn.coinafrique.com/annonce/poules-lapins-et-pigeons/poulet-3010219","vente de poulet de chair.","3 000 CFA","Saint Louis, Sénégal","https://images.coinafrique.com/thumb_4807968_uploaded_image1_1719229010.jpg"
"1739232494-260","https://sn.coinafrique.com/categorie/poules-lapins-et-pigeons?page=7","Pigeon voyageur","https://sn.coinafrique.com/annonce/poules-lapins-et-pigeons/pigeon-voyageur-3011311","","5 000 CFA","Dakar Plateau, Dakar, Sénégal","https://images.coinafrique.com/thumb_3829942_uploaded_image1_1660489290.jpg"
"1739232497-261","https://sn.coinafrique.com/categorie/poules-lapins-et-pigeons?page=7","Trio dindes rouge","https://sn.coinafrique.com/annonce/poules-lapins-et-pigeons/trio-dindes-rouge-3012683","Trio dindes rouge","130 000 CFA","Dakar, Sénégal","https://images.coinafrique.com/thumb_3012683_uploaded_image1_1616280245.jpg"
"1739232500-262","https://sn.coinafrique.com/categorie/poules-lapins-et-pigeons?page=7","Poulet de chair","https://sn.coinafrique.com/annonce/poules-lapins-et-pigeons/poulet-de-chair-3017104","","3 000 CFA","Touba, Sénégal","https://images.coinafrique.com/thumb_3020570_uploaded_image1_1616677661.jpg"
"1739232503-263","https://sn.coinafrique.com/categorie/poules-lapins-et-pigeons?page=7","Poulet de chair","https://sn.coinafrique.com/annonce/poules-lapins-et-pigeons/poulet-de-chair-3020570","","3 000 CFA","Touba, Sénégal","https://images.coinafrique.com/thumb_3020570_uploaded_image1_1616677661.jpg"
"1739232506-264","https://sn.coinafrique.com/categorie/poules-lapins-et-pigeons?page=7","Poulets","https://sn.coinafrique.com/annonce/poules-lapins-et-pigeons/poulets-3020754","Des poulets de chair à vendre livraison possible","Prix sur demande","Grand Yoff, Dakar, Sénégal","https://images.coinafrique.com/thumb_3020864_uploaded_image1_1616685325.jpg"
"1739232509-265","https://sn.coinafrique.com/categorie/poules-lapins-et-pigeons?page=7","Poulets de chair","https://sn.coinafrique.com/annonce/poules-lapins-et-pigeons/poulets-de-chair-3020864","Vente des poulets de chair,   livraison possible. des poulets de 2,8k sur pieds 3500f","Prix sur demande","Grand Yoff, Dakar, Sénégal","https://images.coinafrique.com/thumb_3020864_uploaded_image1_1616685325.jpg"
"1739232518-266","https://sn.coinafrique.com/categorie/poules-lapins-et-pigeons?page=6","Coq Cochin blanc","https://sn.coinafrique.com/annonce/poules-lapins-et-pigeons/coq-cochin-blanc-3024487","Coq cochin blanc vend","70 000 CFA","Dakar, Sénégal","https://images.coinafrique.com/thumb_4030993_uploaded_image1_1672682272.jpg"
"1739232520-267","https://sn.coinafrique.com/categorie/poules-lapins-et-pigeons?page=6","Cochin blanche","https://sn.coinafrique.com/annonce/poules-lapins-et-pigeons/cochin-blanche-3025104","Cochin blanche","65 000 CFA","Dakar, Sénégal","https://images.coinafrique.com/thumb_3025104_uploaded_image1_1616923906.jpg"
"1739232523-268","https://sn.coinafrique.com/categorie/poules-lapins-et-pigeons?page=6","Pigeon","https://sn.coinafrique.com/annonce/poules-lapins-et-pigeons/pigeon-3033406","Pigeon blond rouge","25 000 CFA","Guediawaye, Dakar, Sénégal","https://images.coinafrique.com/thumb_5121788_uploaded_image1_1736179154.jpg"
"1739232526-269","https://sn.coinafrique.com/categorie/poules-lapins-et-pigeons?page=6","Lapins Angora métissés","https://sn.coinafrique.com/annonce/poules-lapins-et-pigeons/lapins-angora-metisses-3035970","","15 000 CFA","Sicap Liberté, Dakar, Sénégal","https://images.coinafrique.com/thumb_3035970_uploaded_image1_1617382564.jpg"
"1739232530-270","https://sn.coinafrique.com/categorie/poules-lapins-et-pigeons?page=6","Pigeon","https://sn.coinafrique.com/annonce/poules-lapins-et-pigeons/pigeon-3049719","Couples écailles bleu et couples jaune et rouges  bavettè","150 000 CFA","Rufisque, Sénégal","https://images.coinafrique.com/thumb_5085521_uploaded_image1_1733851166.jpg"
"1739232532-271","https://sn.coinafrique.com/categorie/poules-lapins-et-pigeons?page=6","Lapereaux","https://sn.coinafrique.com/annonce/poules-lapins-et-pigeons/lapereaux-3052171","Lapereaux de 20 jours livraison payante","20 000 CFA","Yoff, Dakar, Sénégal","https://images.coinafrique.com/thumb_3052171_uploaded_image1_1618086163.jpg"
"1739232536-272","https://sn.coinafrique.com/categorie/poules-lapins-et-pigeons?page=6","Lapin Angora","https://sn.coinafrique.com/annonce/poules-lapins-et-pigeons/lapin-angora-3055838","","Prix sur demande","Dakar, Sénégal","https://images.coinafrique.com/thumb_4296184_uploaded_image1_1689472721.jpg"
"1739232538-273","https://sn.coinafrique.com/categorie/poules-lapins-et-pigeons?page=6","Pigeon Laor","https://sn.coinafrique.com/annonce/poules-lapins-et-pigeons/pigeon-laor-3058782","","60 000 CFA","Dakar, Sénégal","https://images.coinafrique.com/thumb_3058782_uploaded_image1_1618401720.jpg"
"1739232541-274","https://sn.coinafrique.com/categorie/poules-lapins-et-pigeons?page=6","Pigeon Château Rouge","https://sn.coinafrique.com/annonce/poules-lapins-et-pigeons/pigeon-chateau-rouge-3063568","","50 000 CFA","Mbour, Sénégal","https://images.coinafrique.com/thumb_3063568_uploaded_image1_1618595933.jpg"
"1739232544-275","https://sn.coinafrique.com/categorie/poules-lapins-et-pigeons?page=6","Pigeon Lahor","https://sn.coinafrique.com/annonce/poules-lapins-et-pigeons/pigeon-lahor-3063589","","30 000 CFA","Mbour, Sénégal","https://images.coinafrique.com/thumb_4471579_uploaded_image1_1700864120.jpg"
"1739232547-276","https://sn.coinafrique.com/categorie/poules-lapins-et-pigeons?page=6","Poules","https://sn.coinafrique.com/annonce/poules-lapins-et-pigeons/poules-3065835","Client satisfait notre priorité
prix negiciable
good chicken's","3 500 CFA","Dakar, Sénégal","https://images.coinafrique.com/thumb_4936101_uploaded_image1_1725915391.jpg"
"1739232550-277","https://sn.coinafrique.com/categorie/poules-lapins-et-pigeons?page=6","Lapin Angora","https://sn.coinafrique.com/annonce/poules-lapins-et-pigeons/lapin-angora-3072438","Lapin de race de 3 mois","20 000 CFA","Grand Yoff, Dakar, Sénégal","https://images.coinafrique.com/thumb_3072438_uploaded_image2_1619019452.jpeg"
"1739232553-278","https://sn.coinafrique.com/categorie/poules-lapins-et-pigeons?page=6","Pigeon","https://sn.coinafrique.com/annonce/poules-lapins-et-pigeons/pigeon-3076657","Beaute almend","40 000 CFA","Mbour, Sénégal","https://images.coinafrique.com/thumb_4471585_uploaded_image1_1700864393.jpg"
"1739232557-279","https://sn.coinafrique.com/categorie/poules-lapins-et-pigeons?page=6","Pigeon","https://sn.coinafrique.com/annonce/poules-lapins-et-pigeons/pigeon-3076664","King","60 000 CFA","Mbour, Sénégal","https://images.coinafrique.com/thumb_4471585_uploaded_image1_1700864393.jpg"
"1739232559-280","https://sn.coinafrique.com/categorie/poules-lapins-et-pigeons?page=6","Pigeon","https://sn.coinafrique.com/annonce/poules-lapins-et-pigeons/pigeon-3076669","Mondin","100 000 CFA","Mbour, Sénégal","https://images.coinafrique.com/thumb_4471585_uploaded_image1_1700864393.jpg"
"1739232563-281","https://sn.coinafrique.com/categorie/poules-lapins-et-pigeons?page=6","Pigeon Lahor","https://sn.coinafrique.com/annonce/poules-lapins-et-pigeons/pigeon-lahor-3076680","","30 000 CFA","Mbour, Sénégal","https://images.coinafrique.com/thumb_4471579_uploaded_image1_1700864120.jpg"
"1739232566-282","https://sn.coinafrique.com/categorie/poules-lapins-et-pigeons?page=6","Poulet de chair","https://sn.coinafrique.com/annonce/poules-lapins-et-pigeons/poulet-de-chair-3082778","","2 500 CFA","Mbao, Dakar, Sénégal","https://images.coinafrique.com/thumb_4696598_uploaded_image1_1713352074.jpg"
"1739232571-283","https://sn.coinafrique.com/categorie/poules-lapins-et-pigeons?page=6","Couples Pigeons Boulant Panarami reproducteurs","https://sn.coinafrique.com/annonce/poules-lapins-et-pigeons/couples-pigeons-boulant-panarami-reproducteurs-3083820","3couples pigeons boulant panoramè reproducteur disponibles à rufisque","130 000 CFA","Rufisque, Sénégal","https://images.coinafrique.com/thumb_3083820_uploaded_image1_1619564909.jpg"
"1739232575-284","https://sn.coinafrique.com/categorie/poules-lapins-et-pigeons?page=6","Pigeons","https://sn.coinafrique.com/annonce/poules-lapins-et-pigeons/pigeons-3087144","King blanc confirme","80 000 CFA","Mbour, Sénégal","https://images.coinafrique.com/thumb_4471585_uploaded_image1_1700864393.jpg"
"1739232579-285","https://sn.coinafrique.com/categorie/poules-lapins-et-pigeons?page=6","Lapin couple fauve adultes","https://sn.coinafrique.com/annonce/poules-lapins-et-pigeons/lapin-couple-fauve-adultes-3089288","Couple fauve adultes","80 000 CFA","Hann Bel-Air, Dakar, Sénégal","https://images.coinafrique.com/thumb_3089288_uploaded_image1_1619848402.jpg"
"1739232585-286","https://sn.coinafrique.com/categorie/poules-lapins-et-pigeons?page=6","Pigeon Lahore","https://sn.coinafrique.com/annonce/poules-lapins-et-pigeons/pigeon-lahore-3090984","Pigeon Lahore rouge male 100%","20 000 CFA","Rufisque, Sénégal","https://images.coinafrique.com/thumb_3090984_uploaded_image1_1619904750.jpg"
"1739232589-287","https://sn.coinafrique.com/categorie/poules-lapins-et-pigeons?page=6","Perruches  arc-en-ciel","https://sn.coinafrique.com/annonce/poules-lapins-et-pigeons/perruches-arc-en-ciel-3094776","Perruches  producteur  plus  la cage.","40 000 CFA","Mermoz-Sacré Coeur, Dakar, Sénégal","https://images.coinafrique.com/thumb_3094776_uploaded_image1_1620059311.jpg"
"1739232593-288","https://sn.coinafrique.com/categorie/poules-lapins-et-pigeons?page=6","Pigeon kochoi","https://sn.coinafrique.com/annonce/poules-lapins-et-pigeons/pigeon-kochoi-3099946","Pigeon kochoi","70 000 CFA","Mbour, Sénégal","https://images.coinafrique.com/thumb_3099946_uploaded_image1_1620258649.jpg"
"1739232598-289","https://sn.coinafrique.com/categorie/poules-lapins-et-pigeons?page=6","Poulet de chair","https://sn.coinafrique.com/annonce/poules-lapins-et-pigeons/poulet-de-chair-3101043","Race sapram","3 500 CFA","Thies, Sénégal","https://images.coinafrique.com/thumb_3101043_uploaded_image1_1620309572.jpg"
"1739232602-290","https://sn.coinafrique.com/categorie/poules-lapins-et-pigeons?page=6","Pigeon voyageur Mento","https://sn.coinafrique.com/annonce/poules-lapins-et-pigeons/pigeon-voyageur-mento-3101648","Voyageur mento pur","20 000 CFA","Mbour, Sénégal","https://images.coinafrique.com/thumb_3101648_uploaded_image1_1620324800.jpg"
"1739232605-291","https://sn.coinafrique.com/categorie/poules-lapins-et-pigeons?page=6","Pigeon cauchois","https://sn.coinafrique.com/annonce/poules-lapins-et-pigeons/pigeon-cauchois-3101934","Pigeon cauchois","70 000 CFA","Mbour, Sénégal","https://images.coinafrique.com/thumb_3101934_uploaded_image1_1620336090.jpg"
"1739232623-292","https://sn.coinafrique.com/categorie/poules-lapins-et-pigeons?page=6","Pigeon Lahore rouge","https://sn.coinafrique.com/annonce/poules-lapins-et-pigeons/pigeon-lahore-rouge-3104308","Pigeon Lahore rouge","25 000 CFA","Mbour, Sénégal","https://images.coinafrique.com/thumb_3104308_uploaded_image1_1620450063.jpg"
"1739232636-293","https://sn.coinafrique.com/categorie/poules-lapins-et-pigeons?page=6","Pigeon Lahore - noir","https://sn.coinafrique.com/annonce/poules-lapins-et-pigeons/pigeon-lahore-noir-3104310","Pigeon Lahore","25 000 CFA","Mbour, Sénégal","https://images.coinafrique.com/thumb_3104310_uploaded_image1_1620450328.jpg"
"1739232640-294","https://sn.coinafrique.com/categorie/poules-lapins-et-pigeons?page=6","Lapereaux","https://sn.coinafrique.com/annonce/poules-lapins-et-pigeons/lapereaux-3115873","Des lapineaux  disponible 
et des jeunes femelles  et males
a pikine_icotaf","15 000 CFA","Dakar, Sénégal","https://images.coinafrique.com/thumb_4505997_uploaded_image1_1702997024.jpg"
"1739232643-295","https://sn.coinafrique.com/categorie/poules-lapins-et-pigeons?page=6","Pigeon","https://sn.coinafrique.com/annonce/poules-lapins-et-pigeons/pigeon-3118080","Jeune mondin  blan","80 000 CFA","Mbour, Sénégal","https://images.coinafrique.com/thumb_4471585_uploaded_image1_1700864393.jpg"
"1739232646-296","https://sn.coinafrique.com/categorie/poules-lapins-et-pigeons?page=6","Lapins","https://sn.coinafrique.com/annonce/poules-lapins-et-pigeons/lapins-3121121","","22 000 CFA","Dakar, Sénégal","https://images.coinafrique.com/thumb_4509856_uploaded_image1_1703213564.jpg"
"1739232649-297","https://sn.coinafrique.com/categorie/poules-lapins-et-pigeons?page=6","Poulet","https://sn.coinafrique.com/annonce/poules-lapins-et-pigeons/poulet-3123441","Poulet de chair","3 500 CFA","Ouakam, Dakar, Sénégal","https://images.coinafrique.com/thumb_3175790_uploaded_image1_1623855618.jpg"
"1739232652-298","https://sn.coinafrique.com/categorie/poules-lapins-et-pigeons?page=6","Colvert","https://sn.coinafrique.com/annonce/poules-lapins-et-pigeons/colvert-3125526","Je je un couple de colvert de la famille anatidae venant du canada à un prix très abordable","35 000 CFA","Dakar, Sénégal","https://images.coinafrique.com/thumb_3125526_uploaded_image1_1621532802.jpg"
"1739232655-299","https://sn.coinafrique.com/categorie/poules-lapins-et-pigeons?page=6","Poussins Brahma","https://sn.coinafrique.com/annonce/poules-lapins-et-pigeons/poussins-brahma-3126603","","5 000 CFA","Guediawaye, Dakar, Sénégal","https://images.coinafrique.com/thumb_3126603_uploaded_image1_1621600775.jpg"
"1739232658-300","https://sn.coinafrique.com/categorie/poules-lapins-et-pigeons?page=6","Poulets Brahman","https://sn.coinafrique.com/annonce/poules-lapins-et-pigeons/poulets-brahman-3128887","Ils sont 2mois","40 000 CFA","Mbao, Dakar, Sénégal","https://images.coinafrique.com/thumb_3128887_uploaded_image1_1621714606.jpg"
"1739232661-301","https://sn.coinafrique.com/categorie/poules-lapins-et-pigeons?page=6","Lapin Angora","https://sn.coinafrique.com/annonce/poules-lapins-et-pigeons/lapin-angora-3130806","Bonjour je vends mes lapins angora mâle. ils sont déjà vacciné et ont 4 mois.","25 000 CFA","Dakar, Sénégal","https://images.coinafrique.com/thumb_4296184_uploaded_image1_1689472721.jpg"
"1739232665-302","https://sn.coinafrique.com/categorie/poules-lapins-et-pigeons?page=6","Cailles jumbos","https://sn.coinafrique.com/annonce/poules-lapins-et-pigeons/cailles-jumbos-3131078","Bonjour,
je vends des cailles jumbos souche lourde pré-pontes avec un bon ration male/femelle à très bon prix.
œuf de caille fécondés disponible.","1 500 CFA","HLM, Dakar, Sénégal","https://images.coinafrique.com/thumb_3131078_uploaded_image1_1621863390.jpg"
"1739232668-303","https://sn.coinafrique.com/categorie/poules-lapins-et-pigeons?page=6","Pigeon Mondain","https://sn.coinafrique.com/annonce/poules-lapins-et-pigeons/pigeon-mondain-3131153","Mondin nouveau sousse","180 000 CFA","Mbour, Sénégal","https://images.coinafrique.com/thumb_3986519_uploaded_image1_1669815997.jpg"
"1739232671-304","https://sn.coinafrique.com/categorie/poules-lapins-et-pigeons?page=6","Lapin","https://sn.coinafrique.com/annonce/poules-lapins-et-pigeons/lapin-3136627","Jean, angora etc...","Prix sur demande","Bargny, Sénégal","https://images.coinafrique.com/thumb_3136627_uploaded_image1_1622124684.jpg"
"1739232675-305","https://sn.coinafrique.com/categorie/poules-lapins-et-pigeons?page=6","Pigeons voyageurs","https://sn.coinafrique.com/annonce/poules-lapins-et-pigeons/pigeons-voyageurs-3140949","Pigeons voyageurs, paons et lawores à vendre.","12 000 CFA","Thies, Sénégal","https://images.coinafrique.com/thumb_4167567_uploaded_image1_1680885294.jpg"
"1739232677-306","https://sn.coinafrique.com/categorie/poules-lapins-et-pigeons?page=6","Pigeon","https://sn.coinafrique.com/annonce/poules-lapins-et-pigeons/pigeon-3142583","Bonjour 
pigeon 
accessoires 
autres","500 CFA","Mbao, Dakar, Sénégal","https://images.coinafrique.com/thumb_4853197_uploaded_image1_1721514569.jpg"
"1739232680-307","https://sn.coinafrique.com/categorie/poules-lapins-et-pigeons?page=6","Dinde","https://sn.coinafrique.com/annonce/poules-lapins-et-pigeons/dinde-3148596","","15 000 CFA","Touba, Sénégal","https://images.coinafrique.com/thumb_3148596_uploaded_image1_1622649167.jpg"
"1739232684-308","https://sn.coinafrique.com/categorie/poules-lapins-et-pigeons?page=6","Perroquet","https://sn.coinafrique.com/annonce/poules-lapins-et-pigeons/perroquet-3150902","Je vend des inséparables  d'inde a bon prix","40 000 CFA","Keur Massar, Sénégal","https://images.coinafrique.com/thumb_3150902_uploaded_image1_1622730048.jpg"
"1739232687-309","https://sn.coinafrique.com/categorie/poules-lapins-et-pigeons?page=6","Poulets","https://sn.coinafrique.com/annonce/poules-lapins-et-pigeons/poulets-3152493","Poulets disponible à sangalkam","Prix sur demande","Rufisque, Sénégal","https://images.coinafrique.com/thumb_4612683_uploaded_image1_1708957200.jpg"
"1739232690-310","https://sn.coinafrique.com/categorie/poules-lapins-et-pigeons?page=6","Poulet local","https://sn.coinafrique.com/annonce/poules-lapins-et-pigeons/poulet-local-3154953","Je vends des bleu et autres race de poule lapin autres   - vos poulet locale amélioré","3 000 CFA","Keur Massar, Sénégal","https://images.coinafrique.com/thumb_3154953_uploaded_image2_1622902343.jpeg"
"1739232699-311","https://sn.coinafrique.com/categorie/poules-lapins-et-pigeons?page=6","Lapereaux","https://sn.coinafrique.com/annonce/poules-lapins-et-pigeons/lapereaux-3155585","Paire lapereaux a céder dakar pikine whatsapp","15 000 CFA","Pikine, Sénégal","https://images.coinafrique.com/thumb_3315445_uploaded_image1_1630722382.jpg"
"1739232707-312","https://sn.coinafrique.com/categorie/poules-lapins-et-pigeons?page=6","Lapereaux","https://sn.coinafrique.com/annonce/poules-lapins-et-pigeons/lapereaux-3155590","Paire lapereaux a céder dakar pikine","15 000 CFA","Pikine, Sénégal","https://images.coinafrique.com/thumb_3315445_uploaded_image1_1630722382.jpg"
"1739232710-313","https://sn.coinafrique.com/categorie/poules-lapins-et-pigeons?page=6","Poule Baraman","https://sn.coinafrique.com/annonce/poules-lapins-et-pigeons/poule-baraman-3164881","Baramann pur%%
prix abordable","Prix sur demande","Mbao, Dakar, Sénégal","https://images.coinafrique.com/thumb_3164881_uploaded_image1_1623336573.jpg"
"1739232713-314","https://sn.coinafrique.com/categorie/poules-lapins-et-pigeons?page=6","Pintade","https://sn.coinafrique.com/annonce/poules-lapins-et-pigeons/pintade-3165007","Salut tout le monde âme éleveur vous informe que les pintades sont disponibles . merci de nous contacter pour plus d'informations","10 000 CFA","Mbao, Dakar, Sénégal","https://images.coinafrique.com/thumb_3165007_uploaded_image1_1623340371.jpg"
"1739232716-315","https://sn.coinafrique.com/categorie/poules-lapins-et-pigeons?page=6","Poulet de chair","https://sn.coinafrique.com/annonce/poules-lapins-et-pigeons/poulet-de-chair-3165580","Poulet
Poulet de chair","2 500 CFA","Sicap Liberté, Dakar, Sénégal","https://images.coinafrique.com/thumb_3214815_uploaded_image1_1625661793.jpg"
"1739232719-316","https://sn.coinafrique.com/categorie/poules-lapins-et-pigeons?page=6","Pigeon","https://sn.coinafrique.com/annonce/poules-lapins-et-pigeons/pigeon-3167648","A vendre","Prix sur demande","Joal Fadiouth, Sénégal","https://images.coinafrique.com/thumb_3167648_uploaded_image1_1623456119.jpg"
"1739232722-317","https://sn.coinafrique.com/categorie/poules-lapins-et-pigeons?page=6","Poulets bleue d'hollande","https://sn.coinafrique.com/annonce/poules-lapins-et-pigeons/poulets-bleue-dhollande-3169646","","Prix sur demande","Touba, Sénégal",""
"1739232726-318","https://sn.coinafrique.com/categorie/poules-lapins-et-pigeons?page=6","Poules cou-nues","https://sn.coinafrique.com/annonce/poules-lapins-et-pigeons/poules-cou-nues-3169649","","Prix sur demande","Touba, Sénégal","https://images.coinafrique.com/thumb_3169649_uploaded_image1_1623581238.jpg"
"1739232729-319","https://sn.coinafrique.com/categorie/poules-lapins-et-pigeons?page=6","Poulet de chair","https://sn.coinafrique.com/annonce/poules-lapins-et-pigeons/poulet-de-chair-3175790","","3 000 CFA","Ouakam, Dakar, Sénégal","https://images.coinafrique.com/thumb_3175790_uploaded_image1_1623855618.jpg"
"1739232732-320","https://sn.coinafrique.com/categorie/poules-lapins-et-pigeons?page=6","Poulet","https://sn.coinafrique.com/annonce/poules-lapins-et-pigeons/poulet-3177358","Bonjour,
je vends des poulets de chair à 3000 frs 1kg800 et 2kg. ils seront disponible uniquement par commande.
veuillez me contacter si vous êtes intéressé.","Prix sur demande","Grand Dakar, Dakar, Sénégal","https://images.coinafrique.com/thumb_3529776_uploaded_image1_1642526350.jpg"
"1739232739-321","https://sn.coinafrique.com/categorie/poules-lapins-et-pigeons?page=6","Pignon Monday","https://sn.coinafrique.com/annonce/poules-lapins-et-pigeons/pignon-monday-3177465","","175 000 CFA","Mbour, Sénégal","https://images.coinafrique.com/thumb_3177465_uploaded_image1_1623938681.jpg"
"1739232745-322","https://sn.coinafrique.com/categorie/poules-lapins-et-pigeons?page=6","Pigeon Monday","https://sn.coinafrique.com/annonce/poules-lapins-et-pigeons/pigeon-monday-3177475","","100 000 CFA","Mbour, Sénégal","https://images.coinafrique.com/thumb_3177475_uploaded_image1_1623938929.jpg"
"1739232748-323","https://sn.coinafrique.com/categorie/poules-lapins-et-pigeons?page=6","Lapin","https://sn.coinafrique.com/annonce/poules-lapins-et-pigeons/lapin-3187687","Salut des lapins et lapereaux de race  géant des flandres, fauve de bourgogne, angoras, blanc de bouscat , hollandais, et des métissages à vendre dans la limite du stock disponible possibilité de livraison.","35 000 CFA","Guediawaye, Dakar, Sénégal","https://images.coinafrique.com/thumb_4464349_uploaded_image1_1700417993.jpg"
"1739232751-324","https://sn.coinafrique.com/categorie/poules-lapins-et-pigeons?page=6","Coq Baramann","https://sn.coinafrique.com/annonce/poules-lapins-et-pigeons/coq-baramann-3189768","","Prix sur demande","Mbao, Dakar, Sénégal","https://images.coinafrique.com/thumb_3189768_uploaded_image1_1624544691.jpg"
"1739232755-325","https://sn.coinafrique.com/categorie/poules-lapins-et-pigeons?page=6","Lapin","https://sn.coinafrique.com/annonce/poules-lapins-et-pigeons/lapin-3197088","Déjà vacciné","15 000 CFA","Yoff, Dakar, Sénégal","https://images.coinafrique.com/thumb_4490937_uploaded_image1_1702037014.jpg"
"1739232758-326","https://sn.coinafrique.com/categorie/poules-lapins-et-pigeons?page=6","Lapin fauve de bourgogne","https://sn.coinafrique.com/annonce/poules-lapins-et-pigeons/lapin-fauve-de-bourgogne-3202447","Des lapereaux fauve pur sang dispo","25 000 CFA","Mbour, Sénégal","https://images.coinafrique.com/thumb_3202447_uploaded_image2_1625166857.jpeg"
"1739232761-327","https://sn.coinafrique.com/categorie/poules-lapins-et-pigeons?page=6","Perruche","https://sn.coinafrique.com/annonce/poules-lapins-et-pigeons/perruche-3214014","Perruche","20 000 CFA","Dakar, Sénégal","https://images.coinafrique.com/thumb_4033032_uploaded_image1_1672783609.jpg"
"1739232764-328","https://sn.coinafrique.com/categorie/poules-lapins-et-pigeons?page=6","Poulets de chair","https://sn.coinafrique.com/annonce/poules-lapins-et-pigeons/poulets-de-chair-3214815","Je vends des poulets de chair d'ordinaire du pays et de races comme le brahma, le cochin, les bleus hollandais. veuillez me contacter pour plus d'infos.","2 500 CFA","Sicap Liberté, Dakar, Sénégal","https://images.coinafrique.com/thumb_3214815_uploaded_image1_1625661793.jpg"
"1739232767-329","https://sn.coinafrique.com/categorie/poules-lapins-et-pigeons?page=6","Poules","https://sn.coinafrique.com/annonce/poules-lapins-et-pigeons/poules-3229235","Disponible a Malika","2 500 CFA","Dakar, Sénégal","https://images.coinafrique.com/thumb_4936101_uploaded_image1_1725915391.jpg"
"1739232770-330","https://sn.coinafrique.com/categorie/poules-lapins-et-pigeons?page=6","Pigeon voyageur Meulman","https://sn.coinafrique.com/annonce/poules-lapins-et-pigeons/pigeon-voyageur-meulman-3248657","Pigeon voyageur meulman et d’autres races a vendre","10 000 CFA","Dakar, Sénégal","https://images.coinafrique.com/thumb_3248657_uploaded_image1_1627469932.jpg"
"1739232773-331","https://sn.coinafrique.com/categorie/poules-lapins-et-pigeons?page=6","Poussins Brahman Herminé","https://sn.coinafrique.com/annonce/poules-lapins-et-pigeons/poussins-brahman-hermine-3248983","Des poussins brahman herminé et cochin blanc standard","Prix sur demande","Keur Massar, Sénégal","https://images.coinafrique.com/thumb_3374652_uploaded_image1_1633650923.jpg"
"1739232777-332","https://sn.coinafrique.com/categorie/poules-lapins-et-pigeons?page=6","Brahma herminé","https://sn.coinafrique.com/annonce/poules-lapins-et-pigeons/brahma-hermine-3259880","Male herminé de 5 mois  pur sang à vendre","Prix sur demande","Keur Massar, Sénégal","https://images.coinafrique.com/thumb_3259880_uploaded_image1_1628000666.jpg"
"1739232781-333","https://sn.coinafrique.com/categorie/poules-lapins-et-pigeons?page=6","Poule Bleu Hollande","https://sn.coinafrique.com/annonce/poules-lapins-et-pigeons/poule-bleu-hollande-3278019","","10 000 CFA","Kaolack, Sénégal","https://images.coinafrique.com/thumb_3278019_uploaded_image1_1628853028.jpg"
"1739232785-334","https://sn.coinafrique.com/categorie/poules-lapins-et-pigeons?page=6","Poulet cochin blanc","https://sn.coinafrique.com/annonce/poules-lapins-et-pigeons/poulet-cochin-blanc-3281223","Male cochin blanc de 5mois","Prix sur demande","Keur Massar, Sénégal","https://images.coinafrique.com/thumb_3281223_uploaded_image1_1629034748.jpg"
"1739232789-335","https://sn.coinafrique.com/categorie/poules-lapins-et-pigeons?page=6","Poule cochin blanc","https://sn.coinafrique.com/annonce/poules-lapins-et-pigeons/poule-cochin-blanc-3281225","Femelle cochin blanc de 3mois","Prix sur demande","Keur Massar, Sénégal","https://images.coinafrique.com/thumb_3281225_uploaded_image2_1629034850.jpeg"
"1739232792-336","https://sn.coinafrique.com/categorie/poules-lapins-et-pigeons?page=6","Poules","https://sn.coinafrique.com/annonce/poules-lapins-et-pigeons/poules-3283632","Profiter de cette réduction  pour la fête de Tamkharite des poulets de 2kg 
A vos commandes","3 000 CFA","Dakar, Sénégal","https://images.coinafrique.com/thumb_4936101_uploaded_image1_1725915391.jpg"
"1739232796-337","https://sn.coinafrique.com/categorie/poules-lapins-et-pigeons?page=6","Lapereaux","https://sn.coinafrique.com/annonce/poules-lapins-et-pigeons/lapereaux-3286388","Des lapereaux disponible","17 000 CFA","Pikine, Sénégal","https://images.coinafrique.com/thumb_3315445_uploaded_image1_1630722382.jpg"
"1739232799-338","https://sn.coinafrique.com/categorie/poules-lapins-et-pigeons?page=6","Poulet Bleu Hollande","https://sn.coinafrique.com/annonce/poules-lapins-et-pigeons/poulet-bleu-hollande-3290876","Poulet Bleu Hollande","4 500 CFA","Diourbel, Sénégal","https://images.coinafrique.com/thumb_3290876_uploaded_image1_1629501810.jpg"
"1739232802-339","https://sn.coinafrique.com/categorie/poules-lapins-et-pigeons?page=6","Pigeons","https://sn.coinafrique.com/annonce/poules-lapins-et-pigeons/pigeons-3302613","","50 000 CFA","Kaolack, Sénégal","https://images.coinafrique.com/thumb_4013190_uploaded_image1_1671298740.jpg"
"1739232805-340","https://sn.coinafrique.com/categorie/poules-lapins-et-pigeons?page=6","Pigeons Lahore","https://sn.coinafrique.com/annonce/poules-lapins-et-pigeons/pigeons-lahore-3305350","Je bazarde différentspigeons couleur lahore- bouvreuil-pan- etc","Prix sur demande","Parcelle Assainies, Dakar, Sénégal","https://images.coinafrique.com/thumb_3305350_uploaded_image1_1630343789.jpg"
"1739232808-341","https://sn.coinafrique.com/categorie/poules-lapins-et-pigeons?page=6","Pigeon  Bullan","https://sn.coinafrique.com/annonce/poules-lapins-et-pigeons/pigeon-bullan-3306464","","100 000 CFA","Louga, Sénégal","https://images.coinafrique.com/thumb_3306481_uploaded_image1_1630411232.jpg"
"1739232812-342","https://sn.coinafrique.com/categorie/poules-lapins-et-pigeons?page=6","Pigeon Bullan","https://sn.coinafrique.com/annonce/poules-lapins-et-pigeons/pigeon-bullan-3306474","","95 000 CFA","Louga, Sénégal","https://images.coinafrique.com/thumb_3306481_uploaded_image1_1630411232.jpg"
"1739232816-343","https://sn.coinafrique.com/categorie/poules-lapins-et-pigeons?page=6","Pigeon mondain / bullan","https://sn.coinafrique.com/annonce/poules-lapins-et-pigeons/pigeon-mondain-bullan-3306481","","25 000 CFA","Louga, Sénégal","https://images.coinafrique.com/thumb_3306481_uploaded_image1_1630411232.jpg"
"1739232820-344","https://sn.coinafrique.com/categorie/poules-lapins-et-pigeons?page=6","Poule Brahman","https://sn.coinafrique.com/annonce/poules-lapins-et-pigeons/poule-brahman-3307095","","22 000 CFA","Louga, Sénégal","https://images.coinafrique.com/thumb_3307095_uploaded_image1_1630430739.jpg"
"1739232825-345","https://sn.coinafrique.com/categorie/poules-lapins-et-pigeons?page=6","Lapereaux","https://sn.coinafrique.com/annonce/poules-lapins-et-pigeons/lapereaux-3315445","Des paires lapereaux à vendre","17 000 CFA","Pikine, Sénégal","https://images.coinafrique.com/thumb_3315445_uploaded_image1_1630722382.jpg"
"1739232827-346","https://sn.coinafrique.com/categorie/poules-lapins-et-pigeons?page=6","Poussin Brahma","https://sn.coinafrique.com/annonce/poules-lapins-et-pigeons/poussin-brahma-3316797","Brahma pur sang  de un mois","20 000 CFA","Dakar, Sénégal","https://images.coinafrique.com/thumb_3316806_uploaded_image1_1630785002.jpg"
"1739232832-347","https://sn.coinafrique.com/categorie/poules-lapins-et-pigeons?page=6","Poussin Brahmâ","https://sn.coinafrique.com/annonce/poules-lapins-et-pigeons/poussin-brahma-3316806","Brahmâ pur sang d un mois","20 000 CFA","Dakar, Sénégal","https://images.coinafrique.com/thumb_3316806_uploaded_image1_1630785002.jpg"
"1739232835-348","https://sn.coinafrique.com/categorie/poules-lapins-et-pigeons?page=6","Trio poussin coucou","https://sn.coinafrique.com/annonce/poules-lapins-et-pigeons/trio-poussin-coucou-3316809","","30 000 CFA","Dakar, Sénégal","https://images.coinafrique.com/thumb_3316809_uploaded_image1_1630785179.jpg"
"1739232839-349","https://sn.coinafrique.com/categorie/poules-lapins-et-pigeons?page=6","Lapin nain","https://sn.coinafrique.com/annonce/poules-lapins-et-pigeons/lapin-nain-3322610","Nous vendons de beaux lapins nains a un prix defiant toute concurence pour plus d information merci de nous contacter","30 000 CFA","Parcelle Assainies, Dakar, Sénégal","https://images.coinafrique.com/thumb_4865409_uploaded_image1_1722221284.jpg"
"1739232851-350","https://sn.coinafrique.com/categorie/poules-lapins-et-pigeons?page=5","Poussins Cochin","https://sn.coinafrique.com/annonce/poules-lapins-et-pigeons/poussins-cochin-3325681","Des poussins cochin blanc de race pure disponible.
faites vite vos commandes","Prix sur demande","Keur Massar, Sénégal","https://images.coinafrique.com/thumb_4401630_uploaded_image1_1696382057.jpg"
"1739232854-351","https://sn.coinafrique.com/categorie/poules-lapins-et-pigeons?page=5","Poulets pondeuses","https://sn.coinafrique.com/annonce/poules-lapins-et-pigeons/poulets-pondeuses-3333107","Poulets pondeuses âge de deux mois yekh niak
2000fr par unité","2 000 CFA","Dakar, Sénégal","https://images.coinafrique.com/thumb_3333107_uploaded_image1_1631563838.jpg"
"1739232859-352","https://sn.coinafrique.com/categorie/poules-lapins-et-pigeons?page=5","Pigeon","https://sn.coinafrique.com/annonce/poules-lapins-et-pigeons/pigeon-3334209","Demande","Prix sur demande","Kaolack, Sénégal","https://images.coinafrique.com/thumb_4013190_uploaded_image1_1671298740.jpg"
"1739232863-353","https://sn.coinafrique.com/categorie/poules-lapins-et-pigeons?page=5","Poulet de chair","https://sn.coinafrique.com/annonce/poules-lapins-et-pigeons/poulet-de-chair-3337450","De bon poulets pour lsafar","2 300 CFA","Guediawaye, Dakar, Sénégal","https://images.coinafrique.com/thumb_3869035_uploaded_image1_1662638536.jpg"
"1739232866-354","https://sn.coinafrique.com/categorie/poules-lapins-et-pigeons?page=5","Poule","https://sn.coinafrique.com/annonce/poules-lapins-et-pigeons/poule-3348160","","Prix sur demande","Dakar, Sénégal","https://images.coinafrique.com/thumb_4936101_uploaded_image1_1725915391.jpg"
"1739232870-355","https://sn.coinafrique.com/categorie/poules-lapins-et-pigeons?page=5","Poules brahmanes","https://sn.coinafrique.com/annonce/poules-lapins-et-pigeons/poules-brahmanes-3349394","Salut, des couples brahmanes, des cochins et des poules qui couve naturellement de différents âges à vendre dans la limite du stock disponible possibilité de livraison.","35 000 CFA","Guediawaye, Dakar, Sénégal","https://images.coinafrique.com/thumb_3357145_uploaded_image1_1632869295.jpg"
"1739232874-356","https://sn.coinafrique.com/categorie/poules-lapins-et-pigeons?page=5","Poules Brahmanes","https://sn.coinafrique.com/annonce/poules-lapins-et-pigeons/poules-brahmanes-3349397","Salut, des couples brahmanes, des cochins et des poules qui couve naturellement de différents âges à vendre dans la limite du stock disponible possibilité de livraison.","35 000 CFA","Guediawaye, Dakar, Sénégal","https://images.coinafrique.com/thumb_3357145_uploaded_image1_1632869295.jpg"
"1739232878-357","https://sn.coinafrique.com/categorie/poules-lapins-et-pigeons?page=5","Poules brahmanes","https://sn.coinafrique.com/annonce/poules-lapins-et-pigeons/poules-brahmanes-3349401","Salut, des couples brahmanes, des cochins et des poules qui couve naturellement de différents âges à vendre dans la limite du stock disponible possibilité de livraison.","35 000 CFA","Guediawaye, Dakar, Sénégal","https://images.coinafrique.com/thumb_3357145_uploaded_image1_1632869295.jpg"
"1739232881-358","https://sn.coinafrique.com/categorie/poules-lapins-et-pigeons?page=5","Poules","https://sn.coinafrique.com/annonce/poules-lapins-et-pigeons/poules-3349405","Salut, des couples brahmanes, des cochins et des poules qui couve naturellement de différents âges à vendre dans la limite du stock disponible possibilité de livraison.","35 000 CFA","Guediawaye, Dakar, Sénégal","https://images.coinafrique.com/thumb_3357145_uploaded_image1_1632869295.jpg"
"1739232884-359","https://sn.coinafrique.com/categorie/poules-lapins-et-pigeons?page=5","Pigeon bajoura","https://sn.coinafrique.com/annonce/poules-lapins-et-pigeons/pigeon-bajoura-3353059","Mbour joal","50 000 CFA","Mbour, Sénégal","https://images.coinafrique.com/thumb_3353059_uploaded_image1_1632603388.jpg"
"1739232886-360","https://sn.coinafrique.com/categorie/poules-lapins-et-pigeons?page=5","Pigeons","https://sn.coinafrique.com/annonce/poules-lapins-et-pigeons/pigeons-3353065","Mbour","40 000 CFA","Mbour, Sénégal","https://images.coinafrique.com/thumb_4471585_uploaded_image1_1700864393.jpg"
"1739232890-361","https://sn.coinafrique.com/categorie/poules-lapins-et-pigeons?page=5","Pigeons","https://sn.coinafrique.com/annonce/poules-lapins-et-pigeons/pigeons-3353071","Mbour","50 000 CFA","Mbour, Sénégal","https://images.coinafrique.com/thumb_4471585_uploaded_image1_1700864393.jpg"
"1739232893-362","https://sn.coinafrique.com/categorie/poules-lapins-et-pigeons?page=5","Pigeon Mondain","https://sn.coinafrique.com/annonce/poules-lapins-et-pigeons/pigeon-mondain-3353083","Mbour thies","110 000 CFA","Mbour, Sénégal","https://images.coinafrique.com/thumb_3986519_uploaded_image1_1669815997.jpg"
"1739232896-363","https://sn.coinafrique.com/categorie/poules-lapins-et-pigeons?page=5","Poule Brahma hermnée","https://sn.coinafrique.com/annonce/poules-lapins-et-pigeons/poule-brahma-hermnee-3357145","Pour votre besoin de poulets d ornement elevage d ornement est prêt pour vous satisfaire merci de nous contacter via nos numéros. brahman hermjne","100 000 CFA","Guediawaye, Dakar, Sénégal","https://images.coinafrique.com/thumb_3357145_uploaded_image1_1632869295.jpg"
"1739232899-364","https://sn.coinafrique.com/categorie/poules-lapins-et-pigeons?page=5","Poule Brahman Herminé","https://sn.coinafrique.com/annonce/poules-lapins-et-pigeons/poule-brahman-hermine-3357881","Des poussins brahman herminé de race pure disponible.
faites vite vos commandes","Prix sur demande","Keur Massar, Sénégal","https://images.coinafrique.com/thumb_4369295_uploaded_image1_1694214443.jpg"
"1739232902-365","https://sn.coinafrique.com/categorie/poules-lapins-et-pigeons?page=5","Pigeon Romain","https://sn.coinafrique.com/annonce/poules-lapins-et-pigeons/pigeon-romain-3362871","","85 000 CFA","Dakar, Sénégal","https://images.coinafrique.com/thumb_3362871_uploaded_image1_1633116442.jpg"
"1739232906-366","https://sn.coinafrique.com/categorie/poules-lapins-et-pigeons?page=5","Couple poulet Brahmâ","https://sn.coinafrique.com/annonce/poules-lapins-et-pigeons/couple-poulet-brahma-3369356","","50 000 CFA","Dakar, Sénégal","https://images.coinafrique.com/thumb_3369356_uploaded_image1_1633438053.jpg"
"1739232908-367","https://sn.coinafrique.com/categorie/poules-lapins-et-pigeons?page=5","Poule Barahmane","https://sn.coinafrique.com/annonce/poules-lapins-et-pigeons/poule-barahmane-3370800","Barahmane adulte pure sang pére et mére !! pas de négociation !!","100 000 CFA","M'bour, Sénégal","https://images.coinafrique.com/thumb_3370800_uploaded_image2_1633504872.jpeg"
"1739232912-368","https://sn.coinafrique.com/categorie/poules-lapins-et-pigeons?page=5","Pigeons","https://sn.coinafrique.com/annonce/poules-lapins-et-pigeons/pigeons-3371154","","50 000 CFA","Dakar, Sénégal","https://images.coinafrique.com/thumb_4920745_uploaded_image1_1725167512.jpg"
"1739232915-369","https://sn.coinafrique.com/categorie/poules-lapins-et-pigeons?page=5","Pigeon voyageur","https://sn.coinafrique.com/annonce/poules-lapins-et-pigeons/pigeon-voyageur-3373808","Pigeon voyageur prix négociable","10 000 CFA","Ouest Foire, Dakar, Sénégal","https://images.coinafrique.com/thumb_3373811_uploaded_image1_1633618398.jpg"
"1739232919-370","https://sn.coinafrique.com/categorie/poules-lapins-et-pigeons?page=5","Pigeon voyageur","https://sn.coinafrique.com/annonce/poules-lapins-et-pigeons/pigeon-voyageur-3373811","Pigeon voyageur av prix légèrement discutable","10 000 CFA","Ouest Foire, Dakar, Sénégal","https://images.coinafrique.com/thumb_3373811_uploaded_image1_1633618398.jpg"
"1739232922-371","https://sn.coinafrique.com/categorie/poules-lapins-et-pigeons?page=5","Poussins brahman herminé - cochin blanc","https://sn.coinafrique.com/annonce/poules-lapins-et-pigeons/poussins-brahman-hermine-cochin-blanc-3374652","Poussins brahman herminé et cochin blanc standard à vendre","Prix sur demande","Keur Massar, Sénégal","https://images.coinafrique.com/thumb_3374652_uploaded_image1_1633650923.jpg"
"1739232925-372","https://sn.coinafrique.com/categorie/poules-lapins-et-pigeons?page=5","Pigeons bouvreuils","https://sn.coinafrique.com/annonce/poules-lapins-et-pigeons/pigeons-bouvreuils-3378491","Je vends 7 pigeons bouvreuils dont 3 couples et un seul le lots de 7 et a 75000 par couple c’est a 22000
adresse : à keur ndiaye lo à côté de rufisque juste après le elton","22 000 CFA","Rufisque, Sénégal","https://images.coinafrique.com/thumb_3414593_uploaded_image1_1635789344.jpg"
"1739232927-373","https://sn.coinafrique.com/categorie/poules-lapins-et-pigeons?page=5","Poules pondeuses","https://sn.coinafrique.com/annonce/poules-lapins-et-pigeons/poules-pondeuses-3379737","Je besoin d'argent urgent c'est pour cela je voulais l vendre je pas de choix quantité 670poulet sont disponible","2 000 CFA","Dakar, Sénégal","https://images.coinafrique.com/thumb_3379737_uploaded_image1_1633947290.jpg"
"1739232930-374","https://sn.coinafrique.com/categorie/poules-lapins-et-pigeons?page=5","Pigeons Laince","https://sn.coinafrique.com/annonce/poules-lapins-et-pigeons/pigeons-laince-3380877","","Prix sur demande","Dakar, Sénégal","https://images.coinafrique.com/thumb_3380877_uploaded_image1_1633980647.jpg"
"1739232934-375","https://sn.coinafrique.com/categorie/poules-lapins-et-pigeons?page=5","Pigeon","https://sn.coinafrique.com/annonce/poules-lapins-et-pigeons/pigeon-3382693","","Prix sur demande","Thies, Sénégal","https://images.coinafrique.com/thumb_4179370_uploaded_image1_1681674871.jpg"
"1739232936-376","https://sn.coinafrique.com/categorie/poules-lapins-et-pigeons?page=5","Pigeon Lahor","https://sn.coinafrique.com/annonce/poules-lapins-et-pigeons/pigeon-lahor-3382710","Tout les pigeons de race","65 000 CFA","Thies, Sénégal","https://images.coinafrique.com/thumb_3382710_uploaded_image1_1634069766.jpg"
"1739232939-377","https://sn.coinafrique.com/categorie/poules-lapins-et-pigeons?page=5","Poulets de chair","https://sn.coinafrique.com/annonce/poules-lapins-et-pigeons/poulets-de-chair-3394674","","2 500 CFA","Dakar, Sénégal","https://images.coinafrique.com/thumb_4509252_uploaded_image1_1703175319.jpg"
"1739232943-378","https://sn.coinafrique.com/categorie/poules-lapins-et-pigeons?page=5","Poussins","https://sn.coinafrique.com/annonce/poules-lapins-et-pigeons/poussins-3404905","Soukhali thiouth votre société qui vous accompagne pour vos élevages de poulets de chairs
nous avons des poussins coq jaune de brazil mais aussi des poulets de bonne qualité et poids exceptionnel
faites vos commandes et des cadeaux seront offerts","Prix sur demande","Mbour, Sénégal","https://images.coinafrique.com/thumb_3595177_uploaded_image1_1646493730.jpg"
"1739232946-379","https://sn.coinafrique.com/categorie/poules-lapins-et-pigeons?page=5","Pigeon","https://sn.coinafrique.com/annonce/poules-lapins-et-pigeons/pigeon-3405195","","35 000 CFA","Ouakam, Dakar, Sénégal","https://images.coinafrique.com/thumb_4513662_uploaded_image2_1703531881.jpeg"
"1739232950-380","https://sn.coinafrique.com/categorie/poules-lapins-et-pigeons?page=5","Pigeon Bouvreuil Archangel","https://sn.coinafrique.com/annonce/poules-lapins-et-pigeons/pigeon-bouvreuil-archangel-3414593","jeune et adulte disponible 
négociable","40 000 CFA","Rufisque, Sénégal","https://images.coinafrique.com/thumb_3414593_uploaded_image1_1635789344.jpg"
"1739232958-381","https://sn.coinafrique.com/categorie/poules-lapins-et-pigeons?page=5","Pigeon Cauchois","https://sn.coinafrique.com/annonce/poules-lapins-et-pigeons/pigeon-cauchois-3414597","Jeune et adulte disponible 
négociable","100 000 CFA","Rufisque, Sénégal","https://images.coinafrique.com/thumb_3414597_uploaded_image1_1635789492.jpg"
"1739232962-382","https://sn.coinafrique.com/categorie/poules-lapins-et-pigeons?page=5","Pigeons Texan","https://sn.coinafrique.com/annonce/poules-lapins-et-pigeons/pigeons-texan-3414604","Jeune et adulte disponible 
négociable","60 000 CFA","Rufisque, Sénégal","https://images.coinafrique.com/thumb_4653331_uploaded_image1_1711039616.jpg"
"1739232964-383","https://sn.coinafrique.com/categorie/poules-lapins-et-pigeons?page=5","Pigeon femelle Mondain","https://sn.coinafrique.com/annonce/poules-lapins-et-pigeons/pigeon-femelle-mondain-3418994","","70 000 CFA","Dakar, Sénégal","https://images.coinafrique.com/thumb_4230459_uploaded_image1_1685044108.jpg"
"1739232967-384","https://sn.coinafrique.com/categorie/poules-lapins-et-pigeons?page=5","Pigeon couple Cauchois","https://sn.coinafrique.com/annonce/poules-lapins-et-pigeons/pigeon-couple-cauchois-3418999","","70 000 CFA","Dakar, Sénégal","https://images.coinafrique.com/thumb_3418999_uploaded_image1_1635954718.jpg"
"1739232971-385","https://sn.coinafrique.com/categorie/poules-lapins-et-pigeons?page=5","Poussins brahma couple","https://sn.coinafrique.com/annonce/poules-lapins-et-pigeons/poussins-brahma-couple-3426274","Couple poussin brahma pur sang","22 000 CFA","Yoff, Dakar, Sénégal","https://images.coinafrique.com/thumb_3426274_uploaded_image1_1636309987.jpg"
"1739232974-386","https://sn.coinafrique.com/categorie/poules-lapins-et-pigeons?page=5","Pigeon","https://sn.coinafrique.com/annonce/poules-lapins-et-pigeons/pigeon-3436083","Des mantons disponibles","Prix sur demande","Parcelle Assainies, Dakar, Sénégal","https://images.coinafrique.com/thumb_3436083_uploaded_image1_1636807309.jpg"
"1739232978-387","https://sn.coinafrique.com/categorie/poules-lapins-et-pigeons?page=5","Lapins","https://sn.coinafrique.com/annonce/poules-lapins-et-pigeons/lapins-3437255","J ai deux couple lapin av pour plus d info pv","35 000 CFA","Hann Bel-Air, Dakar, Sénégal","https://images.coinafrique.com/thumb_3937288_uploaded_image1_1666813728.jpg"
"1739232980-388","https://sn.coinafrique.com/categorie/poules-lapins-et-pigeons?page=5","Poule femelle Orpington","https://sn.coinafrique.com/annonce/poules-lapins-et-pigeons/poule-femelle-orpington-3441502","","Prix sur demande","Dakar, Sénégal","https://images.coinafrique.com/thumb_3441502_uploaded_image1_1637127447.jpg"
"1739232983-389","https://sn.coinafrique.com/categorie/poules-lapins-et-pigeons?page=5","Pigeon Boulan blanc","https://sn.coinafrique.com/annonce/poules-lapins-et-pigeons/pigeon-boulan-blanc-3441505","","Prix sur demande","Dakar, Sénégal","https://images.coinafrique.com/thumb_3441505_uploaded_image1_1637127613.jpg"
"1739232986-390","https://sn.coinafrique.com/categorie/poules-lapins-et-pigeons?page=5","Pigeon Voyageur","https://sn.coinafrique.com/annonce/poules-lapins-et-pigeons/pigeon-voyageur-3444824","Pigeon voyageur","17 000 CFA","Touba, Sénégal","https://images.coinafrique.com/thumb_3444824_uploaded_image1_1637284415.jpg"
"1739232989-391","https://sn.coinafrique.com/categorie/poules-lapins-et-pigeons?page=5","Poules","https://sn.coinafrique.com/annonce/poules-lapins-et-pigeons/poules-3447997","Liquidation des poules sa reste que 45 poules u  a 3000
de kl a bien entretenu","3 000 CFA","Mermoz-Sacré Coeur, Dakar, Sénégal","https://images.coinafrique.com/thumb_3447997_uploaded_image1_1637496004.jpg"
"1739232992-392","https://sn.coinafrique.com/categorie/poules-lapins-et-pigeons?page=5","Poules","https://sn.coinafrique.com/annonce/poules-lapins-et-pigeons/poules-3464191","Disponibilité toute les semaines","Prix sur demande","Dakar, Sénégal","https://images.coinafrique.com/thumb_4936101_uploaded_image1_1725915391.jpg"
"1739232995-393","https://sn.coinafrique.com/categorie/poules-lapins-et-pigeons?page=5","Poules","https://sn.coinafrique.com/annonce/poules-lapins-et-pigeons/poules-3464218","Disponible tous les semaines","3 000 CFA","Dakar, Sénégal","https://images.coinafrique.com/thumb_4936101_uploaded_image1_1725915391.jpg"
"1739232998-394","https://sn.coinafrique.com/categorie/poules-lapins-et-pigeons?page=5","Couple pigeons cravate","https://sn.coinafrique.com/annonce/poules-lapins-et-pigeons/couple-pigeons-cravate-3468974","","25 000 CFA","Dakar, Sénégal","https://images.coinafrique.com/thumb_3468974_uploaded_image1_1638651001.jpg"
"1739233003-395","https://sn.coinafrique.com/categorie/poules-lapins-et-pigeons?page=5","Poule cou nue","https://sn.coinafrique.com/annonce/poules-lapins-et-pigeons/poule-cou-nue-3473109","Ben bou nek 8000 cfa j'habite à bene barack 
mmor dieng élevage","16 000 CFA","Guediawaye, Dakar, Sénégal","https://images.coinafrique.com/thumb_3473109_uploaded_image1_1638884949.jpg"
"1739233007-396","https://sn.coinafrique.com/categorie/poules-lapins-et-pigeons?page=5","Jeune mâle Brahma","https://sn.coinafrique.com/annonce/poules-lapins-et-pigeons/jeune-male-brahma-3494983","","Prix sur demande","Parcelle Assainies, Dakar, Sénégal",""
"1739233012-397","https://sn.coinafrique.com/categorie/poules-lapins-et-pigeons?page=5","Couple de poule Brahma","https://sn.coinafrique.com/annonce/poules-lapins-et-pigeons/couple-de-poule-brahma-3502325","","Prix sur demande","Parcelle Assainies, Dakar, Sénégal","https://images.coinafrique.com/thumb_3502325_uploaded_image1_1640848021.jpg"
"1739233016-398","https://sn.coinafrique.com/categorie/poules-lapins-et-pigeons?page=5","Pigeon Crimpan","https://sn.coinafrique.com/annonce/poules-lapins-et-pigeons/pigeon-crimpan-3505148","","75 000 CFA","Diamalaye 1, Dakar, Sénégal","https://images.coinafrique.com/thumb_3505148_uploaded_image1_1641130075.jpg"
"1739233021-399","https://sn.coinafrique.com/categorie/poules-lapins-et-pigeons?page=5","Poule Bleue Hollandaise","https://sn.coinafrique.com/annonce/poules-lapins-et-pigeons/poule-bleue-hollandaise-3513806","Vente de poule et coq de race bleue hollandaise 5mois et demi prés à pondre","15 000 CFA","Mbao, Dakar, Sénégal","https://images.coinafrique.com/thumb_3879030_uploaded_image1_1663241521.jpg"
"1739233026-400","https://sn.coinafrique.com/categorie/poules-lapins-et-pigeons?page=5","Lapins","https://sn.coinafrique.com/annonce/poules-lapins-et-pigeons/lapins-3520760","J vend des lapereaux âge déjà chèvré prix uniter 15 000 le tou a 40 milles des metise fauve encoura","40 000 CFA","Hann Bel-Air, Dakar, Sénégal","https://images.coinafrique.com/thumb_3937288_uploaded_image1_1666813728.jpg"
"1739233029-401","https://sn.coinafrique.com/categorie/poules-lapins-et-pigeons?page=5","Pigeons","https://sn.coinafrique.com/annonce/poules-lapins-et-pigeons/pigeons-3521128","","Prix sur demande","Guediawaye, Dakar, Sénégal","https://images.coinafrique.com/thumb_5121788_uploaded_image1_1736179154.jpg"
"1739233034-402","https://sn.coinafrique.com/categorie/poules-lapins-et-pigeons?page=5","Lapins Angoura","https://sn.coinafrique.com/annonce/poules-lapins-et-pigeons/lapins-angoura-3521996","Je vend dé lapereau angora, tous blancs à un prix imbattable.le pair à 15mill","15 000 CFA","HLM, Dakar, Sénégal","https://images.coinafrique.com/thumb_3521996_uploaded_image1_1642019964.jpg"
"1739233038-403","https://sn.coinafrique.com/categorie/poules-lapins-et-pigeons?page=5","Femelle manteau Opale","https://sn.coinafrique.com/annonce/poules-lapins-et-pigeons/femelle-manteau-opale-3526942","Femelle manteau opale barre blanche","60 000 CFA","Thies, Sénégal","https://images.coinafrique.com/thumb_3526942_uploaded_image1_1642346260.jpg"
"1739233042-404","https://sn.coinafrique.com/categorie/poules-lapins-et-pigeons?page=5","Poule","https://sn.coinafrique.com/annonce/poules-lapins-et-pigeons/poule-3527552","","Prix sur demande","Dakar, Sénégal","https://images.coinafrique.com/thumb_4936101_uploaded_image1_1725915391.jpg"
"1739233046-405","https://sn.coinafrique.com/categorie/poules-lapins-et-pigeons?page=5","Poulet","https://sn.coinafrique.com/annonce/poules-lapins-et-pigeons/poulet-3529776","Je vends des poulets de 1,5kg à 2kg sur pied et déjà abattu en gros ou détail","25 003 000 CFA","Grand Dakar, Dakar, Sénégal","https://images.coinafrique.com/thumb_3529776_uploaded_image1_1642526350.jpg"
"1739233049-406","https://sn.coinafrique.com/categorie/poules-lapins-et-pigeons?page=5","Coq Cochin blanc","https://sn.coinafrique.com/annonce/poules-lapins-et-pigeons/coq-cochin-blanc-3530692","Jeunes males cochin blanc pur sang  à vendre.
faites vite!","Prix sur demande","Keur Massar, Sénégal","https://images.coinafrique.com/thumb_3530692_uploaded_image1_1642595027.jpg"
"1739233054-407","https://sn.coinafrique.com/categorie/poules-lapins-et-pigeons?page=5","Coq Cochin coucou","https://sn.coinafrique.com/annonce/poules-lapins-et-pigeons/coq-cochin-coucou-3530700","Male cochin coucou de 4mois à vendre","Prix sur demande","Keur Massar, Sénégal","https://images.coinafrique.com/thumb_3530700_uploaded_image1_1642595156.jpg"
"1739233057-408","https://sn.coinafrique.com/categorie/poules-lapins-et-pigeons?page=5","Couple Lapins","https://sn.coinafrique.com/annonce/poules-lapins-et-pigeons/couple-lapins-3536316","","35 000 CFA","Hann Bel-Air, Dakar, Sénégal","https://images.coinafrique.com/thumb_3937288_uploaded_image1_1666813728.jpg"
"1739233061-409","https://sn.coinafrique.com/categorie/poules-lapins-et-pigeons?page=5","Lapins nains","https://sn.coinafrique.com/annonce/poules-lapins-et-pigeons/lapins-nains-3537679","","35 000 CFA","Thies, Sénégal","https://images.coinafrique.com/thumb_3537679_uploaded_image1_1643058435.jpg"
"1739233065-410","https://sn.coinafrique.com/categorie/poules-lapins-et-pigeons?page=5","Poussins Brahma","https://sn.coinafrique.com/annonce/poules-lapins-et-pigeons/poussins-brahma-3543634","Poussins brahma couvés naturellement","Prix sur demande","Parcelle Assainies, Dakar, Sénégal","https://images.coinafrique.com/thumb_4993341_uploaded_image1_1728920307.jpg"
"1739233068-411","https://sn.coinafrique.com/categorie/poules-lapins-et-pigeons?page=5","Femelle opal rosa","https://sn.coinafrique.com/annonce/poules-lapins-et-pigeons/femelle-opal-rosa-3544071","Femelle opal rosa gros gabarit","35 000 CFA","Thies, Sénégal","https://images.coinafrique.com/thumb_3544071_uploaded_image1_1643465628.jpg"
"1739233071-412","https://sn.coinafrique.com/categorie/poules-lapins-et-pigeons?page=5","Lot de 3 pigeons","https://sn.coinafrique.com/annonce/poules-lapins-et-pigeons/lot-de-3-pigeons-3544488","Je vend un lot de 3 pigeons dont 2 jeunes ecailles bagues et un male noir . il est possible d'acheter que le noir : 8500fcfa mais les 2 jeunes vont ensemble : 17000fcfa
merci.","25 000 CFA","Sipres, Dakar, Sénégal","https://images.coinafrique.com/thumb_3544488_uploaded_image1_1643489629.jpg"
"1739233074-413","https://sn.coinafrique.com/categorie/poules-lapins-et-pigeons?page=5","Pigeons","https://sn.coinafrique.com/annonce/poules-lapins-et-pigeons/pigeons-3544759","Bonjour, je mets en vente mon lot de couple voyageur en bonne santé et très productif, il est possible de prendre à l'unité (7500)et par couple (15000)le lot acheter un ouvert. merci","45 000 CFA","Dieuppeul-Derklé, Dakar, Sénégal","https://images.coinafrique.com/thumb_3544759_uploaded_image1_1643532462.jpg"
"1739233077-414","https://sn.coinafrique.com/categorie/poules-lapins-et-pigeons?page=5","Coq Brahman","https://sn.coinafrique.com/annonce/poules-lapins-et-pigeons/coq-brahman-3546219","Coq brahma a vendre pur sang
prix négociable","50 000 CFA","Rufisque, Sénégal","https://images.coinafrique.com/thumb_3546219_uploaded_image1_1643635974.jpg"
"1739233081-415","https://sn.coinafrique.com/categorie/poules-lapins-et-pigeons?page=5","Poussin brahman","https://sn.coinafrique.com/annonce/poules-lapins-et-pigeons/poussin-brahman-3546230","","10 000 CFA","Rufisque, Sénégal","https://images.coinafrique.com/thumb_4290482_uploaded_image1_1689101216.jpg"
"1739233084-416","https://sn.coinafrique.com/categorie/poules-lapins-et-pigeons?page=5","Poule pondeuse","https://sn.coinafrique.com/annonce/poules-lapins-et-pigeons/poule-pondeuse-3546233","","45 000 CFA","Rufisque, Sénégal","https://images.coinafrique.com/thumb_3546233_uploaded_image1_1643636475.jpg"
"1739233087-417","https://sn.coinafrique.com/categorie/poules-lapins-et-pigeons?page=5","Coq","https://sn.coinafrique.com/annonce/poules-lapins-et-pigeons/coq-3548688","","30 000 CFA","Dakar, Sénégal","https://images.coinafrique.com/thumb_4030997_uploaded_image1_1672682387.jpg"
"1739233090-418","https://sn.coinafrique.com/categorie/poules-lapins-et-pigeons?page=5","Oeuf poulet Brahma","https://sn.coinafrique.com/annonce/poules-lapins-et-pigeons/oeuf-poulet-brahma-3556035","Je vends des oeufs brahma pur sang prix a l'unité","2 500 CFA","Rufisque, Sénégal","https://images.coinafrique.com/thumb_3556035_uploaded_image1_1644085287.jpg"
"1739233093-419","https://sn.coinafrique.com/categorie/poules-lapins-et-pigeons?page=5","Couple de poule Brahman","https://sn.coinafrique.com/annonce/poules-lapins-et-pigeons/couple-de-poule-brahman-3556200","Couple brahman avec bonus","50 000 CFA","Saint Louis, Sénégal","https://images.coinafrique.com/thumb_3680687_uploaded_image1_1651677884.jpg"
"1739233095-420","https://sn.coinafrique.com/categorie/poules-lapins-et-pigeons?page=5","Poule  Brahma","https://sn.coinafrique.com/annonce/poules-lapins-et-pigeons/poule-brahma-3569532","Femelle","25 000 CFA","Parcelle Assainies, Dakar, Sénégal","https://images.coinafrique.com/thumb_4993341_uploaded_image1_1728920307.jpg"
"1739233098-421","https://sn.coinafrique.com/categorie/poules-lapins-et-pigeons?page=5","Poulets","https://sn.coinafrique.com/annonce/poules-lapins-et-pigeons/poulets-3575471","","Prix sur demande","Dakar, Sénégal","https://images.coinafrique.com/thumb_4767951_uploaded_image1_1716976720.jpg"
"1739233101-422","https://sn.coinafrique.com/categorie/poules-lapins-et-pigeons?page=5","Couple Cochin","https://sn.coinafrique.com/annonce/poules-lapins-et-pigeons/couple-cochin-3577024","","90 000 CFA","Dakar, Sénégal","https://images.coinafrique.com/thumb_3577024_uploaded_image1_1645466016.jpg"
"1739233104-423","https://sn.coinafrique.com/categorie/poules-lapins-et-pigeons?page=5","Poule Cochin","https://sn.coinafrique.com/annonce/poules-lapins-et-pigeons/poule-cochin-3589888","","90 000 CFA","Dakar, Sénégal","https://images.coinafrique.com/thumb_3589888_uploaded_image1_1646229530.jpg"
"1739233106-424","https://sn.coinafrique.com/categorie/poules-lapins-et-pigeons?page=5","Coq Cochin","https://sn.coinafrique.com/annonce/poules-lapins-et-pigeons/coq-cochin-3589893","","80 000 CFA","Dakar, Sénégal","https://images.coinafrique.com/thumb_4030997_uploaded_image1_1672682387.jpg"
"1739233110-425","https://sn.coinafrique.com/categorie/poules-lapins-et-pigeons?page=5","Lapins nains","https://sn.coinafrique.com/annonce/poules-lapins-et-pigeons/lapins-nains-3594110","Nous vendons des lapins de compagnie (nains) tres beaux a des prix defiants toutes concurrence pour plus d information merci de nous contacter","30 000 CFA","Parcelle Assainies, Dakar, Sénégal","https://images.coinafrique.com/thumb_4865409_uploaded_image1_1722221284.jpg"
"1739233112-426","https://sn.coinafrique.com/categorie/poules-lapins-et-pigeons?page=5","Couple poussins brahma","https://sn.coinafrique.com/annonce/poules-lapins-et-pigeons/couple-poussins-brahma-3595177","Jeunes brahma de 8 semaines , vaccinés ncastel, gumboro","20 000 CFA","Mbour, Sénégal","https://images.coinafrique.com/thumb_3595177_uploaded_image1_1646493730.jpg"
"1739233115-427","https://sn.coinafrique.com/categorie/poules-lapins-et-pigeons?page=5","Trio poussins Brahma","https://sn.coinafrique.com/annonce/poules-lapins-et-pigeons/trio-poussins-brahma-3599688","Trio brahma a vendre","20 000 CFA","Rufisque, Sénégal","https://images.coinafrique.com/thumb_3599688_uploaded_image1_1646764114.jpg"
"1739233117-428","https://sn.coinafrique.com/categorie/poules-lapins-et-pigeons?page=5","Pigeon femelle texan","https://sn.coinafrique.com/annonce/poules-lapins-et-pigeons/pigeon-femelle-texan-3606040","Je vend cette jolie jeune femelle texan à un prix très abordable. il y’a la possibilité de voir les parents.","25 000 CFA","Dakar, Sénégal","https://images.coinafrique.com/thumb_3606040_uploaded_image1_1647113482.jpg"
"1739233120-429","https://sn.coinafrique.com/categorie/poules-lapins-et-pigeons?page=5","Pigeons","https://sn.coinafrique.com/annonce/poules-lapins-et-pigeons/pigeons-3610036","Couples adultes","Prix sur demande","Bambey, Sénégal","https://images.coinafrique.com/thumb_3610036_uploaded_image1_1647364331.jpg"
"1739233123-430","https://sn.coinafrique.com/categorie/poules-lapins-et-pigeons?page=5","Oiseaux","https://sn.coinafrique.com/annonce/poules-lapins-et-pigeons/oiseaux-3620766","Animaux a vendre","80 000 CFA","Yoff, Dakar, Sénégal","https://images.coinafrique.com/thumb_3620766_uploaded_image1_1648057839.jpg"
"1739233127-431","https://sn.coinafrique.com/categorie/poules-lapins-et-pigeons?page=5","Lapins","https://sn.coinafrique.com/annonce/poules-lapins-et-pigeons/lapins-3624677","Des lapin metisage av","15 000 CFA","Hann Bel-Air, Dakar, Sénégal","https://images.coinafrique.com/thumb_3937288_uploaded_image1_1666813728.jpg"
"1739233130-432","https://sn.coinafrique.com/categorie/poules-lapins-et-pigeons?page=5","Poussins","https://sn.coinafrique.com/annonce/poules-lapins-et-pigeons/poussins-3658331","Poussins sen volaille disponible le 28

sen volaille disponible","Prix sur demande","Parcelle Assainies, Dakar, Sénégal","https://images.coinafrique.com/thumb_5104370_uploaded_image1_1734964382.jpg"
"1739233133-433","https://sn.coinafrique.com/categorie/poules-lapins-et-pigeons?page=5","Pigeon voyageur","https://sn.coinafrique.com/annonce/poules-lapins-et-pigeons/pigeon-voyageur-3659922","","Prix sur demande","Mbour, Sénégal","https://images.coinafrique.com/thumb_4009110_uploaded_image1_1671058199.jpg"
"1739233144-434","https://sn.coinafrique.com/categorie/poules-lapins-et-pigeons?page=4","Pigeon","https://sn.coinafrique.com/annonce/poules-lapins-et-pigeons/pigeon-3659931","","Prix sur demande","Mbour, Sénégal","https://images.coinafrique.com/thumb_4471585_uploaded_image1_1700864393.jpg"
"1739233147-435","https://sn.coinafrique.com/categorie/poules-lapins-et-pigeons?page=4","Pigeons","https://sn.coinafrique.com/annonce/poules-lapins-et-pigeons/pigeons-3659941","","Prix sur demande","Mbour, Sénégal","https://images.coinafrique.com/thumb_4471585_uploaded_image1_1700864393.jpg"
"1739233150-436","https://sn.coinafrique.com/categorie/poules-lapins-et-pigeons?page=4","Poule","https://sn.coinafrique.com/annonce/poules-lapins-et-pigeons/poule-3663076","Disponible","Prix sur demande","Parcelle Assainies, Dakar, Sénégal","https://images.coinafrique.com/thumb_4993341_uploaded_image1_1728920307.jpg"
"1739233153-437","https://sn.coinafrique.com/categorie/poules-lapins-et-pigeons?page=4","Eclosion - 16000 poussins","https://sn.coinafrique.com/annonce/poules-lapins-et-pigeons/eclosion-16000-poussins-3664153","Vente de poussin d1 jour Contactez au  

Une éclosion de 16000 poussin prévu le 30 avril","Prix sur demande","Dakar, Sénégal","https://images.coinafrique.com/thumb_3664153_uploaded_image1_1650570771.jpg"
"1739233156-438","https://sn.coinafrique.com/categorie/poules-lapins-et-pigeons?page=4","Lapereaux","https://sn.coinafrique.com/annonce/poules-lapins-et-pigeons/lapereaux-3665205","Je vends 4 paire de lapereaux de race fauve.","30 000 CFA","Mbao, Dakar, Sénégal","https://images.coinafrique.com/thumb_4868318_uploaded_image1_1722369912.jpg"
"1739233162-439","https://sn.coinafrique.com/categorie/poules-lapins-et-pigeons?page=4","Pigeons","https://sn.coinafrique.com/annonce/poules-lapins-et-pigeons/pigeons-3669432","Couple athlètes espagnol
couple meulmane 
          possibilité de livraison","Prix sur demande","Rufisque, Sénégal","https://images.coinafrique.com/thumb_5085521_uploaded_image1_1733851166.jpg"
"1739233167-440","https://sn.coinafrique.com/categorie/poules-lapins-et-pigeons?page=4","Pigeon dragon","https://sn.coinafrique.com/annonce/poules-lapins-et-pigeons/pigeon-dragon-3671452","Je vends un pigeon dragon mâle de couleur rouge .","20 000 CFA","Mariste, Dakar, Sénégal","https://images.coinafrique.com/thumb_3671452_uploaded_image1_1651059347.jpg"
"1739233170-441","https://sn.coinafrique.com/categorie/poules-lapins-et-pigeons?page=4","Cochin femelle frisé","https://sn.coinafrique.com/annonce/poules-lapins-et-pigeons/cochin-femelle-frise-3671735","","40 000 CFA","Mboro, Sénégal","https://images.coinafrique.com/thumb_3671735_uploaded_image1_1651068448.jpg"
"1739233173-442","https://sn.coinafrique.com/categorie/poules-lapins-et-pigeons?page=4","Coq Brahma Perdrix","https://sn.coinafrique.com/annonce/poules-lapins-et-pigeons/coq-brahma-perdrix-3671744","Mâle","35 000 CFA","Mboro, Sénégal","https://images.coinafrique.com/thumb_3671744_uploaded_image1_1651068700.jpg"
"1739233175-443","https://sn.coinafrique.com/categorie/poules-lapins-et-pigeons?page=4","Pigeons","https://sn.coinafrique.com/annonce/poules-lapins-et-pigeons/pigeons-3675341","Diversité de races de pigeons

des pigeons de très haut qualité","50 000 CFA","Cambérène, Dakar, Sénégal","https://images.coinafrique.com/thumb_4664901_uploaded_image1_1711663618.jpg"
"1739233179-444","https://sn.coinafrique.com/categorie/poules-lapins-et-pigeons?page=4","Couple poules Bantam","https://sn.coinafrique.com/annonce/poules-lapins-et-pigeons/couple-poules-bantam-3678837","Couple bantam de pékin male bleu et femelle noire frisée","80 000 CFA","Guediawaye, Dakar, Sénégal","https://images.coinafrique.com/thumb_3678837_uploaded_image1_1651584122.jpg"
"1739233182-445","https://sn.coinafrique.com/categorie/poules-lapins-et-pigeons?page=4","Poussin","https://sn.coinafrique.com/annonce/poules-lapins-et-pigeons/poussin-3679061","Traoré","Prix sur demande","Parcelle Assainies, Dakar, Sénégal","https://images.coinafrique.com/thumb_5104370_uploaded_image1_1734964382.jpg"
"1739233185-446","https://sn.coinafrique.com/categorie/poules-lapins-et-pigeons?page=4","Poule couple brahman","https://sn.coinafrique.com/annonce/poules-lapins-et-pigeons/poule-couple-brahman-3680687","Des couples brahman herminé ou sussex disponibles et des croisements en plus des oeufs si possible...","50 000 CFA","Saint Louis, Sénégal","https://images.coinafrique.com/thumb_3680687_uploaded_image1_1651677884.jpg"
"1739233190-447","https://sn.coinafrique.com/categorie/poules-lapins-et-pigeons?page=4","Lapin couple","https://sn.coinafrique.com/annonce/poules-lapins-et-pigeons/lapin-couple-3680760","A vendre couple lapin âgé d'un et un mois bien entretenu avec leur carnet de vaccination","65 000 CFA","Dakar Plateau, Dakar, Sénégal","https://images.coinafrique.com/thumb_3680760_uploaded_image1_1651680730.jpg"
"1739233197-448","https://sn.coinafrique.com/categorie/poules-lapins-et-pigeons?page=4","Pigeons","https://sn.coinafrique.com/annonce/poules-lapins-et-pigeons/pigeons-3689928","Sujets de qualité très propre","Prix sur demande","Cambérène, Dakar, Sénégal","https://images.coinafrique.com/thumb_4664901_uploaded_image1_1711663618.jpg"
"1739233200-449","https://sn.coinafrique.com/categorie/poules-lapins-et-pigeons?page=4","Pigeons","https://sn.coinafrique.com/annonce/poules-lapins-et-pigeons/pigeons-3694574","","Prix sur demande","Niaga, Sénégal","https://images.coinafrique.com/thumb_3694574_uploaded_image1_1652451578.jpg"
"1739233203-450","https://sn.coinafrique.com/categorie/poules-lapins-et-pigeons?page=4","Poule Brahmâ","https://sn.coinafrique.com/annonce/poules-lapins-et-pigeons/poule-brahma-3701283","","20 000 CFA","Rufisque, Sénégal","https://images.coinafrique.com/thumb_4807398_uploaded_image1_1719187421.jpg"
"1739233206-451","https://sn.coinafrique.com/categorie/poules-lapins-et-pigeons?page=4","Coq Brahma","https://sn.coinafrique.com/annonce/poules-lapins-et-pigeons/coq-brahma-3701284","","50 000 CFA","Rufisque, Sénégal","https://images.coinafrique.com/thumb_3701284_uploaded_image1_1652878050.jpg"
"1739233208-452","https://sn.coinafrique.com/categorie/poules-lapins-et-pigeons?page=4","Poule","https://sn.coinafrique.com/annonce/poules-lapins-et-pigeons/poule-3707531","Traoré éleveurs","Prix sur demande","Parcelle Assainies, Dakar, Sénégal","https://images.coinafrique.com/thumb_4993341_uploaded_image1_1728920307.jpg"
"1739233211-453","https://sn.coinafrique.com/categorie/poules-lapins-et-pigeons?page=4","Poussins 1 jour","https://sn.coinafrique.com/annonce/poules-lapins-et-pigeons/poussins-1-jour-3712620","Promo poussin","25 000 CFA","Keur Massar, Sénégal","https://images.coinafrique.com/thumb_3712620_uploaded_image1_1653566057.jpg"
"1739233215-454","https://sn.coinafrique.com/categorie/poules-lapins-et-pigeons?page=4","Poussins","https://sn.coinafrique.com/annonce/poules-lapins-et-pigeons/poussins-3713086","Société africaine pour la promotion de l’aviculture modeme 
rond-point zac mbao en face station total 
prix fix : 27500f 
livraison partout au sénégal","27 500 CFA","Rufisque, Sénégal","https://images.coinafrique.com/thumb_4290482_uploaded_image1_1689101216.jpg"
"1739233218-455","https://sn.coinafrique.com/categorie/poules-lapins-et-pigeons?page=4","Poussins","https://sn.coinafrique.com/annonce/poules-lapins-et-pigeons/poussins-3717493","Je vends des caisses de poussins. bio et déjà vacciné fait passer vos commandes","Prix sur demande","Diamniadio, Sénégal","https://images.coinafrique.com/thumb_3717493_uploaded_image1_1653911809.jpg"
"1739233221-456","https://sn.coinafrique.com/categorie/poules-lapins-et-pigeons?page=4","Poulet de chair","https://sn.coinafrique.com/annonce/poules-lapins-et-pigeons/poulet-de-chair-3719067","Sur pied","2 500 CFA","Niaga, Sénégal","https://images.coinafrique.com/thumb_3820532_uploaded_image1_1659963344.jpg"
"1739233224-457","https://sn.coinafrique.com/categorie/poules-lapins-et-pigeons?page=4","Coq Brahmane","https://sn.coinafrique.com/annonce/poules-lapins-et-pigeons/coq-brahmane-3725108","Paire brahmane pure sang à très bon prix","45 000 CFA","Louga, Sénégal","https://images.coinafrique.com/thumb_3725108_uploaded_image1_1654262429.jpg"
"1739233227-458","https://sn.coinafrique.com/categorie/poules-lapins-et-pigeons?page=4","Pigeons voyageurs","https://sn.coinafrique.com/annonce/poules-lapins-et-pigeons/pigeons-voyageurs-3726420","Tous à vendre y'a une vidéo aussi
je vend des pigeons voyageurs j'en ai beaucoup ce photo n'est que l'extrait alors si vous êtes intéressé faite signe je vous envoie une vidéo merci","Prix sur demande","Rufisque, Sénégal","https://images.coinafrique.com/thumb_4662603_uploaded_image1_1711547811.jpg"
"1739233230-459","https://sn.coinafrique.com/categorie/poules-lapins-et-pigeons?page=4","Poussins Cochins","https://sn.coinafrique.com/annonce/poules-lapins-et-pigeons/poussins-cochins-3738020","- cochain caillouté 
- cochin porcelain","Prix sur demande","Rufisque, Sénégal","https://images.coinafrique.com/thumb_4290482_uploaded_image1_1689101216.jpg"
"1739233233-460","https://sn.coinafrique.com/categorie/poules-lapins-et-pigeons?page=4","Poussins chair","https://sn.coinafrique.com/annonce/poules-lapins-et-pigeons/poussins-chair-3756839","Les poussins sont disponibles chaque semaine et sont de très bonne qualités. passez vos commandes.","28 000 CFA","Yoff, Dakar, Sénégal","https://images.coinafrique.com/thumb_3756839_uploaded_image1_1656080074.jpg"
"1739233236-461","https://sn.coinafrique.com/categorie/poules-lapins-et-pigeons?page=4","Lapins nain","https://sn.coinafrique.com/annonce/poules-lapins-et-pigeons/lapins-nain-3756850","Nous vendons de tres beaux lapins nains a des prix defiant toute concurrence","30 000 CFA","Parcelle Assainies, Dakar, Sénégal","https://images.coinafrique.com/thumb_4865409_uploaded_image1_1722221284.jpg"
"1739233239-462","https://sn.coinafrique.com/categorie/poules-lapins-et-pigeons?page=4","Lapin","https://sn.coinafrique.com/annonce/poules-lapins-et-pigeons/lapin-3762877","","20 000 CFA","Keur Massar, Sénégal","https://images.coinafrique.com/thumb_4966470_uploaded_image1_1727557573.jpg"
"1739233243-463","https://sn.coinafrique.com/categorie/poules-lapins-et-pigeons?page=4","Lapins","https://sn.coinafrique.com/annonce/poules-lapins-et-pigeons/lapins-3778360","Lapins à vendre","15 000 CFA","Diamniadio, Sénégal","https://images.coinafrique.com/thumb_5119498_uploaded_image1_1736025924.jpg"
"1739233246-464","https://sn.coinafrique.com/categorie/poules-lapins-et-pigeons?page=4","Couple lapin nain","https://sn.coinafrique.com/annonce/poules-lapins-et-pigeons/couple-lapin-nain-3779800","Couple lapin nain bien entretenu agée dun an 4 mois avec leur carnet de vaccinations","60 000 CFA","Dakar, Sénégal","https://images.coinafrique.com/thumb_3779800_uploaded_image1_1657474190.jpg"
"1739233249-465","https://sn.coinafrique.com/categorie/poules-lapins-et-pigeons?page=4","Poulets Hollande","https://sn.coinafrique.com/annonce/poules-lapins-et-pigeons/poulets-hollande-3788366","Poulet bleu d’hollande, poulet du pays et race","6 000 CFA","Parcelle Assainies, Dakar, Sénégal","https://images.coinafrique.com/thumb_3788366_uploaded_image1_1658082013.jpg"
"1739233253-466","https://sn.coinafrique.com/categorie/poules-lapins-et-pigeons?page=4","Poulets frais","https://sn.coinafrique.com/annonce/poules-lapins-et-pigeons/poulets-frais-3749412","Des poulets frais à vendre
des poulets frais a vendre en gros et détails à partir de 3500 frs cfa par pièce contctez mr sarr pour la
livraison","3 500 CFA","HLM, Dakar, Sénégal","https://images.coinafrique.com/thumb_3749412_uploaded_image1_1655656513.jpg"
"1739233259-467","https://sn.coinafrique.com/categorie/poules-lapins-et-pigeons?page=4","Poulet d'ornement","https://sn.coinafrique.com/annonce/poules-lapins-et-pigeons/poulet-dornement-3795149","Poulet d'ornement a vendre prix pv","Prix sur demande","Rufisque, Sénégal",""
"1739233262-468","https://sn.coinafrique.com/categorie/poules-lapins-et-pigeons?page=4","Lapin nain","https://sn.coinafrique.com/annonce/poules-lapins-et-pigeons/lapin-nain-3795801","Lapin nain à vendre","60 000 CFA","Dakar Plateau, Dakar, Sénégal","https://images.coinafrique.com/thumb_3795801_uploaded_image1_1658525928.jpg"
"1739233265-469","https://sn.coinafrique.com/categorie/poules-lapins-et-pigeons?page=4","Poules","https://sn.coinafrique.com/annonce/poules-lapins-et-pigeons/poules-3799302","Poulet bien nourri sur pieds","2 800 CFA","Dakar, Sénégal","https://images.coinafrique.com/thumb_4936101_uploaded_image1_1725915391.jpg"
"1739233269-470","https://sn.coinafrique.com/categorie/poules-lapins-et-pigeons?page=4","Femelles Manteau Opal","https://sn.coinafrique.com/annonce/poules-lapins-et-pigeons/femelles-manteau-opal-3802372","Slt je met en vente 3 femelle manteau opal adulte","35 000 CFA","Cambérène, Dakar, Sénégal","https://images.coinafrique.com/thumb_3802372_uploaded_image1_1658943727.jpg"
"1739233273-471","https://sn.coinafrique.com/categorie/poules-lapins-et-pigeons?page=4","Poule Brahma","https://sn.coinafrique.com/annonce/poules-lapins-et-pigeons/poule-brahma-3803358","","110 000 CFA","Dakar, Sénégal","https://images.coinafrique.com/thumb_4936101_uploaded_image1_1725915391.jpg"
"1739233276-472","https://sn.coinafrique.com/categorie/poules-lapins-et-pigeons?page=4","Poule Brahman","https://sn.coinafrique.com/annonce/poules-lapins-et-pigeons/poule-brahman-3803369","","60 000 CFA","Dakar, Sénégal","https://images.coinafrique.com/thumb_4936101_uploaded_image1_1725915391.jpg"
"1739233279-473","https://sn.coinafrique.com/categorie/poules-lapins-et-pigeons?page=4","Femelle herminé pur sang","https://sn.coinafrique.com/annonce/poules-lapins-et-pigeons/femelle-hermine-pur-sang-3807013","Je cède ma femmelle herminé pure sang yékh yakk","45 000 CFA","Dakar, Sénégal","https://images.coinafrique.com/thumb_3807013_uploaded_image1_1659264761.jpg"
"1739233283-474","https://sn.coinafrique.com/categorie/poules-lapins-et-pigeons?page=4","Poulets","https://sn.coinafrique.com/annonce/poules-lapins-et-pigeons/poulets-3809817","","3 500 CFA","Dakar, Sénégal","https://images.coinafrique.com/thumb_4767951_uploaded_image1_1716976720.jpg"
"1739233286-475","https://sn.coinafrique.com/categorie/poules-lapins-et-pigeons?page=4","Poulet de chair","https://sn.coinafrique.com/annonce/poules-lapins-et-pigeons/poulet-de-chair-3812639","Poulle disponibe","3 000 CFA","HLM, Dakar, Sénégal","https://images.coinafrique.com/thumb_3812639_uploaded_image1_1659524524.jpg"
"1739233290-476","https://sn.coinafrique.com/categorie/poules-lapins-et-pigeons?page=4","Lapins","https://sn.coinafrique.com/annonce/poules-lapins-et-pigeons/lapins-3813508","Des lapins california, fauves de bourgogne et métissage disponible.","25 000 CFA","Dakar, Sénégal","https://images.coinafrique.com/thumb_4509856_uploaded_image1_1703213564.jpg"
"1739233293-477","https://sn.coinafrique.com/categorie/poules-lapins-et-pigeons?page=4","Pigeon Opal","https://sn.coinafrique.com/annonce/poules-lapins-et-pigeons/pigeon-opal-3817370","","Prix sur demande","Saly, Sénégal","https://images.coinafrique.com/thumb_3817370_uploaded_image1_1659739915.jpg"
"1739233296-478","https://sn.coinafrique.com/categorie/poules-lapins-et-pigeons?page=4","Poulets","https://sn.coinafrique.com/annonce/poules-lapins-et-pigeons/poulets-3818707","1kg500
1kg600
1kg700","Prix sur demande","Niaga, Sénégal","https://images.coinafrique.com/thumb_3820532_uploaded_image1_1659963344.jpg"
"1739233299-479","https://sn.coinafrique.com/categorie/poules-lapins-et-pigeons?page=4","Pigeons espagnols","https://sn.coinafrique.com/annonce/poules-lapins-et-pigeons/pigeons-espagnols-3818867","Je vend à ses prix car j’arrête l’élevage des pigeons pigeon espagnol intéressé vir sur le numéro","10 000 CFA","Dakar, Sénégal","https://images.coinafrique.com/thumb_3818868_uploaded_image1_1659851735.jpg"
"1739233302-480","https://sn.coinafrique.com/categorie/poules-lapins-et-pigeons?page=4","Pigeons portugais espagnols","https://sn.coinafrique.com/annonce/poules-lapins-et-pigeons/pigeons-portugais-espagnols-3818868","Ce sont mes 1er pigeon qui produit chaque mois des œufs 
le mal est portugais la femmelle est espagnole 
ce sont des pigeons voyageurs 
souvent leur enfant sont des rouges","20 000 CFA","Dakar, Sénégal","https://images.coinafrique.com/thumb_3818868_uploaded_image1_1659851735.jpg"
"1739233305-481","https://sn.coinafrique.com/categorie/poules-lapins-et-pigeons?page=4","Poulet de chair","https://sn.coinafrique.com/annonce/poules-lapins-et-pigeons/poulet-de-chair-3820323","Des poulet de qualité frais pour le tamkharitt","3 000 CFA","Mariste, Dakar, Sénégal","https://images.coinafrique.com/thumb_3820323_uploaded_image1_1659956851.jpg"
"1739233310-482","https://sn.coinafrique.com/categorie/poules-lapins-et-pigeons?page=4","Poulets","https://sn.coinafrique.com/annonce/poules-lapins-et-pigeons/poulets-3820532","Poulets de chair","Prix sur demande","Niaga, Sénégal","https://images.coinafrique.com/thumb_3820532_uploaded_image1_1659963344.jpg"
"1739233314-483","https://sn.coinafrique.com/categorie/poules-lapins-et-pigeons?page=4","Pigeons voyageurs","https://sn.coinafrique.com/annonce/poules-lapins-et-pigeons/pigeons-voyageurs-3829942","Je vends des couples de pigeons voyageurs de differente couleurs a bon prix","2 000 CFA","Dakar Plateau, Dakar, Sénégal","https://images.coinafrique.com/thumb_3829942_uploaded_image1_1660489290.jpg"
"1739233318-484","https://sn.coinafrique.com/categorie/poules-lapins-et-pigeons?page=4","Diamant Mandarin Huppé","https://sn.coinafrique.com/annonce/poules-lapins-et-pigeons/diamant-mandarin-huppe-3841798","Des diamants mandarin adultes","Prix sur demande","Point E, Dakar, Sénégal","https://images.coinafrique.com/thumb_4130101_uploaded_image1_1678546170.jpg"
"1739233321-485","https://sn.coinafrique.com/categorie/poules-lapins-et-pigeons?page=4","Pigeon voyageur","https://sn.coinafrique.com/annonce/poules-lapins-et-pigeons/pigeon-voyageur-3856160","Pigeon par baye darou 
femelle","7 000 CFA","Grand Yoff, Dakar, Sénégal","https://images.coinafrique.com/thumb_4418928_uploaded_image1_1697461664.jpg"
"1739233324-486","https://sn.coinafrique.com/categorie/poules-lapins-et-pigeons?page=4","Pigeon","https://sn.coinafrique.com/annonce/poules-lapins-et-pigeons/pigeon-3856165","Vente de pigeon par baye darou","3 000 CFA","Grand Yoff, Dakar, Sénégal","https://images.coinafrique.com/thumb_4561395_uploaded_image1_1706128448.jpg"
"1739233329-487","https://sn.coinafrique.com/categorie/poules-lapins-et-pigeons?page=4","Poussin pintade","https://sn.coinafrique.com/annonce/poules-lapins-et-pigeons/poussin-pintade-3859176","Poussin pintade","1 500 CFA","Parcelle Assainies, Dakar, Sénégal","https://images.coinafrique.com/thumb_3859176_uploaded_image1_1662124807.jpg"
"1739233332-488","https://sn.coinafrique.com/categorie/poules-lapins-et-pigeons?page=4","Brahmans Herminé et Cochins","https://sn.coinafrique.com/annonce/poules-lapins-et-pigeons/brahmans-hermine-et-cochins-3868279","Couple brahman herminé et trio cochin blanc d'un mois et quelques à vendre","Prix sur demande","Keur Massar, Sénégal","https://images.coinafrique.com/thumb_3868279_uploaded_image1_1662589600.jpg"
"1739233335-489","https://sn.coinafrique.com/categorie/poules-lapins-et-pigeons?page=4","Poulet chair","https://sn.coinafrique.com/annonce/poules-lapins-et-pigeons/poulet-chair-3869035","Poulet chair à vendre poids 1kg500","4 000 CFA","Guediawaye, Dakar, Sénégal","https://images.coinafrique.com/thumb_3869035_uploaded_image1_1662638536.jpg"
"1739233338-490","https://sn.coinafrique.com/categorie/poules-lapins-et-pigeons?page=4","Poussins Bleues Hollandaises","https://sn.coinafrique.com/annonce/poules-lapins-et-pigeons/poussins-bleues-hollandaises-3879015","Vente de poussins hybrides bleues hollandaises ,de races suxess allant d’une semaine à 1 mois","1 500 CFA","Mbao, Dakar, Sénégal","https://images.coinafrique.com/thumb_3879015_uploaded_image1_1663241115.jpg"
"1739233341-491","https://sn.coinafrique.com/categorie/poules-lapins-et-pigeons?page=4","Bleues d’Hollandes","https://sn.coinafrique.com/annonce/poules-lapins-et-pigeons/bleues-dhollandes-3879030","Vente de coq et poule de 6 mois pour reproduction bleues hollandaise ; susex ;geline de tourrain ;poules rousses ;avec des races hybrides de tous genres.","15 000 CFA","Mbao, Dakar, Sénégal",""
"1739233345-492","https://sn.coinafrique.com/categorie/poules-lapins-et-pigeons?page=4","Poussins de caille","https://sn.coinafrique.com/annonce/poules-lapins-et-pigeons/poussins-de-caille-3882380","Poussin de caille disponible","500 CFA","Keur Massar, Sénégal","https://images.coinafrique.com/thumb_3882380_uploaded_image1_1663498641.jpg"
"1739233348-493","https://sn.coinafrique.com/categorie/poules-lapins-et-pigeons?page=4","Pigeon","https://sn.coinafrique.com/annonce/poules-lapins-et-pigeons/pigeon-3911548","Deux paire pigeon voyageur 10 000 est un couple paon a 20 000  av","10 000 CFA","Hann Bel-Air, Dakar, Sénégal","https://images.coinafrique.com/thumb_3911548_uploaded_image1_1665233800.jpg"
"1739233351-494","https://sn.coinafrique.com/categorie/poules-lapins-et-pigeons?page=4","Lapin mâle engoura","https://sn.coinafrique.com/annonce/poules-lapins-et-pigeons/lapin-male-engoura-3911550","Mâle engoura adulte  dispo à 20 000","20 000 CFA","Hann Bel-Air, Dakar, Sénégal",""
"1739233354-495","https://sn.coinafrique.com/categorie/poules-lapins-et-pigeons?page=4","Pigeons","https://sn.coinafrique.com/annonce/poules-lapins-et-pigeons/pigeons-3916214","","Prix sur demande","Dakar, Sénégal","https://images.coinafrique.com/thumb_4920745_uploaded_image1_1725167512.jpg"
"1739233357-496","https://sn.coinafrique.com/categorie/poules-lapins-et-pigeons?page=4","Lapin male Fauve","https://sn.coinafrique.com/annonce/poules-lapins-et-pigeons/lapin-male-fauve-3934536","Fauve de bourgaugne pur sang","65 000 CFA","Mbour, Sénégal","https://images.coinafrique.com/thumb_3934536_uploaded_image1_1666646311.jpg"
"1739233359-497","https://sn.coinafrique.com/categorie/poules-lapins-et-pigeons?page=4","Lapin","https://sn.coinafrique.com/annonce/poules-lapins-et-pigeons/lapin-3937288","Couple lapin adulte av","25 000 CFA","Hann Bel-Air, Dakar, Sénégal","https://images.coinafrique.com/thumb_3937288_uploaded_image1_1666813728.jpg"
"1739233362-498","https://sn.coinafrique.com/categorie/poules-lapins-et-pigeons?page=4","Paire Brahma","https://sn.coinafrique.com/annonce/poules-lapins-et-pigeons/paire-brahma-3941235","","80 000 CFA","Dakar, Sénégal","https://images.coinafrique.com/thumb_3941235_uploaded_image1_1667077382.jpg"
"1739233365-499","https://sn.coinafrique.com/categorie/poules-lapins-et-pigeons?page=4","Coq choie & bramane","https://sn.coinafrique.com/annonce/poules-lapins-et-pigeons/coq-choie-et-bramane-3956033","","50 000 CFA","Tambacounda, Sénégal","https://images.coinafrique.com/thumb_3956033_uploaded_image1_1667909977.jpg"
"1739233368-500","https://sn.coinafrique.com/categorie/poules-lapins-et-pigeons?page=4","Poussins","https://sn.coinafrique.com/annonce/poules-lapins-et-pigeons/poussins-3956250","","30 000 CFA","Touba, Sénégal","https://images.coinafrique.com/thumb_3956250_uploaded_image1_1667916487.jpg"
"1739233370-501","https://sn.coinafrique.com/categorie/poules-lapins-et-pigeons?page=4","Pigeons Pan Indien","https://sn.coinafrique.com/annonce/poules-lapins-et-pigeons/pigeons-pan-indien-3958692","Pan indien","30 000 CFA","Mbao, Dakar, Sénégal","https://images.coinafrique.com/thumb_3958692_uploaded_image1_1668044083.jpg"
"1739233373-502","https://sn.coinafrique.com/categorie/poules-lapins-et-pigeons?page=4","Poussin dinde chair","https://sn.coinafrique.com/annonce/poules-lapins-et-pigeons/poussin-dinde-chair-3981127","Poussin dinde chair disponible régulièrement","3 000 CFA","Dakar, Sénégal","https://images.coinafrique.com/thumb_3981127_uploaded_image1_1669459933.jpg"
"1739233376-503","https://sn.coinafrique.com/categorie/poules-lapins-et-pigeons?page=4","Poussin bleu holande","https://sn.coinafrique.com/annonce/poules-lapins-et-pigeons/poussin-bleu-holande-3981130","Poussin bleu holande disponible régulièrement par carton ou demi carton","30 000 CFA","Dakar, Sénégal","https://images.coinafrique.com/thumb_3981130_uploaded_image1_1669460038.jpg"
"1739233379-504","https://sn.coinafrique.com/categorie/poules-lapins-et-pigeons?page=4","Mâle Brahma","https://sn.coinafrique.com/annonce/poules-lapins-et-pigeons/male-brahma-3983729","À vendre","20 000 CFA","Parcelle Assainies, Dakar, Sénégal","https://images.coinafrique.com/thumb_3259880_uploaded_image1_1628000666.jpg"
"1739233382-505","https://sn.coinafrique.com/categorie/poules-lapins-et-pigeons?page=4","Pigeon Mondain","https://sn.coinafrique.com/annonce/poules-lapins-et-pigeons/pigeon-mondain-3986519","Je vend c couple de pigeons","85 000 CFA","Mbour, Sénégal","https://images.coinafrique.com/thumb_3986519_uploaded_image1_1669815997.jpg"
"1739233385-506","https://sn.coinafrique.com/categorie/poules-lapins-et-pigeons?page=4","Pigeons","https://sn.coinafrique.com/annonce/poules-lapins-et-pigeons/pigeons-3989311","Des pigeons allemands très haute sur pattes","80 000 CFA","Cambérène, Dakar, Sénégal","https://images.coinafrique.com/thumb_4664901_uploaded_image1_1711663618.jpg"
"1739233388-507","https://sn.coinafrique.com/categorie/poules-lapins-et-pigeons?page=4","Coq mal cochain","https://sn.coinafrique.com/annonce/poules-lapins-et-pigeons/coq-mal-cochain-3990507","Cochain blanc mal adultes","65 000 CFA","Mbour, Sénégal","https://images.coinafrique.com/thumb_3990507_uploaded_image1_1669994795.jpg"
"1739233391-508","https://sn.coinafrique.com/categorie/poules-lapins-et-pigeons?page=4","Pigeon français","https://sn.coinafrique.com/annonce/poules-lapins-et-pigeons/pigeon-francais-3999035","Pigeon français a vendre à un prix abordable","25 000 CFA","Sicap Liberté, Dakar, Sénégal","https://images.coinafrique.com/thumb_3999035_uploaded_image1_1670454354.jpg"
"1739233393-509","https://sn.coinafrique.com/categorie/poules-lapins-et-pigeons?page=4","Couple Brahma","https://sn.coinafrique.com/annonce/poules-lapins-et-pigeons/couple-brahma-4005445","Bonjour a tous je vend mon couple brahma columbia et blanc laisser moi un message sur whatsapp","Prix sur demande","Yoff, Dakar, Sénégal","https://images.coinafrique.com/thumb_4005445_uploaded_image1_1670854767.jpg"
"1739233396-510","https://sn.coinafrique.com/categorie/poules-lapins-et-pigeons?page=4","Pigeons","https://sn.coinafrique.com/annonce/poules-lapins-et-pigeons/pigeons-4009110","Pigeons voyageurs papiété blanc   blanc sec   bleu écailles bague 2021 2022","12 000 CFA","Mbour, Sénégal","https://images.coinafrique.com/thumb_4471585_uploaded_image1_1700864393.jpg"
"1739233399-511","https://sn.coinafrique.com/categorie/poules-lapins-et-pigeons?page=4","Poules","https://sn.coinafrique.com/annonce/poules-lapins-et-pigeons/poules-4012177","Poules","35 000 CFA","Touba, Sénégal","https://images.coinafrique.com/thumb_4170233_uploaded_image2_1681079258.jpeg"
"1739233401-512","https://sn.coinafrique.com/categorie/poules-lapins-et-pigeons?page=4","Lapins","https://sn.coinafrique.com/annonce/poules-lapins-et-pigeons/lapins-4012180","","30 000 CFA","Touba, Sénégal","https://images.coinafrique.com/thumb_4012180_uploaded_image1_1671225603.jpg"
"1739233404-513","https://sn.coinafrique.com/categorie/poules-lapins-et-pigeons?page=4","Pigeon","https://sn.coinafrique.com/annonce/poules-lapins-et-pigeons/pigeon-4013190","Je suis dans le besoin en ce moment c'est pourquoi
j'ai des pigeons a vendre plusieurs race king , romain,pan,boulon etc..","50 000 CFA","Kaolack, Sénégal","https://images.coinafrique.com/thumb_4013190_uploaded_image1_1671298740.jpg"
"1739233407-514","https://sn.coinafrique.com/categorie/poules-lapins-et-pigeons?page=4","Pigeons","https://sn.coinafrique.com/annonce/poules-lapins-et-pigeons/pigeons-4019426","Des pigeons de couleur opale jeunes et adultes disponible","15 000 CFA","Dakar, Sénégal","https://images.coinafrique.com/thumb_4920745_uploaded_image1_1725167512.jpg"
"1739233409-515","https://sn.coinafrique.com/categorie/poules-lapins-et-pigeons?page=4","Couple pigeons","https://sn.coinafrique.com/annonce/poules-lapins-et-pigeons/couple-pigeons-4019501","Couple noir en cour de reproduction","14 000 CFA","Mariste, Dakar, Sénégal","https://images.coinafrique.com/thumb_4946879_uploaded_image1_1726499763.jpg"
"1739233412-516","https://sn.coinafrique.com/categorie/poules-lapins-et-pigeons?page=4","Couple mondain","https://sn.coinafrique.com/annonce/poules-lapins-et-pigeons/couple-mondain-4021333","Couple mondain producteur","90 000 CFA","Thies, Sénégal","https://images.coinafrique.com/thumb_4021333_uploaded_image1_1671837659.jpg"
"1739233415-517","https://sn.coinafrique.com/categorie/poules-lapins-et-pigeons?page=4","Couple texan","https://sn.coinafrique.com/annonce/poules-lapins-et-pigeons/couple-texan-4021335","Couple texan","40 000 CFA","Thies, Sénégal","https://images.coinafrique.com/thumb_4021335_uploaded_image1_1671837753.jpg"
"1739233424-518","https://sn.coinafrique.com/categorie/poules-lapins-et-pigeons?page=3","Poulets de chair","https://sn.coinafrique.com/annonce/poules-lapins-et-pigeons/poulets-de-chair-4021629","","3 000 CFA","Dakar, Sénégal","https://images.coinafrique.com/thumb_4509252_uploaded_image1_1703175319.jpg"
"1739233427-519","https://sn.coinafrique.com/categorie/poules-lapins-et-pigeons?page=3","Poulet de chair","https://sn.coinafrique.com/annonce/poules-lapins-et-pigeons/poulet-de-chair-4028864","Vente de poulet de chair prix varie entre 3500 et 4000 fcfa","3 500 CFA","Rufisque, Sénégal","https://images.coinafrique.com/thumb_4612683_uploaded_image1_1708957200.jpg"
"1739233429-520","https://sn.coinafrique.com/categorie/poules-lapins-et-pigeons?page=3","Coq cochin","https://sn.coinafrique.com/annonce/poules-lapins-et-pigeons/coq-cochin-4030993","2 mal cochin blanc  ventre","50 000 CFA","Dakar, Sénégal","https://images.coinafrique.com/thumb_4030997_uploaded_image1_1672682387.jpg"
"1739233432-521","https://sn.coinafrique.com/categorie/poules-lapins-et-pigeons?page=3","Coq Cochin","https://sn.coinafrique.com/annonce/poules-lapins-et-pigeons/coq-cochin-4030997","","50 000 CFA","Dakar, Sénégal","https://images.coinafrique.com/thumb_4030997_uploaded_image1_1672682387.jpg"
"1739233435-522","https://sn.coinafrique.com/categorie/poules-lapins-et-pigeons?page=3","Perruche ondulée","https://sn.coinafrique.com/annonce/poules-lapins-et-pigeons/perruche-ondulee-4033032","Notre perruche ondulée est un oiseau domestique magnifique, avec un plumage coloré et des ailes ondulées caractéristiques. 
la perruche ondulée est également très intelligente et peut apprendre à imiter certaines phrases et sons. elle a besoin d'un minimum espace pour voler et s'exprimer, et a également besoin d'une alimentation saine et équilibrée pour rester en bonne santé. si vous cherchez un animal de compagnie unique et affectueux, notre perruche ondulée est le choix idéal. n'hésitez pas à nous contacter pour plus d'informations ou pour passer une commande.","20 000 CFA","Dakar, Sénégal","https://images.coinafrique.com/thumb_4033032_uploaded_image1_1672783609.jpg"
"1739233437-523","https://sn.coinafrique.com/categorie/poules-lapins-et-pigeons?page=3","Perruches anglaise - couple","https://sn.coinafrique.com/annonce/poules-lapins-et-pigeons/perruches-anglaise-couple-4033120","Notre perruche anglaise est un oiseau domestique magnifique et affectueux, avec un plumage coloré et des ailes puissantes. elle est très sociable et peut apprendre à imiter certaines phrases et sons. elle a besoin d'un grand espace pour voler et s'exprimer, et a également besoin d'une alimentation saine et équilibrée pour rester en bonne santé. si vous cherchez un animal de compagnie unique, notre perruche anglaise est le choix idéal. n'hésitez pas à nous contacter pour plus d'informations ou pour passer une commande.","50 000 CFA","Dieuppeul-Derklé, Dakar, Sénégal","https://images.coinafrique.com/thumb_4033120_uploaded_image1_1672788351.jpg"
"1739233440-524","https://sn.coinafrique.com/categorie/poules-lapins-et-pigeons?page=3","Couple voyageur blanc","https://sn.coinafrique.com/annonce/poules-lapins-et-pigeons/couple-voyageur-blanc-4034942","Cest un tres bon couple","15 000 CFA","Cambérène, Dakar, Sénégal","https://images.coinafrique.com/thumb_4034942_uploaded_image1_1672874900.jpg"
"1739233442-525","https://sn.coinafrique.com/categorie/poules-lapins-et-pigeons?page=3","Couple pigeons voyageurs","https://sn.coinafrique.com/annonce/poules-lapins-et-pigeons/couple-pigeons-voyageurs-4034954","Un très bon couple meunier","12 000 CFA","Cambérène, Dakar, Sénégal","https://images.coinafrique.com/thumb_4034954_uploaded_image1_1672875776.jpg"
"1739233445-526","https://sn.coinafrique.com/categorie/poules-lapins-et-pigeons?page=3","Couple angoura","https://sn.coinafrique.com/annonce/poules-lapins-et-pigeons/couple-angoura-4036533","Tres bon couple","30 000 CFA","Cambérène, Dakar, Sénégal","https://images.coinafrique.com/thumb_4036533_uploaded_image1_1672950565.jpg"
"1739233448-527","https://sn.coinafrique.com/categorie/poules-lapins-et-pigeons?page=3","Poussins de chair","https://sn.coinafrique.com/annonce/poules-lapins-et-pigeons/poussins-de-chair-4041126","Poussin d'un jour qui sera disponible le 6 mars pour la korité.
faites vos commandes yekh niak nak","35 000 CFA","Dakar, Sénégal","https://images.coinafrique.com/thumb_4323837_uploaded_image1_1691274033.jpg"
"1739233451-528","https://sn.coinafrique.com/categorie/poules-lapins-et-pigeons?page=3","Poulets de chairs","https://sn.coinafrique.com/annonce/poules-lapins-et-pigeons/poulets-de-chairs-4044027","Poulets de chairs de 2kg 2kg500 3kg 3kg500 4kg disponibles partout au sénégal","4 000 CFA","Ziguinchor, Sénégal","https://images.coinafrique.com/thumb_4044027_uploaded_image1_1673388793.jpg"
"1739233454-529","https://sn.coinafrique.com/categorie/poules-lapins-et-pigeons?page=3","Poulet Braman cochin","https://sn.coinafrique.com/annonce/poules-lapins-et-pigeons/poulet-braman-cochin-4050193","Bonjour je vend un couple cochin tout blanc très jolie avec le male très robuste et une femelle qui ponde ses premiers œufs  en ce moment , une occasion à saisir","950 000 CFA","Parcelle Assainies, Dakar, Sénégal","https://images.coinafrique.com/thumb_4050193_uploaded_image1_1673725687.jpg"
"1739233456-530","https://sn.coinafrique.com/categorie/poules-lapins-et-pigeons?page=3","Couple   Braman Cochin","https://sn.coinafrique.com/annonce/poules-lapins-et-pigeons/couple-braman-cochin-4050206","Bonjour je vend un couple cochin tout blanc très jolie avec le male très robuste et une femelle qui ponde ses premiers œufs  en ce moment , une occasion à saisir","95 000 CFA","Parcelle Assainies, Dakar, Sénégal","https://images.coinafrique.com/thumb_4050206_uploaded_image1_1673726092.jpg"
"1739233460-531","https://sn.coinafrique.com/categorie/poules-lapins-et-pigeons?page=3","Coq Chochin","https://sn.coinafrique.com/annonce/poules-lapins-et-pigeons/coq-chochin-4050293","Bonjour je vend un couple cochin tout tres jolie , un male robuste plus une femelle qui ponde , je vend aussi un male metisse noir et blanc et aussi des dindes de chair poussin.","95 000 CFA","Parcelle Assainies, Dakar, Sénégal","https://images.coinafrique.com/thumb_4050293_uploaded_image1_1673730559.jpg"
"1739233463-532","https://sn.coinafrique.com/categorie/poules-lapins-et-pigeons?page=3","Lapereaux","https://sn.coinafrique.com/annonce/poules-lapins-et-pigeons/lapereaux-4052032","Des laperaux metisage  dispo a dakar","20 000 CFA","Mariste, Dakar, Sénégal","https://images.coinafrique.com/thumb_4244917_uploaded_image1_1686063555.jpg"
"1739233466-533","https://sn.coinafrique.com/categorie/poules-lapins-et-pigeons?page=3","Lapereau Angora","https://sn.coinafrique.com/annonce/poules-lapins-et-pigeons/lapereau-angora-4054751","Lapereau angora","10 000 CFA","Niaga, Sénégal","https://images.coinafrique.com/thumb_4054751_uploaded_image1_1674032700.jpg"
"1739233470-534","https://sn.coinafrique.com/categorie/poules-lapins-et-pigeons?page=3","Poules pondeuses","https://sn.coinafrique.com/annonce/poules-lapins-et-pigeons/poules-pondeuses-4055238","Poules pondeuse 8 semaines et 17 semaines dispo sur commandes. nous avons des sujets de qualité traité et suivis par des professionnels.","Prix sur demande","Thies, Sénégal","https://images.coinafrique.com/thumb_4055238_uploaded_image2_1674047643.jpeg"
"1739233472-535","https://sn.coinafrique.com/categorie/poules-lapins-et-pigeons?page=3","Lapin nain tête de lion","https://sn.coinafrique.com/annonce/poules-lapins-et-pigeons/lapin-nain-tete-de-lion-4060697","Lapin femelle tête de lion a vendre","25 000 CFA","Mermoz-Sacré Coeur, Dakar, Sénégal",""
"1739233475-536","https://sn.coinafrique.com/categorie/poules-lapins-et-pigeons?page=3","Lapin Angora","https://sn.coinafrique.com/annonce/poules-lapins-et-pigeons/lapin-angora-4062470","Couple angora de 5mois","25 000 CFA","Niaga, Sénégal","https://images.coinafrique.com/thumb_4088341_uploaded_image1_1675964415.jpg"
"1739233478-537","https://sn.coinafrique.com/categorie/poules-lapins-et-pigeons?page=3","Lapin","https://sn.coinafrique.com/annonce/poules-lapins-et-pigeons/lapin-4069804","","15 000 CFA","Rufisque, Sénégal","https://images.coinafrique.com/thumb_4434579_uploaded_image1_1698581736.jpg"
"1739233480-538","https://sn.coinafrique.com/categorie/poules-lapins-et-pigeons?page=3","Lapin femelle Angora","https://sn.coinafrique.com/annonce/poules-lapins-et-pigeons/lapin-femelle-angora-4088341","Femelle angora","20 000 CFA","Niaga, Sénégal","https://images.coinafrique.com/thumb_4088341_uploaded_image1_1675964415.jpg"
"1739233483-539","https://sn.coinafrique.com/categorie/poules-lapins-et-pigeons?page=3","Lapin papillon","https://sn.coinafrique.com/annonce/poules-lapins-et-pigeons/lapin-papillon-4097932","","30 000 CFA","Dakar, Sénégal","https://images.coinafrique.com/thumb_4097932_uploaded_image1_1676574876.jpg"
"1739233486-540","https://sn.coinafrique.com/categorie/poules-lapins-et-pigeons?page=3","Poussins cou nu","https://sn.coinafrique.com/annonce/poules-lapins-et-pigeons/poussins-cou-nu-4098076","Ventes de poussins cou nu bleue hollandais démarrés à  1 mois 15 jours","2 500 CFA","Mbao, Dakar, Sénégal","https://images.coinafrique.com/thumb_4098076_uploaded_image1_1676582659.jpg"
"1739233488-541","https://sn.coinafrique.com/categorie/poules-lapins-et-pigeons?page=3","Poulet","https://sn.coinafrique.com/annonce/poules-lapins-et-pigeons/poulet-4099352","","5 000 CFA","Dakar, Sénégal","https://images.coinafrique.com/thumb_4767951_uploaded_image1_1716976720.jpg"
"1739233491-542","https://sn.coinafrique.com/categorie/poules-lapins-et-pigeons?page=3","Poulet","https://sn.coinafrique.com/annonce/poules-lapins-et-pigeons/poulet-4099353","","5 000 CFA","Dakar, Sénégal","https://images.coinafrique.com/thumb_4767951_uploaded_image1_1716976720.jpg"
"1739233493-543","https://sn.coinafrique.com/categorie/poules-lapins-et-pigeons?page=3","Coq  Brahman","https://sn.coinafrique.com/annonce/poules-lapins-et-pigeons/coq-brahman-4107161","Coq brahma métisse trés robuste avec un joli mélange de couleur","43 000 CFA","Mbao, Dakar, Sénégal","https://images.coinafrique.com/thumb_4119858_uploaded_image1_1677937311.jpg"
"1739233496-544","https://sn.coinafrique.com/categorie/poules-lapins-et-pigeons?page=3","Pigeons  voyageurs à manteau","https://sn.coinafrique.com/annonce/poules-lapins-et-pigeons/pigeons-voyageurs-a-manteau-4111707","Voyageurs à manteau avec différentes couleurs","50 000 CFA","Cambérène, Dakar, Sénégal","https://images.coinafrique.com/thumb_4664901_uploaded_image1_1711663618.jpg"
"1739233499-545","https://sn.coinafrique.com/categorie/poules-lapins-et-pigeons?page=3","Pigeon  Mondains","https://sn.coinafrique.com/annonce/poules-lapins-et-pigeons/pigeon-mondains-4111710","Mâle 2022 très bonne qualité","100 000 CFA","Cambérène, Dakar, Sénégal","https://images.coinafrique.com/thumb_4664895_uploaded_image1_1711663431.jpg"
"1739233502-546","https://sn.coinafrique.com/categorie/poules-lapins-et-pigeons?page=3","Coq Brahman","https://sn.coinafrique.com/annonce/poules-lapins-et-pigeons/coq-brahman-4119858","Trio brahma blanc herminé noir de 2 mois","70 000 CFA","Mbao, Dakar, Sénégal","https://images.coinafrique.com/thumb_4119858_uploaded_image1_1677937311.jpg"
"1739233505-547","https://sn.coinafrique.com/categorie/poules-lapins-et-pigeons?page=3","Lapereaux","https://sn.coinafrique.com/annonce/poules-lapins-et-pigeons/lapereaux-4123300","Lapereau unité 10mil","10 000 CFA","Niaga, Sénégal","https://images.coinafrique.com/thumb_4433087_uploaded_image1_1698427048.jpg"
"1739233508-548","https://sn.coinafrique.com/categorie/poules-lapins-et-pigeons?page=3","Lapin","https://sn.coinafrique.com/annonce/poules-lapins-et-pigeons/lapin-4125350","Lapin","15 000 CFA","Niaga, Sénégal","https://images.coinafrique.com/thumb_4435893_uploaded_image1_1698681315.jpg"
"1739233511-549","https://sn.coinafrique.com/categorie/poules-lapins-et-pigeons?page=3","Pigeons Diamant Mandarin","https://sn.coinafrique.com/annonce/poules-lapins-et-pigeons/pigeons-diamant-mandarin-4130101","Des couples diamant mandarin huppé","30 000 CFA","Point E, Dakar, Sénégal","https://images.coinafrique.com/thumb_4130101_uploaded_image1_1678546170.jpg"
"1739233514-550","https://sn.coinafrique.com/categorie/poules-lapins-et-pigeons?page=3","Pigeon  Paon Indien","https://sn.coinafrique.com/annonce/poules-lapins-et-pigeons/pigeon-paon-indien-4133025","Je vends mon couple paon en plein production","55 000 CFA","Mariste, Dakar, Sénégal","https://images.coinafrique.com/thumb_4155195_uploaded_image1_1680182497.jpg"
"1739233517-551","https://sn.coinafrique.com/categorie/poules-lapins-et-pigeons?page=3","Pigeons texans","https://sn.coinafrique.com/annonce/poules-lapins-et-pigeons/pigeons-texans-4134077","Texans importés très bonne souche","15 000 CFA","Cambérène, Dakar, Sénégal","https://images.coinafrique.com/thumb_4134077_uploaded_image1_1678808506.jpg"
"1739233520-552","https://sn.coinafrique.com/categorie/poules-lapins-et-pigeons?page=3","Lapereau géant fauve","https://sn.coinafrique.com/annonce/poules-lapins-et-pigeons/lapereau-geant-fauve-4134335","Lapereau géant fauve","25 000 CFA","Niaga, Sénégal","https://images.coinafrique.com/thumb_4134335_uploaded_image1_1678820167.jpg"
"1739233522-553","https://sn.coinafrique.com/categorie/poules-lapins-et-pigeons?page=3","Lapereaux","https://sn.coinafrique.com/annonce/poules-lapins-et-pigeons/lapereaux-4145983","Lapereau","10 000 CFA","Niaga, Sénégal","https://images.coinafrique.com/thumb_4433087_uploaded_image1_1698427048.jpg"
"1739233525-554","https://sn.coinafrique.com/categorie/poules-lapins-et-pigeons?page=3","Poussins Inde","https://sn.coinafrique.com/annonce/poules-lapins-et-pigeons/poussins-inde-4148722","C’est repartie !
bonjour à tous avec la réouverture de la saison,
la ferme khady&mbarka mets à votre disposition des poussins d’inde.
à noter que nous vendons que des poussins qui ont minimum une semaine afin de réduire les risques de mortalités chez nos clients.
livraison possible sur thies , dakar et environs 
merci pour votre confiance ????","4 000 CFA","Thies, Sénégal","https://images.coinafrique.com/thumb_4148722_uploaded_image1_1679757295.jpg"
"1739233528-555","https://sn.coinafrique.com/categorie/poules-lapins-et-pigeons?page=3","Pigeons paons indiens","https://sn.coinafrique.com/annonce/poules-lapins-et-pigeons/pigeons-paons-indiens-4155195","Je vends mon couple paon indien","35 000 CFA","Mariste, Dakar, Sénégal","https://images.coinafrique.com/thumb_4155195_uploaded_image1_1680182497.jpg"
"1739233531-556","https://sn.coinafrique.com/categorie/poules-lapins-et-pigeons?page=3","Lapereaux Fauves","https://sn.coinafrique.com/annonce/poules-lapins-et-pigeons/lapereaux-fauves-4158485","Lapereaux de deux (2) mois disponible a mbour","40 000 CFA","Mbour, Sénégal","https://images.coinafrique.com/thumb_4158485_uploaded_image1_1680380175.jpg"
"1739233533-557","https://sn.coinafrique.com/categorie/poules-lapins-et-pigeons?page=3","Pigeons","https://sn.coinafrique.com/annonce/poules-lapins-et-pigeons/pigeons-4158780","","Prix sur demande","Thies, Sénégal","https://images.coinafrique.com/thumb_4179370_uploaded_image1_1681674871.jpg"
"1739233536-558","https://sn.coinafrique.com/categorie/poules-lapins-et-pigeons?page=3","Couple pigeon","https://sn.coinafrique.com/annonce/poules-lapins-et-pigeons/couple-pigeon-4159080","Je vends mon couple pigeon à un prix fixe","10 000 CFA","Mariste, Dakar, Sénégal","https://images.coinafrique.com/thumb_4946879_uploaded_image1_1726499763.jpg"
"1739233539-559","https://sn.coinafrique.com/categorie/poules-lapins-et-pigeons?page=3","Pigeons frisés milanais","https://sn.coinafrique.com/annonce/poules-lapins-et-pigeons/pigeons-frises-milanais-4165971","","200 000 CFA","Cambérène, Dakar, Sénégal","https://images.coinafrique.com/thumb_4165971_uploaded_image1_1680795516.jpg"
"1739233542-560","https://sn.coinafrique.com/categorie/poules-lapins-et-pigeons?page=3","Pigeons voyageurs  manteau","https://sn.coinafrique.com/annonce/poules-lapins-et-pigeons/pigeons-voyageurs-manteau-4167562","Jaol","15 000 CFA","Thies, Sénégal","https://images.coinafrique.com/thumb_4167562_uploaded_image1_1680885216.jpg"
"1739233545-561","https://sn.coinafrique.com/categorie/poules-lapins-et-pigeons?page=3","Pigeons voyageurs","https://sn.coinafrique.com/annonce/poules-lapins-et-pigeons/pigeons-voyageurs-4167567","Jaol","15 000 CFA","Thies, Sénégal","https://images.coinafrique.com/thumb_4167567_uploaded_image1_1680885294.jpg"
"1739233548-562","https://sn.coinafrique.com/categorie/poules-lapins-et-pigeons?page=3","Pigeons","https://sn.coinafrique.com/annonce/poules-lapins-et-pigeons/pigeons-4167601","","150 000 CFA","Thies, Sénégal","https://images.coinafrique.com/thumb_4179370_uploaded_image1_1681674871.jpg"
"1739233552-563","https://sn.coinafrique.com/categorie/poules-lapins-et-pigeons?page=3","Poule hollandais","https://sn.coinafrique.com/annonce/poules-lapins-et-pigeons/poule-hollandais-4170233","De poulet dornemen","8 000 CFA","Touba, Sénégal","https://images.coinafrique.com/thumb_4170233_uploaded_image2_1681079258.jpeg"
"1739233555-564","https://sn.coinafrique.com/categorie/poules-lapins-et-pigeons?page=3","Poulet de chair","https://sn.coinafrique.com/annonce/poules-lapins-et-pigeons/poulet-de-chair-4172814","Salam,je vend des chairs de très bonnes qualités pour la fête de korité.faites vos commandes incha allah","3 500 CFA","Cambérène, Dakar, Sénégal","https://images.coinafrique.com/thumb_4172814_uploaded_image1_1681236734.jpg"
"1739233558-565","https://sn.coinafrique.com/categorie/poules-lapins-et-pigeons?page=3","Pigeons Lahore","https://sn.coinafrique.com/annonce/poules-lapins-et-pigeons/pigeons-lahore-4177942","Jeune lahore disponible","15 000 CFA","Dakar, Sénégal","https://images.coinafrique.com/thumb_4177942_uploaded_image1_1681563067.jpg"
"1739233561-566","https://sn.coinafrique.com/categorie/poules-lapins-et-pigeons?page=3","Pigeon Boulant de poméranie","https://sn.coinafrique.com/annonce/poules-lapins-et-pigeons/pigeon-boulant-de-pomeranie-4178980","Jeune boulant poméranie rouge. sexe non encore déterminé.","13 000 CFA","Mariste, Dakar, Sénégal","https://images.coinafrique.com/thumb_4178981_uploaded_image1_1681650331.jpg"
"1739233563-567","https://sn.coinafrique.com/categorie/poules-lapins-et-pigeons?page=3","Pigeon Boulant de poméranie","https://sn.coinafrique.com/annonce/poules-lapins-et-pigeons/pigeon-boulant-de-pomeranie-4178981","Femelle","20 000 CFA","Mariste, Dakar, Sénégal","https://images.coinafrique.com/thumb_4178981_uploaded_image1_1681650331.jpg"
"1739233566-568","https://sn.coinafrique.com/categorie/poules-lapins-et-pigeons?page=3","Pigeons gazi","https://sn.coinafrique.com/annonce/poules-lapins-et-pigeons/pigeons-gazi-4179359","Une paire de gazi à vendre","30 000 CFA","Thies, Sénégal","https://images.coinafrique.com/thumb_4179359_uploaded_image1_1681674474.jpg"
"1739233569-569","https://sn.coinafrique.com/categorie/poules-lapins-et-pigeons?page=3","Pigeons King","https://sn.coinafrique.com/annonce/poules-lapins-et-pigeons/pigeons-king-4179363","Couple king adulte disponible","100 000 CFA","Thies, Sénégal","https://images.coinafrique.com/thumb_4179363_uploaded_image1_1681674612.jpg"
"1739233571-570","https://sn.coinafrique.com/categorie/poules-lapins-et-pigeons?page=3","Couple de pigeons","https://sn.coinafrique.com/annonce/poules-lapins-et-pigeons/couple-de-pigeons-4179370","Couple beauté allemand","35 000 CFA","Thies, Sénégal","https://images.coinafrique.com/thumb_4179370_uploaded_image1_1681674871.jpg"
"1739233574-571","https://sn.coinafrique.com/categorie/poules-lapins-et-pigeons?page=3","Poussins","https://sn.coinafrique.com/annonce/poules-lapins-et-pigeons/poussins-4186084","","35 000 CFA","Cambérène, Dakar, Sénégal","https://images.coinafrique.com/thumb_4206875_uploaded_image1_1683511573.jpg"
"1739233577-572","https://sn.coinafrique.com/categorie/poules-lapins-et-pigeons?page=3","Pigeon Padda de java","https://sn.coinafrique.com/annonce/poules-lapins-et-pigeons/pigeon-padda-de-java-4191356","Un mâle padda de java à vendre","20 000 CFA","Point E, Dakar, Sénégal","https://images.coinafrique.com/thumb_4191356_uploaded_image1_1682522033.jpg"
"1739233580-573","https://sn.coinafrique.com/categorie/poules-lapins-et-pigeons?page=3","Pigeon Texan","https://sn.coinafrique.com/annonce/poules-lapins-et-pigeons/pigeon-texan-4193114","Pigeon texan lieux mbour joal fadhioute","70 000 CFA","Mbour, Sénégal","https://images.coinafrique.com/thumb_4193114_uploaded_image1_1682634328.jpg"
"1739233582-574","https://sn.coinafrique.com/categorie/poules-lapins-et-pigeons?page=3","Lapin metisage","https://sn.coinafrique.com/annonce/poules-lapins-et-pigeons/lapin-metisage-4194884","Salam des laperaux mâle av ou échange vos propositions merci","Prix sur demande","Mariste, Dakar, Sénégal","https://images.coinafrique.com/thumb_4194884_uploaded_image1_1682776235.jpg"
"1739233585-575","https://sn.coinafrique.com/categorie/poules-lapins-et-pigeons?page=3","Lapereau","https://sn.coinafrique.com/annonce/poules-lapins-et-pigeons/lapereau-4195833","Des laperaux mâle metisage fauve demi géant","15 000 CFA","Mariste, Dakar, Sénégal","https://images.coinafrique.com/thumb_4244917_uploaded_image1_1686063555.jpg"
"1739233588-576","https://sn.coinafrique.com/categorie/poules-lapins-et-pigeons?page=3","Pigeon","https://sn.coinafrique.com/annonce/poules-lapins-et-pigeons/pigeon-4198961","Pigeon menteau jaune et opale","20 000 CFA","Gueule Tapée, Dakar, Sénégal","https://images.coinafrique.com/thumb_4198961_uploaded_image1_1683046102.jpg"
"1739233590-577","https://sn.coinafrique.com/categorie/poules-lapins-et-pigeons?page=3","Pigeons manteau opale","https://sn.coinafrique.com/annonce/poules-lapins-et-pigeons/pigeons-manteau-opale-4202860","Des manteaux opales à évacuer : jeune couple 6000,
beaucoup de couples disponibles !
yékh niak !","6 000 CFA","Mariste, Dakar, Sénégal","https://images.coinafrique.com/thumb_4202860_uploaded_image1_1683234964.jpg"
"1739233593-578","https://sn.coinafrique.com/categorie/poules-lapins-et-pigeons?page=3","Cailleteaux","https://sn.coinafrique.com/annonce/poules-lapins-et-pigeons/cailleteaux-4205412","La ferme bay sa waar vous propose des cailleteaux d'un jour à 250 francs l'unité.
notre objectif est de proposer les prix les plus bas du marché pour permettre à nos clients d'accéder à la qualité a moindre coût.
passer vite vos commandes.","250 CFA","Thies, Sénégal","https://images.coinafrique.com/thumb_4205412_uploaded_image1_1683385484.jpg"
"1739233597-579","https://sn.coinafrique.com/categorie/poules-lapins-et-pigeons?page=3","Poussins bleue Holland","https://sn.coinafrique.com/annonce/poules-lapins-et-pigeons/poussins-bleue-holland-4206875","Des poussins bleue hollande disponible le 18 mai inchallah et pmmc vous dit merci.","35 000 CFA","Cambérène, Dakar, Sénégal","https://images.coinafrique.com/thumb_4206875_uploaded_image1_1683511573.jpg"
"1739233600-580","https://sn.coinafrique.com/categorie/poules-lapins-et-pigeons?page=3","Lapin géant","https://sn.coinafrique.com/annonce/poules-lapins-et-pigeons/lapin-geant-4207913","Mâle démi géant des flandres","50 000 CFA","Niaga, Sénégal","https://images.coinafrique.com/thumb_4435893_uploaded_image1_1698681315.jpg"
"1739233602-581","https://sn.coinafrique.com/categorie/poules-lapins-et-pigeons?page=3","Couple lapins","https://sn.coinafrique.com/annonce/poules-lapins-et-pigeons/couple-lapins-4208070","Couple métisse angoura","Prix sur demande","Mbao, Dakar, Sénégal","https://images.coinafrique.com/thumb_4408360_uploaded_image1_1696785290.jpg"
"1739233605-582","https://sn.coinafrique.com/categorie/poules-lapins-et-pigeons?page=3","Poulets brahman herminés","https://sn.coinafrique.com/annonce/poules-lapins-et-pigeons/poulets-brahman-hermines-4212808","Trio herminé 3 mois disponible

trio brahman herminé disponible a keur ndiaye lo rufisque","135 000 CFA","Dakar, Sénégal","https://images.coinafrique.com/thumb_4212808_uploaded_image1_1683879589.jpg"
"1739233608-583","https://sn.coinafrique.com/categorie/poules-lapins-et-pigeons?page=3","Coq cochin","https://sn.coinafrique.com/annonce/poules-lapins-et-pigeons/coq-cochin-4218824","Un jeune mal cochin coucou gros gabarit a vendre a un prix trés abordable en plus il a commencé à cocher les femelles","45 000 CFA","Yoff, Dakar, Sénégal","https://images.coinafrique.com/thumb_4218824_uploaded_image1_1684270289.jpg"
"1739233611-584","https://sn.coinafrique.com/categorie/poules-lapins-et-pigeons?page=3","Poussins de chair - bleu hollandais","https://sn.coinafrique.com/annonce/poules-lapins-et-pigeons/poussins-de-chair-bleu-hollandais-4221943","Vente de poussins de chaires et bleu hollandai
poussin d'un jour","Prix sur demande","Dakar, Sénégal","https://images.coinafrique.com/thumb_4221943_uploaded_image2_1684477934.jpeg"
"1739233613-585","https://sn.coinafrique.com/categorie/poules-lapins-et-pigeons?page=3","Pigeon voyageur","https://sn.coinafrique.com/annonce/poules-lapins-et-pigeons/pigeon-voyageur-4222721","Une paire de pigeon disponible","7 000 CFA","Ouakam, Dakar, Sénégal","https://images.coinafrique.com/thumb_4222723_uploaded_image1_1684515810.jpg"
"1739233616-586","https://sn.coinafrique.com/categorie/poules-lapins-et-pigeons?page=3","Pigeon voyageur","https://sn.coinafrique.com/annonce/poules-lapins-et-pigeons/pigeon-voyageur-4222723","Pigeon voyageur disponible","7 000 CFA","Ouakam, Dakar, Sénégal","https://images.coinafrique.com/thumb_4222723_uploaded_image1_1684515810.jpg"
"1739233619-587","https://sn.coinafrique.com/categorie/poules-lapins-et-pigeons?page=3","Pigeon Tambour Allemand","https://sn.coinafrique.com/annonce/poules-lapins-et-pigeons/pigeon-tambour-allemand-4223933","Tambour allemand","50 000 CFA","Dakar, Sénégal","https://images.coinafrique.com/thumb_4223933_uploaded_image1_1684609709.jpg"
"1739233621-588","https://sn.coinafrique.com/categorie/poules-lapins-et-pigeons?page=3","Pigeon mondain brun","https://sn.coinafrique.com/annonce/poules-lapins-et-pigeons/pigeon-mondain-brun-4230459","Femelle 2023","500 000 CFA","Dakar, Sénégal","https://images.coinafrique.com/thumb_4230459_uploaded_image1_1685044108.jpg"
"1739233624-589","https://sn.coinafrique.com/categorie/poules-lapins-et-pigeons?page=3","Lapin Gris de Touraine","https://sn.coinafrique.com/annonce/poules-lapins-et-pigeons/lapin-gris-de-touraine-4230722","","35 000 CFA","Dakar, Sénégal","https://images.coinafrique.com/thumb_4230722_uploaded_image1_1685059185.jpg"
"1739233627-590","https://sn.coinafrique.com/categorie/poules-lapins-et-pigeons?page=3","Lapine","https://sn.coinafrique.com/annonce/poules-lapins-et-pigeons/lapine-4235319","Femelles","Prix sur demande","Niaga, Sénégal","https://images.coinafrique.com/thumb_4435893_uploaded_image1_1698681315.jpg"
"1739233630-591","https://sn.coinafrique.com/categorie/poules-lapins-et-pigeons?page=3","Pigeons Mondains","https://sn.coinafrique.com/annonce/poules-lapins-et-pigeons/pigeons-mondains-4240446","","50 000 CFA","Dakar, Sénégal","https://images.coinafrique.com/thumb_4240446_uploaded_image1_1685727771.jpg"
"1739233632-592","https://sn.coinafrique.com/categorie/poules-lapins-et-pigeons?page=3","Poussins Brahmans","https://sn.coinafrique.com/annonce/poules-lapins-et-pigeons/poussins-brahmans-4243414","Poussins brahman disponible à keur massar couvés naturellement. paires 15000fcfa. mâle et femelle sur la photo","30 000 CFA","Keur Massar, Sénégal","https://images.coinafrique.com/thumb_4401630_uploaded_image1_1696382057.jpg"
"1739233635-593","https://sn.coinafrique.com/categorie/poules-lapins-et-pigeons?page=3","Lapereaux","https://sn.coinafrique.com/annonce/poules-lapins-et-pigeons/lapereaux-4244917","Salam j mes en vente c femmel fauve de bourgogne de race pure sang père importé de 2 mois es demi","45 000 CFA","Mariste, Dakar, Sénégal","https://images.coinafrique.com/thumb_4244917_uploaded_image1_1686063555.jpg"
"1739233638-594","https://sn.coinafrique.com/categorie/poules-lapins-et-pigeons?page=3","Lapin californien","https://sn.coinafrique.com/annonce/poules-lapins-et-pigeons/lapin-californien-4248635","Mâles de 3 mois californien","Prix sur demande","Saly, Sénégal","https://images.coinafrique.com/thumb_4248635_uploaded_image1_1686257041.jpg"
"1739233641-595","https://sn.coinafrique.com/categorie/poules-lapins-et-pigeons?page=3","Lapines","https://sn.coinafrique.com/annonce/poules-lapins-et-pigeons/lapines-4249408","Femelles","Prix sur demande","Niaga, Sénégal","https://images.coinafrique.com/thumb_4435893_uploaded_image1_1698681315.jpg"
"1739233644-596","https://sn.coinafrique.com/categorie/poules-lapins-et-pigeons?page=3","Poussins cochin","https://sn.coinafrique.com/annonce/poules-lapins-et-pigeons/poussins-cochin-4255246","De jolis poussins cochins issus de ce couple sont disponibles","7 500 CFA","Pikine, Sénégal","https://images.coinafrique.com/thumb_4255246_uploaded_image1_1686680990.jpg"
"1739233647-597","https://sn.coinafrique.com/categorie/poules-lapins-et-pigeons?page=3","Poule Bleu Hollandais","https://sn.coinafrique.com/annonce/poules-lapins-et-pigeons/poule-bleu-hollandais-4224766","Des bleu hollandais","7 000 CFA","Mbao, Dakar, Sénégal","https://images.coinafrique.com/thumb_4224766_uploaded_image3_1684691526.jpeg"
"1739233650-598","https://sn.coinafrique.com/categorie/poules-lapins-et-pigeons?page=3","Lapin","https://sn.coinafrique.com/annonce/poules-lapins-et-pigeons/lapin-4268327","Femelle","30 000 CFA","Niaga, Sénégal","https://images.coinafrique.com/thumb_4435893_uploaded_image1_1698681315.jpg"
"1739233653-599","https://sn.coinafrique.com/categorie/poules-lapins-et-pigeons?page=3","Lapereaux","https://sn.coinafrique.com/annonce/poules-lapins-et-pigeons/lapereaux-4268955","Lapereau","10 000 CFA","Niaga, Sénégal","https://images.coinafrique.com/thumb_4433087_uploaded_image1_1698427048.jpg"
"1739233656-600","https://sn.coinafrique.com/categorie/poules-lapins-et-pigeons?page=3","Pigeon Boulan","https://sn.coinafrique.com/annonce/poules-lapins-et-pigeons/pigeon-boulan-4277890","Pigeon boulan pure sang produit très vite et à un prix abordable et à qui on peut venir le regarder","45 000 CFA","Louga, Sénégal","https://images.coinafrique.com/thumb_4277905_uploaded_image1_1688318584.jpg"
"1739233658-601","https://sn.coinafrique.com/categorie/poules-lapins-et-pigeons?page=3","Pigeon Boulan","https://sn.coinafrique.com/annonce/poules-lapins-et-pigeons/pigeon-boulan-4277905","Métisse entre un mondain pure sang et un boulan pure sang en qualité et en quantité","15 000 CFA","Louga, Sénégal","https://images.coinafrique.com/thumb_4277905_uploaded_image1_1688318584.jpg"
"1739233666-602","https://sn.coinafrique.com/categorie/poules-lapins-et-pigeons?page=2","Poulets de chair","https://sn.coinafrique.com/annonce/poules-lapins-et-pigeons/poulets-de-chair-4283570","Je vends des poulets de chaire livraison gratuite","4 000 CFA","Keur Massar, Sénégal","https://images.coinafrique.com/thumb_4283570_uploaded_image1_1688648209.jpg"
"1739233669-603","https://sn.coinafrique.com/categorie/poules-lapins-et-pigeons?page=2","Pigeons","https://sn.coinafrique.com/annonce/poules-lapins-et-pigeons/pigeons-4283652","","20 000 CFA","Dakar, Sénégal","https://images.coinafrique.com/thumb_4920745_uploaded_image1_1725167512.jpg"
"1739233672-604","https://sn.coinafrique.com/categorie/poules-lapins-et-pigeons?page=2","Pigeon Messager","https://sn.coinafrique.com/annonce/poules-lapins-et-pigeons/pigeon-messager-4286623","Couple pigeon blanchette messager","25 000 CFA","Rufisque, Sénégal","https://images.coinafrique.com/thumb_4286623_uploaded_image1_1688830929.jpg"
"1739233678-605","https://sn.coinafrique.com/categorie/poules-lapins-et-pigeons?page=2","Lapins","https://sn.coinafrique.com/annonce/poules-lapins-et-pigeons/lapins-4287411","","Prix sur demande","Dakar, Sénégal","https://images.coinafrique.com/thumb_4509856_uploaded_image1_1703213564.jpg"
"1739233682-606","https://sn.coinafrique.com/categorie/poules-lapins-et-pigeons?page=2","Pigeons","https://sn.coinafrique.com/annonce/poules-lapins-et-pigeons/pigeons-4287413","","Prix sur demande","Dakar, Sénégal","https://images.coinafrique.com/thumb_4920745_uploaded_image1_1725167512.jpg"
"1739233684-607","https://sn.coinafrique.com/categorie/poules-lapins-et-pigeons?page=2","Poulets  bleu Holland","https://sn.coinafrique.com/annonce/poules-lapins-et-pigeons/poulets-bleu-holland-4287658","Bleu holland pondeuse","6 000 CFA","Rufisque, Sénégal","https://images.coinafrique.com/thumb_4287658_uploaded_image1_1688923156.jpg"
"1739233687-608","https://sn.coinafrique.com/categorie/poules-lapins-et-pigeons?page=2","Lapin nain Loutre","https://sn.coinafrique.com/annonce/poules-lapins-et-pigeons/lapin-nain-loutre-4289564","Je vends ma lapine d’un an de race pure. bonne reproductrice 
a venir récupérer de préférence","30 000 CFA","Ouakam, Dakar, Sénégal","https://images.coinafrique.com/thumb_4289564_uploaded_image1_1689066044.jpg"
"1739233689-609","https://sn.coinafrique.com/categorie/poules-lapins-et-pigeons?page=2","Coq hermine","https://sn.coinafrique.com/annonce/poules-lapins-et-pigeons/coq-hermine-4290479","Mâle hermine pur sang 
7 mois 
à vendre","60 000 CFA","Rufisque, Sénégal","https://images.coinafrique.com/thumb_4290479_uploaded_image1_1689101063.jpg"
"1739233692-610","https://sn.coinafrique.com/categorie/poules-lapins-et-pigeons?page=2","Poussins Brahmanes","https://sn.coinafrique.com/annonce/poules-lapins-et-pigeons/poussins-brahmanes-4290482","Brahmane caillouté
- brahmane porcelaine 
- cochain caillouté 
- cochin porcelain 
- disponible à vendre","30 000 CFA","Rufisque, Sénégal","https://images.coinafrique.com/thumb_4290482_uploaded_image1_1689101216.jpg"
"1739233695-611","https://sn.coinafrique.com/categorie/poules-lapins-et-pigeons?page=2","Lapin","https://sn.coinafrique.com/annonce/poules-lapins-et-pigeons/lapin-4296184","Une femmelle productrice de race : géant des
flandres
et ses 2 enfants mal dont leurs mère 100% géant et leur pere métisse angora géant
et une cage étagère si vous êtes prêt venez le 
prendre à domicile
pour plus d’info vir pv whatsapp","80 000 CFA","Dakar, Sénégal","https://images.coinafrique.com/thumb_4509856_uploaded_image1_1703213564.jpg"
"1739233697-612","https://sn.coinafrique.com/categorie/poules-lapins-et-pigeons?page=2","Lapin","https://sn.coinafrique.com/annonce/poules-lapins-et-pigeons/lapin-4298076","femelle de 5mois nain tête de lion à récupérer","15 000 CFA","Ouakam, Dakar, Sénégal","https://images.coinafrique.com/thumb_4298076_uploaded_image1_1689619080.jpg"
"1739233700-613","https://sn.coinafrique.com/categorie/poules-lapins-et-pigeons?page=2","Lapin","https://sn.coinafrique.com/annonce/poules-lapins-et-pigeons/lapin-4302356","Femelle","Prix sur demande","Niaga, Sénégal","https://images.coinafrique.com/thumb_4435893_uploaded_image1_1698681315.jpg"
"1739233702-614","https://sn.coinafrique.com/categorie/poules-lapins-et-pigeons?page=2","Poules","https://sn.coinafrique.com/annonce/poules-lapins-et-pigeons/poules-4302571","A vendre trio cochin caillouté prix inbox","Prix sur demande","Thies, Sénégal","https://images.coinafrique.com/thumb_4302571_uploaded_image1_1689893299.jpg"
"1739233705-615","https://sn.coinafrique.com/categorie/poules-lapins-et-pigeons?page=2","Lapin","https://sn.coinafrique.com/annonce/poules-lapins-et-pigeons/lapin-4312499","Couple","40 000 CFA","Niaga, Sénégal","https://images.coinafrique.com/thumb_4435893_uploaded_image1_1698681315.jpg"
"1739233708-616","https://sn.coinafrique.com/categorie/poules-lapins-et-pigeons?page=2","Poussins de chair","https://sn.coinafrique.com/annonce/poules-lapins-et-pigeons/poussins-de-chair-4323837","Vente de 10.000 poussins disponibles le 11 août","Prix sur demande","Dakar, Sénégal","https://images.coinafrique.com/thumb_4323837_uploaded_image1_1691274033.jpg"
"1739233710-617","https://sn.coinafrique.com/categorie/poules-lapins-et-pigeons?page=2","Lapereaux","https://sn.coinafrique.com/annonce/poules-lapins-et-pigeons/lapereaux-4324644","Lapereau","Prix sur demande","Niaga, Sénégal","https://images.coinafrique.com/thumb_4433087_uploaded_image1_1698427048.jpg"
"1739233713-618","https://sn.coinafrique.com/categorie/poules-lapins-et-pigeons?page=2","Lapereaux","https://sn.coinafrique.com/annonce/poules-lapins-et-pigeons/lapereaux-4333705","Lapereau","10 000 CFA","Niaga, Sénégal","https://images.coinafrique.com/thumb_4433087_uploaded_image1_1698427048.jpg"
"1739233715-619","https://sn.coinafrique.com/categorie/poules-lapins-et-pigeons?page=2","Lapins","https://sn.coinafrique.com/annonce/poules-lapins-et-pigeons/lapins-4336471","Lapin","Prix sur demande","Niaga, Sénégal","https://images.coinafrique.com/thumb_4435893_uploaded_image1_1698681315.jpg"
"1739233717-620","https://sn.coinafrique.com/categorie/poules-lapins-et-pigeons?page=2","Lapin","https://sn.coinafrique.com/annonce/poules-lapins-et-pigeons/lapin-4337664","Lapin mâle","Prix sur demande","Niaga, Sénégal","https://images.coinafrique.com/thumb_4435893_uploaded_image1_1698681315.jpg"
"1739233720-621","https://sn.coinafrique.com/categorie/poules-lapins-et-pigeons?page=2","Lapin","https://sn.coinafrique.com/annonce/poules-lapins-et-pigeons/lapin-4337665","Lapin femelle","Prix sur demande","Niaga, Sénégal","https://images.coinafrique.com/thumb_4435893_uploaded_image1_1698681315.jpg"
"1739233723-622","https://sn.coinafrique.com/categorie/poules-lapins-et-pigeons?page=2","Lapin   Papillon","https://sn.coinafrique.com/annonce/poules-lapins-et-pigeons/lapin-papillon-4347215","Petit papillon français lignée importé","90 000 CFA","Rufisque, Sénégal","https://images.coinafrique.com/thumb_4347215_uploaded_image1_1692800912.jpg"
"1739233725-623","https://sn.coinafrique.com/categorie/poules-lapins-et-pigeons?page=2","Lapin","https://sn.coinafrique.com/annonce/poules-lapins-et-pigeons/lapin-4359251","lapin","Prix sur demande","Niaga, Sénégal","https://images.coinafrique.com/thumb_4435893_uploaded_image1_1698681315.jpg"
"1739233728-624","https://sn.coinafrique.com/categorie/poules-lapins-et-pigeons?page=2","Pigeons de race","https://sn.coinafrique.com/annonce/poules-lapins-et-pigeons/pigeons-de-race-4368566","Des pigeons de races de très qualité( importés) disponible.","350 000 CFA","Cambérène, Dakar, Sénégal","https://images.coinafrique.com/thumb_4368566_uploaded_image1_1694179237.jpg"
"1739233730-625","https://sn.coinafrique.com/categorie/poules-lapins-et-pigeons?page=2","Lapin","https://sn.coinafrique.com/annonce/poules-lapins-et-pigeons/lapin-4368816","Femelle","10 000 CFA","Parcelle Assainies, Dakar, Sénégal","https://images.coinafrique.com/thumb_4865409_uploaded_image1_1722221284.jpg"
"1739233733-626","https://sn.coinafrique.com/categorie/poules-lapins-et-pigeons?page=2","Poule Brahman herminé","https://sn.coinafrique.com/annonce/poules-lapins-et-pigeons/poule-brahman-hermine-4369295","Trio brahman colombia pure sang","Prix sur demande","Keur Massar, Sénégal","https://images.coinafrique.com/thumb_4369295_uploaded_image1_1694214443.jpg"
"1739233736-627","https://sn.coinafrique.com/categorie/poules-lapins-et-pigeons?page=2","Pigeons Culbutant français","https://sn.coinafrique.com/annonce/poules-lapins-et-pigeons/pigeons-culbutant-francais-4378163","Couple culbutan francais  reproducteurs","50 000 CFA","Dakar, Sénégal","https://images.coinafrique.com/thumb_4378163_uploaded_image1_1694787558.jpg"
"1739233738-628","https://sn.coinafrique.com/categorie/poules-lapins-et-pigeons?page=2","Lapereau","https://sn.coinafrique.com/annonce/poules-lapins-et-pigeons/lapereau-4381621","","10 000 CFA","Parcelle Assainies, Dakar, Sénégal","https://images.coinafrique.com/thumb_4381621_uploaded_image1_1695057585.jpg"
"1739233741-629","https://sn.coinafrique.com/categorie/poules-lapins-et-pigeons?page=2","Lapins","https://sn.coinafrique.com/annonce/poules-lapins-et-pigeons/lapins-4384422","Femelle","20 000 CFA","Niaga, Sénégal","https://images.coinafrique.com/thumb_4435893_uploaded_image1_1698681315.jpg"
"1739233744-630","https://sn.coinafrique.com/categorie/poules-lapins-et-pigeons?page=2","Poule Brahma","https://sn.coinafrique.com/annonce/poules-lapins-et-pigeons/poule-brahma-4389249","Je vide mes poules de races brahman pour cause de départ","25 000 CFA","Medina, Dakar, Sénégal","https://images.coinafrique.com/thumb_4389249_uploaded_image1_1695564020.jpg"
"1739233746-631","https://sn.coinafrique.com/categorie/poules-lapins-et-pigeons?page=2","Poussins","https://sn.coinafrique.com/annonce/poules-lapins-et-pigeons/poussins-4399877","Caisse de 50 poussins de chairs : 26 500 fr cfa 
ces prix ont été fixés en fonction de notre coût de production unitaire et en tenant compte du prix des concurrents.","26 500 CFA","Pikine, Sénégal","https://images.coinafrique.com/thumb_5080703_uploaded_image1_1733571477.jpg"
"1739233749-632","https://sn.coinafrique.com/categorie/poules-lapins-et-pigeons?page=2","Cochin et Brahma","https://sn.coinafrique.com/annonce/poules-lapins-et-pigeons/cochin-et-brahma-4401630","Poussin brahman et adulte de 5-4moi","Prix sur demande","Keur Massar, Sénégal","https://images.coinafrique.com/thumb_4401630_uploaded_image1_1696382057.jpg"
"1739233752-633","https://sn.coinafrique.com/categorie/poules-lapins-et-pigeons?page=2","Pigeon voyageur","https://sn.coinafrique.com/annonce/poules-lapins-et-pigeons/pigeon-voyageur-4406771","Pigeon voyageur qui sort des couleur d'une beautèe rare","8 000 CFA","Rufisque, Sénégal","https://images.coinafrique.com/thumb_4662603_uploaded_image1_1711547811.jpg"
"1739233754-634","https://sn.coinafrique.com/categorie/poules-lapins-et-pigeons?page=2","Pigeon voyageur","https://sn.coinafrique.com/annonce/poules-lapins-et-pigeons/pigeon-voyageur-4406776","Pigeon voyageur qui sort des couleurs rare:  jaune rouge et.c","8 000 CFA","Rufisque, Sénégal","https://images.coinafrique.com/thumb_4662603_uploaded_image1_1711547811.jpg"
"1739233757-635","https://sn.coinafrique.com/categorie/poules-lapins-et-pigeons?page=2","Lapin","https://sn.coinafrique.com/annonce/poules-lapins-et-pigeons/lapin-4408360","Lapin jeune couple papillon et métisse géant avec livraison incluse","35 000 CFA","Mbao, Dakar, Sénégal","https://images.coinafrique.com/thumb_4408360_uploaded_image1_1696785290.jpg"
"1739233759-636","https://sn.coinafrique.com/categorie/poules-lapins-et-pigeons?page=2","Pigeon","https://sn.coinafrique.com/annonce/poules-lapins-et-pigeons/pigeon-4418898","Pigeon à vendre","2 000 CFA","Grand Yoff, Dakar, Sénégal","https://images.coinafrique.com/thumb_4561395_uploaded_image1_1706128448.jpg"
"1739233762-637","https://sn.coinafrique.com/categorie/poules-lapins-et-pigeons?page=2","Pigeon voyageur","https://sn.coinafrique.com/annonce/poules-lapins-et-pigeons/pigeon-voyageur-4418908","Pigeon voyageur","5 000 CFA","Grand Yoff, Dakar, Sénégal","https://images.coinafrique.com/thumb_4418928_uploaded_image1_1697461664.jpg"
"1739233766-638","https://sn.coinafrique.com/categorie/poules-lapins-et-pigeons?page=2","Pigeons","https://sn.coinafrique.com/annonce/poules-lapins-et-pigeons/pigeons-4418917","Pigeons avec des plumes aux pattes","3 000 CFA","Grand Yoff, Dakar, Sénégal","https://images.coinafrique.com/thumb_4561395_uploaded_image1_1706128448.jpg"
"1739233770-639","https://sn.coinafrique.com/categorie/poules-lapins-et-pigeons?page=2","Pigeons voyageur de compétition","https://sn.coinafrique.com/annonce/poules-lapins-et-pigeons/pigeons-voyageur-de-competition-4418928","Pigeon voyageur de compétition deux couleurs","15 000 CFA","Grand Yoff, Dakar, Sénégal","https://images.coinafrique.com/thumb_4418928_uploaded_image1_1697461664.jpg"
"1739233773-640","https://sn.coinafrique.com/categorie/poules-lapins-et-pigeons?page=2","Cochons d'Inde","https://sn.coinafrique.com/annonce/poules-lapins-et-pigeons/cochons-dinde-4425812","Je vends des mâles cochons d'inde de très belles couleurs a keur massar rond point gouy gui","15 000 CFA","Keur Massar, Sénégal",""
"1739233775-641","https://sn.coinafrique.com/categorie/poules-lapins-et-pigeons?page=2","Lapereau","https://sn.coinafrique.com/annonce/poules-lapins-et-pigeons/lapereau-4425850","Lapereau","10 000 CFA","Niaga, Sénégal","https://images.coinafrique.com/thumb_4433087_uploaded_image1_1698427048.jpg"
"1739233778-642","https://sn.coinafrique.com/categorie/poules-lapins-et-pigeons?page=2","Lapereau","https://sn.coinafrique.com/annonce/poules-lapins-et-pigeons/lapereau-4433087","Lapereau","10 000 CFA","Niaga, Sénégal","https://images.coinafrique.com/thumb_4433087_uploaded_image1_1698427048.jpg"
"1739233780-643","https://sn.coinafrique.com/categorie/poules-lapins-et-pigeons?page=2","Lapins","https://sn.coinafrique.com/annonce/poules-lapins-et-pigeons/lapins-4434579","Je vends ce paire de lapins qui est prés à 
 produire.
je peux aussi l'échangée contre une paire de pigeon texan.
si ces texan sont des nouvelles souche je vous donnerai mes lapins et une paire de pigeon","Prix sur demande","Rufisque, Sénégal","https://images.coinafrique.com/thumb_4434579_uploaded_image1_1698581736.jpg"
"1739233783-644","https://sn.coinafrique.com/categorie/poules-lapins-et-pigeons?page=2","Lapin","https://sn.coinafrique.com/annonce/poules-lapins-et-pigeons/lapin-4435893","Geant des flandres","Prix sur demande","Niaga, Sénégal","https://images.coinafrique.com/thumb_4435893_uploaded_image1_1698681315.jpg"
"1739233786-645","https://sn.coinafrique.com/categorie/poules-lapins-et-pigeons?page=2","Coqs","https://sn.coinafrique.com/annonce/poules-lapins-et-pigeons/coqs-4444985","Vente de poules et coqs de différentes races ""wolof, ermine,..."" prix sur demande.","Prix sur demande","Ouakam, Dakar, Sénégal","https://images.coinafrique.com/thumb_4444985_uploaded_image1_1699208691.jpg"
"1739233788-646","https://sn.coinafrique.com/categorie/poules-lapins-et-pigeons?page=2","Poule Soie","https://sn.coinafrique.com/annonce/poules-lapins-et-pigeons/poule-soie-4453909","Nègre soie à vendre 
couple 75000
unité blanc 50000","75 000 CFA","Dakar, Sénégal","https://images.coinafrique.com/thumb_4453909_uploaded_image1_1699725929.jpg"
"1739233791-647","https://sn.coinafrique.com/categorie/poules-lapins-et-pigeons?page=2","Lapin","https://sn.coinafrique.com/annonce/poules-lapins-et-pigeons/lapin-4453957","Bonjour je vends des lapin géant de flandre le parent pure race père 12kg mère 11kg","Prix sur demande","Keur Massar, Sénégal","https://images.coinafrique.com/thumb_4966470_uploaded_image1_1727557573.jpg"
"1739233794-648","https://sn.coinafrique.com/categorie/poules-lapins-et-pigeons?page=2","Femelle lapin demi sang + cage","https://sn.coinafrique.com/annonce/poules-lapins-et-pigeons/femelle-lapin-demi-sang-cage-4464349","Jeune femelle a vendre et son cage pour plus d’info contactez-moi","40 000 CFA","Guediawaye, Dakar, Sénégal","https://images.coinafrique.com/thumb_4464349_uploaded_image1_1700417993.jpg"
"1739233796-649","https://sn.coinafrique.com/categorie/poules-lapins-et-pigeons?page=2","Pigeon Lahor","https://sn.coinafrique.com/annonce/poules-lapins-et-pigeons/pigeon-lahor-4471579","Pigeons lahor grand gabrie couple qui a commencé à produire dans la saison passe fait mois signe sur watshap plus de photo et de vidéo machaalla mbour joal fadhioute mbour sénégal livraison gratuite et partout au sénégal a mbour joal fadhioute pigeon granadino ibériques comment vas lep diam","40 000 CFA","Mbour, Sénégal","https://images.coinafrique.com/thumb_4471579_uploaded_image1_1700864120.jpg"
"1739233799-650","https://sn.coinafrique.com/categorie/poules-lapins-et-pigeons?page=2","Pigeon King Blanc","https://sn.coinafrique.com/annonce/poules-lapins-et-pigeons/pigeon-king-blanc-4471585","Pigeon king blanc sec pigeon de race importés couple king blanc sec qui a commencé a produire nouveau souche gros gabrie adresse mbour joal fadhioute mbour sénégal livraison gratuite","75 000 CFA","Mbour, Sénégal","https://images.coinafrique.com/thumb_4471585_uploaded_image1_1700864393.jpg"
"1739233802-651","https://sn.coinafrique.com/categorie/poules-lapins-et-pigeons?page=2","Lapin Angora male","https://sn.coinafrique.com/annonce/poules-lapins-et-pigeons/lapin-angora-male-4473399","Lapin angora male de 8 mois.","18 000 CFA","Diamniadio, Sénégal","https://images.coinafrique.com/thumb_4473413_uploaded_image1_1701020741.jpg"
"1739233805-652","https://sn.coinafrique.com/categorie/poules-lapins-et-pigeons?page=2","Lapin Angora male","https://sn.coinafrique.com/annonce/poules-lapins-et-pigeons/lapin-angora-male-4473413","Je vends mon lapin angora male de 8 mois à sebikotane","8 000 CFA","Diamniadio, Sénégal","https://images.coinafrique.com/thumb_4473413_uploaded_image1_1701020741.jpg"
"1739233807-653","https://sn.coinafrique.com/categorie/poules-lapins-et-pigeons?page=2","Couple de pigeons","https://sn.coinafrique.com/annonce/poules-lapins-et-pigeons/couple-de-pigeons-4483308","Cause déménagement,je vends un couple de pigeons en plein rapport.","20 000 CFA","Saly, Sénégal","https://images.coinafrique.com/thumb_4483308_uploaded_image1_1701626351.jpg"
"1739233810-654","https://sn.coinafrique.com/categorie/poules-lapins-et-pigeons?page=2","Lapin","https://sn.coinafrique.com/annonce/poules-lapins-et-pigeons/lapin-4490937","Femelle","Prix sur demande","Yoff, Dakar, Sénégal","https://images.coinafrique.com/thumb_4490937_uploaded_image1_1702037014.jpg"
"1739233812-655","https://sn.coinafrique.com/categorie/poules-lapins-et-pigeons?page=2","Couple lapin français","https://sn.coinafrique.com/annonce/poules-lapins-et-pigeons/couple-lapin-francais-4505989","Adulte","40 000 CFA","Dakar, Sénégal","https://images.coinafrique.com/thumb_4505989_uploaded_image1_1702996795.jpg"
"1739233815-656","https://sn.coinafrique.com/categorie/poules-lapins-et-pigeons?page=2","Couple lapereau","https://sn.coinafrique.com/annonce/poules-lapins-et-pigeons/couple-lapereau-4505997","","40 000 CFA","Dakar, Sénégal","https://images.coinafrique.com/thumb_4505997_uploaded_image1_1702997024.jpg"
"1739233817-657","https://sn.coinafrique.com/categorie/poules-lapins-et-pigeons?page=2","Poulet de chair","https://sn.coinafrique.com/annonce/poules-lapins-et-pigeons/poulet-de-chair-4509252","Gros poulets de 45 jours minimum. quantité et qualité, contactez nous","3 500 CFA","Dakar, Sénégal","https://images.coinafrique.com/thumb_4509252_uploaded_image1_1703175319.jpg"
"1739233820-658","https://sn.coinafrique.com/categorie/poules-lapins-et-pigeons?page=2","Couple lapin","https://sn.coinafrique.com/annonce/poules-lapins-et-pigeons/couple-lapin-4509856","Adulte disponible","Prix sur demande","Dakar, Sénégal","https://images.coinafrique.com/thumb_4509856_uploaded_image1_1703213564.jpg"
"1739233823-659","https://sn.coinafrique.com/categorie/poules-lapins-et-pigeons?page=2","Lapin fauve male","https://sn.coinafrique.com/annonce/poules-lapins-et-pigeons/lapin-fauve-male-4512680","","80 000 CFA","Mariste, Dakar, Sénégal","https://images.coinafrique.com/thumb_4512680_uploaded_image1_1703431761.jpg"
"1739233826-660","https://sn.coinafrique.com/categorie/poules-lapins-et-pigeons?page=2","Lapin","https://sn.coinafrique.com/annonce/poules-lapins-et-pigeons/lapin-4513225","","Prix sur demande","Mariste, Dakar, Sénégal","https://images.coinafrique.com/thumb_4517612_uploaded_image1_1703770805.jpg"
"1739233828-661","https://sn.coinafrique.com/categorie/poules-lapins-et-pigeons?page=2","Pigeon","https://sn.coinafrique.com/annonce/poules-lapins-et-pigeons/pigeon-4513662","Vente de pigeon","Prix sur demande","Ouakam, Dakar, Sénégal","https://images.coinafrique.com/thumb_4513662_uploaded_image2_1703531881.jpeg"
"1739233831-662","https://sn.coinafrique.com/categorie/poules-lapins-et-pigeons?page=2","Lapin","https://sn.coinafrique.com/annonce/poules-lapins-et-pigeons/lapin-4517612","Trois femmel demi sang geant flandre","35 000 CFA","Mariste, Dakar, Sénégal","https://images.coinafrique.com/thumb_4517612_uploaded_image1_1703770805.jpg"
"1739233834-663","https://sn.coinafrique.com/categorie/poules-lapins-et-pigeons?page=2","Pigeons","https://sn.coinafrique.com/annonce/poules-lapins-et-pigeons/pigeons-4542193","Je vend des pigeons  moins  cher","5 000 CFA","Sicap Liberté, Dakar, Sénégal","https://images.coinafrique.com/thumb_4542217_uploaded_image1_1705082041.jpg"
"1739233836-664","https://sn.coinafrique.com/categorie/poules-lapins-et-pigeons?page=2","Pigeons","https://sn.coinafrique.com/annonce/poules-lapins-et-pigeons/pigeons-4542217","Je vend  des pigeons moins  cher","5 000 CFA","Sicap Liberté, Dakar, Sénégal","https://images.coinafrique.com/thumb_4542217_uploaded_image1_1705082041.jpg"
"1739233839-665","https://sn.coinafrique.com/categorie/poules-lapins-et-pigeons?page=2","Paire pigeon  jeune King","https://sn.coinafrique.com/annonce/poules-lapins-et-pigeons/paire-pigeon-jeune-king-4545200","","60 000 CFA","Mariste, Dakar, Sénégal","https://images.coinafrique.com/thumb_4545200_uploaded_image1_1705269534.jpg"
"1739233842-666","https://sn.coinafrique.com/categorie/poules-lapins-et-pigeons?page=2","Pigeons King","https://sn.coinafrique.com/annonce/poules-lapins-et-pigeons/pigeons-king-4548383","Couple king bague","60 000 CFA","Mariste, Dakar, Sénégal","https://images.coinafrique.com/thumb_4548383_uploaded_image1_1705424797.jpg"
"1739233845-667","https://sn.coinafrique.com/categorie/poules-lapins-et-pigeons?page=2","Poulet de chaire","https://sn.coinafrique.com/annonce/poules-lapins-et-pigeons/poulet-de-chaire-4555523","Vente de poulets de chairs reproducteurs parentaux 2 mois et demis
 à 5 mois les poules pourront reproduire avec les mâles","5 000 CFA","Mbao, Dakar, Sénégal","https://images.coinafrique.com/thumb_4555523_uploaded_image1_1705793143.jpg"
"1739233847-668","https://sn.coinafrique.com/categorie/poules-lapins-et-pigeons?page=2","Lapereau","https://sn.coinafrique.com/annonce/poules-lapins-et-pigeons/lapereau-4556321","Lapereau","10 000 CFA","Lac rose, Sénégal","https://images.coinafrique.com/thumb_4751808_uploaded_image1_1716133783.jpg"
"1739233850-669","https://sn.coinafrique.com/categorie/poules-lapins-et-pigeons?page=2","Pigeon Modain","https://sn.coinafrique.com/annonce/poules-lapins-et-pigeons/pigeon-modain-4561395","","160 000 CFA","Grand Yoff, Dakar, Sénégal","https://images.coinafrique.com/thumb_4561395_uploaded_image1_1706128448.jpg"
"1739233852-670","https://sn.coinafrique.com/categorie/poules-lapins-et-pigeons?page=2","Pigeon Lahor","https://sn.coinafrique.com/annonce/poules-lapins-et-pigeons/pigeon-lahor-4565457","Jeune paire pigeon lahor","20 000 CFA","Rufisque, Sénégal","https://images.coinafrique.com/thumb_4565457_uploaded_image1_1706369680.jpg"
"1739233855-671","https://sn.coinafrique.com/categorie/poules-lapins-et-pigeons?page=2","Couples lapereaux","https://sn.coinafrique.com/annonce/poules-lapins-et-pigeons/couples-lapereaux-4587998","Lapereaux 100000","100 000 CFA","Keur Massar, Sénégal","https://images.coinafrique.com/thumb_4587998_uploaded_image1_1707587252.jpg"
"1739233857-672","https://sn.coinafrique.com/categorie/poules-lapins-et-pigeons?page=2","Pigeons couple Mondain","https://sn.coinafrique.com/annonce/poules-lapins-et-pigeons/pigeons-couple-mondain-4598304","Jeune couple mondain noir disponible baguée 2024 standard","170 000 CFA","Guediawaye, Dakar, Sénégal","https://images.coinafrique.com/thumb_5121788_uploaded_image1_1736179154.jpg"
"1739233860-673","https://sn.coinafrique.com/categorie/poules-lapins-et-pigeons?page=2","Poussin Marans","https://sn.coinafrique.com/annonce/poules-lapins-et-pigeons/poussin-marans-4603800","Poussin maran au","10 000 CFA","Dakar, Sénégal","https://images.coinafrique.com/thumb_4603800_uploaded_image1_1708477906.jpg"
"1739233863-674","https://sn.coinafrique.com/categorie/poules-lapins-et-pigeons?page=2","Lapins","https://sn.coinafrique.com/annonce/poules-lapins-et-pigeons/lapins-4612074","Élevage saint très propre","Prix sur demande","Keur Massar, Sénégal","https://images.coinafrique.com/thumb_4966470_uploaded_image1_1727557573.jpg"
"1739233865-675","https://sn.coinafrique.com/categorie/poules-lapins-et-pigeons?page=2","Pigeons","https://sn.coinafrique.com/annonce/poules-lapins-et-pigeons/pigeons-4612083","Élevage saint très propre","Prix sur demande","Keur Massar, Sénégal","https://images.coinafrique.com/thumb_4816363_uploaded_image1_1719645676.jpg"
"1739233868-676","https://sn.coinafrique.com/categorie/poules-lapins-et-pigeons?page=2","Brahman bleu Lemon","https://sn.coinafrique.com/annonce/poules-lapins-et-pigeons/brahman-bleu-lemon-4612273","Brahman bleu lemon pur sang","40 000 CFA","Dakar, Sénégal","https://images.coinafrique.com/thumb_4612273_uploaded_image1_1708946489.jpg"
"1739233871-677","https://sn.coinafrique.com/categorie/poules-lapins-et-pigeons?page=2","Poulets de chairs","https://sn.coinafrique.com/annonce/poules-lapins-et-pigeons/poulets-de-chairs-4612683","Poulets de chairs de bonne qualités déjà nettoyés.
poids compris entre 1kg900 2kg 2kg100 et plus","3 500 CFA","Rufisque, Sénégal","https://images.coinafrique.com/thumb_4612683_uploaded_image1_1708957200.jpg"
"1739233873-678","https://sn.coinafrique.com/categorie/poules-lapins-et-pigeons?page=2","Poussin oie","https://sn.coinafrique.com/annonce/poules-lapins-et-pigeons/poussin-oie-4619799","Poussins oie de toulouse disponible pour plus d’info contactez-moi","35 000 CFA","Guediawaye, Dakar, Sénégal","https://images.coinafrique.com/thumb_4619799_uploaded_image1_1709296095.jpg"
"1739233876-679","https://sn.coinafrique.com/categorie/poules-lapins-et-pigeons?page=2","Pigeon voyageur Manteau Opale","https://sn.coinafrique.com/annonce/poules-lapins-et-pigeons/pigeon-voyageur-manteau-opale-4621197","Des couples voyageurs manteau opale dispo","Prix sur demande","Guediawaye, Dakar, Sénégal","https://images.coinafrique.com/thumb_4621197_uploaded_image1_1709366454.jpg"
"1739233878-680","https://sn.coinafrique.com/categorie/poules-lapins-et-pigeons?page=2","Pigeons","https://sn.coinafrique.com/annonce/poules-lapins-et-pigeons/pigeons-4623025","Je vends des pigeon de race boulant et king et texan et d'autres prix très agréable fait vous vite","100 CFA","Almadies 2, Dakar, Sénégal","https://images.coinafrique.com/thumb_4623025_uploaded_image1_1709471989.jpg"
"1739233881-681","https://sn.coinafrique.com/categorie/poules-lapins-et-pigeons?page=2","Pigeon voyageur","https://sn.coinafrique.com/annonce/poules-lapins-et-pigeons/pigeon-voyageur-4624891","","15 000 CFA","Dakar, Sénégal","https://images.coinafrique.com/thumb_4920745_uploaded_image1_1725167512.jpg"
"1739233883-682","https://sn.coinafrique.com/categorie/poules-lapins-et-pigeons?page=2","Pigeon King","https://sn.coinafrique.com/annonce/poules-lapins-et-pigeons/pigeon-king-4624920","","Prix sur demande","Dakar, Sénégal","https://images.coinafrique.com/thumb_4704120_uploaded_image1_1713750109.jpg"
"1739233886-683","https://sn.coinafrique.com/categorie/poules-lapins-et-pigeons?page=2","Pigeon Boulant","https://sn.coinafrique.com/annonce/poules-lapins-et-pigeons/pigeon-boulant-4624925","","Prix sur demande","Dakar, Sénégal","https://images.coinafrique.com/thumb_4920745_uploaded_image1_1725167512.jpg"
"1739233889-684","https://sn.coinafrique.com/categorie/poules-lapins-et-pigeons?page=2","Brahma","https://sn.coinafrique.com/annonce/poules-lapins-et-pigeons/brahma-4644724","Brahma à vendre en urgence. Urgence. Envoyez un message sur Whatsapp si vous êtes intéressés svp svp.","25 000 CFA","Dakar, Sénégal","https://images.coinafrique.com/thumb_4936101_uploaded_image1_1725915391.jpg"
"1739233891-685","https://sn.coinafrique.com/categorie/poules-lapins-et-pigeons?page=2","Couple  Brahma Herminé standard","https://sn.coinafrique.com/annonce/poules-lapins-et-pigeons/couple-brahma-hermine-standard-4650066","","80 000 CFA","Mbao, Dakar, Sénégal","https://images.coinafrique.com/thumb_4650066_uploaded_image1_1710871182.jpg"
"1739233898-686","https://sn.coinafrique.com/categorie/poules-lapins-et-pigeons?page=1","Œufs à couver","https://sn.coinafrique.com/annonce/poules-lapins-et-pigeons/ufs-a-couver-4651892","Vente d'œufs bleus hollandais à couver
en gros  et par tablette","12 500 CFA","Mbao, Dakar, Sénégal",""
"1739233900-687","https://sn.coinafrique.com/categorie/poules-lapins-et-pigeons?page=1","Pigeons Mondain","https://sn.coinafrique.com/annonce/poules-lapins-et-pigeons/pigeons-mondain-4653298","Salam les amis éleveurs je mets à votre disposition de jolis couples mondains jeunes et adulte standard issu d'une production de souches importées allant du bleu à lopal .veuillez me confiez vos désirs je saurais les satisfaires inshaa allah!","200 000 CFA","Rufisque, Sénégal","https://images.coinafrique.com/thumb_5085521_uploaded_image1_1733851166.jpg"
"1739233903-688","https://sn.coinafrique.com/categorie/poules-lapins-et-pigeons?page=1","Pigeon Texan","https://sn.coinafrique.com/annonce/poules-lapins-et-pigeons/pigeon-texan-4653331","Salut
je vends de jolis couple de pigeon de la race texan","80 000 CFA","Rufisque, Sénégal","https://images.coinafrique.com/thumb_4653331_uploaded_image1_1711039616.jpg"
"1739233906-689","https://sn.coinafrique.com/categorie/poules-lapins-et-pigeons?page=1","Pigeons","https://sn.coinafrique.com/annonce/poules-lapins-et-pigeons/pigeons-4662585","Salam la famille ,
aujourd'hui je vous présente mes pigeons de chairs issus de plusieurs années de sélections 
les critères recherchés étaient : une masse pondérale assez importante, de bon parents, une croissance rapide , et une bonne résistance au maladie.
après un travail de longue date je vous propose des sujets prêtent pour vos projets de production de viande de pigeon bio de qualité mais aussi de bon nourriciers au cas où vous possédez d'autres races. veuillez bien me contacter pour plus dinfo merci!","50 000 CFA","Rufisque, Sénégal","https://images.coinafrique.com/thumb_5085521_uploaded_image1_1733851166.jpg"
"1739233908-690","https://sn.coinafrique.com/categorie/poules-lapins-et-pigeons?page=1","Pigeon voyageur","https://sn.coinafrique.com/annonce/poules-lapins-et-pigeons/pigeon-voyageur-4662603","Salam la famille je suis ici pour vous proposez de jolis couples de voyageurs compétiteurs et de couleurs , adultes et jeunes","10 000 CFA","Rufisque, Sénégal","https://images.coinafrique.com/thumb_4662603_uploaded_image1_1711547811.jpg"
"1739233911-691","https://sn.coinafrique.com/categorie/poules-lapins-et-pigeons?page=1","Pigeon Mondain Andalou","https://sn.coinafrique.com/annonce/poules-lapins-et-pigeons/pigeon-mondain-andalou-4664895","Pigeon mondain bleu andalou","300 CFA","Cambérène, Dakar, Sénégal","https://images.coinafrique.com/thumb_4664895_uploaded_image1_1711663431.jpg"
"1739233913-692","https://sn.coinafrique.com/categorie/poules-lapins-et-pigeons?page=1","Pigeon voyageur à manteau","https://sn.coinafrique.com/annonce/poules-lapins-et-pigeons/pigeon-voyageur-a-manteau-4664901","Pigeons voyageurs a manteau","Prix sur demande","Cambérène, Dakar, Sénégal","https://images.coinafrique.com/thumb_4664901_uploaded_image1_1711663618.jpg"
"1739233916-693","https://sn.coinafrique.com/categorie/poules-lapins-et-pigeons?page=1","Femelle andalou","https://sn.coinafrique.com/annonce/poules-lapins-et-pigeons/femelle-andalou-4667144","Femelle andalou disponible année 2023","250 000 CFA","Guediawaye, Dakar, Sénégal","https://images.coinafrique.com/thumb_4667144_uploaded_image1_1711815313.jpg"
"1739233918-694","https://sn.coinafrique.com/categorie/poules-lapins-et-pigeons?page=1","Poulets de chair","https://sn.coinafrique.com/annonce/poules-lapins-et-pigeons/poulets-de-chair-4667518","","Prix sur demande","Mbour, Sénégal","https://images.coinafrique.com/thumb_4667518_uploaded_image1_1711842967.jpg"
"1739233921-695","https://sn.coinafrique.com/categorie/poules-lapins-et-pigeons?page=1","Pigeon Mondain écailler","https://sn.coinafrique.com/annonce/poules-lapins-et-pigeons/pigeon-mondain-ecailler-4685152","Salut couple mondain écailler noir disponible année 2024 sur la bague","170 000 CFA","Guediawaye, Dakar, Sénégal","https://images.coinafrique.com/thumb_4685152_uploaded_image1_1712756876.jpg"
"1739233923-696","https://sn.coinafrique.com/categorie/poules-lapins-et-pigeons?page=1","Couple Pigeons voyageur","https://sn.coinafrique.com/annonce/poules-lapins-et-pigeons/couple-pigeons-voyageur-4690857","","15 000 CFA","Dakar, Sénégal","https://images.coinafrique.com/thumb_4690857_uploaded_image1_1713063525.jpg"
"1739233926-697","https://sn.coinafrique.com/categorie/poules-lapins-et-pigeons?page=1","Pigeon Mâle voyageur","https://sn.coinafrique.com/annonce/poules-lapins-et-pigeons/pigeon-male-voyageur-4690859","","Prix sur demande","Dakar, Sénégal","https://images.coinafrique.com/thumb_2561021_uploaded_image1_1597934615.jpg"
"1739233928-698","https://sn.coinafrique.com/categorie/poules-lapins-et-pigeons?page=1","Lapereaux","https://sn.coinafrique.com/annonce/poules-lapins-et-pigeons/lapereaux-4703012","","13 500 CFA","Guediawaye, Dakar, Sénégal","https://images.coinafrique.com/thumb_4703012_uploaded_image1_1713680804.jpg"
"1739233931-699","https://sn.coinafrique.com/categorie/poules-lapins-et-pigeons?page=1","Pigeons King mâle","https://sn.coinafrique.com/annonce/poules-lapins-et-pigeons/pigeons-king-male-4704120","","35 000 CFA","Dakar, Sénégal",""
"1739233934-700","https://sn.coinafrique.com/categorie/poules-lapins-et-pigeons?page=1","Lapin Angora","https://sn.coinafrique.com/annonce/poules-lapins-et-pigeons/lapin-angora-4714367","Bonjour je vend une paire de lapin angora pure sang a un prix tres abordable","20 000 CFA","Mamelles, Dakar, Sénégal","https://images.coinafrique.com/thumb_4714367_uploaded_image1_1714245668.jpg"
"1739233936-701","https://sn.coinafrique.com/categorie/poules-lapins-et-pigeons?page=1","Poulet Nègre de soie","https://sn.coinafrique.com/annonce/poules-lapins-et-pigeons/poulet-negre-de-soie-4723223","Nègre de soie unité 35.000","35 000 CFA","Almadies, Dakar, Sénégal","https://images.coinafrique.com/thumb_4723223_uploaded_image1_1714727157.jpg"
"1739233939-702","https://sn.coinafrique.com/categorie/poules-lapins-et-pigeons?page=1","Volaille","https://sn.coinafrique.com/annonce/poules-lapins-et-pigeons/volaille-4724548","Nous proposons des pigeons de race soigneusement élevés et en excellente santé. chaque paire de pigeons est sélectionnée avec soin pour garantir des caractéristiques de race authentiques et une bonne condition physique. nos pigeons sont nourris avec une alimentation de qualité supérieure et bénéficient d’un environnement propre et spacieux.le prix est disponible sur demande. si vous êtes intéressé(e), n’hésitez pas à nous contacter pour obtenir plus d’informations sur les tarifs.","Prix sur demande","Mbao, Dakar, Sénégal","https://images.coinafrique.com/thumb_4724548_uploaded_image1_1714767368.jpg"
"1739233942-703","https://sn.coinafrique.com/categorie/poules-lapins-et-pigeons?page=1","Pigeons voyageurs","https://sn.coinafrique.com/annonce/poules-lapins-et-pigeons/pigeons-voyageurs-4729764","","Prix sur demande","Dakar, Sénégal","https://images.coinafrique.com/thumb_4920745_uploaded_image1_1725167512.jpg"
"1739233945-704","https://sn.coinafrique.com/categorie/poules-lapins-et-pigeons?page=1","Poulet","https://sn.coinafrique.com/annonce/poules-lapins-et-pigeons/poulet-4738369","Je vends des brahman orpington, métisse brahmane,-bleue hollandaise","Prix sur demande","Thies, Sénégal","https://images.coinafrique.com/thumb_4738369_uploaded_image1_1715444473.jpg"
"1739233948-705","https://sn.coinafrique.com/categorie/poules-lapins-et-pigeons?page=1","Poulets de chair","https://sn.coinafrique.com/annonce/poules-lapins-et-pigeons/poulets-de-chair-4696598","Délectez-vous de la qualité supérieure avec notre sélection de poulets de chair premium. élevés avec soin et nourris de manière naturelle, nos poulets offrent une tendresse inégalée et une saveur exquise à chaque bouchée. que ce soit pour un repas en famille ou une soirée entre amis, nos poulets sont la garantie d'un festin mémorable. savourez l'excellence à chaque plat et découvrez une nouvelle dimension de plaisir culinaire. commandez dès maintenant et faites l'expérience du goût authentique à son meilleur !","1 500 CFA","Mbao, Dakar, Sénégal","https://images.coinafrique.com/thumb_4696598_uploaded_image1_1713352074.jpg"
"1739233951-706","https://sn.coinafrique.com/categorie/poules-lapins-et-pigeons?page=1","Couple lapereau fauve de bourgogne","https://sn.coinafrique.com/annonce/poules-lapins-et-pigeons/couple-lapereau-fauve-de-bourgogne-4751808","Couple lapereau fauve de bourgogne","40 000 CFA","Lac rose, Sénégal","https://images.coinafrique.com/thumb_4751808_uploaded_image1_1716133783.jpg"
"1739233954-707","https://sn.coinafrique.com/categorie/poules-lapins-et-pigeons?page=1","Poulets","https://sn.coinafrique.com/annonce/poules-lapins-et-pigeons/poulets-4767951","Produit de bon qualité","2 500 CFA","Dakar, Sénégal","https://images.coinafrique.com/thumb_4767951_uploaded_image1_1716976720.jpg"
"1739233957-708","https://sn.coinafrique.com/categorie/poules-lapins-et-pigeons?page=1","Poulet race","https://sn.coinafrique.com/annonce/poules-lapins-et-pigeons/poulet-race-4787594","À la recherche des meilleures poules de race(herminé,cochin bleu,) au sénégal ? ???? découvrez nos poules exceptionnelles, connues pour leur haute production d'œufs et leur résistance aux maladies. ???? ???? profitez de 10% de réduction avec le code promopoules10 sur votre première commande ! ???? contactez-nous dès maintenant","Prix sur demande","Keur Massar, Sénégal","https://images.coinafrique.com/thumb_4787594_uploaded_image1_1717954434.jpg"
"1739233960-709","https://sn.coinafrique.com/categorie/poules-lapins-et-pigeons?page=1","Texan pionnier","https://sn.coinafrique.com/annonce/poules-lapins-et-pigeons/texan-pionnier-4800306","jeûne couple texan pionnier dispo","Prix sur demande","Guediawaye, Dakar, Sénégal","https://images.coinafrique.com/thumb_4800306_uploaded_image1_1718745517.jpg"
"1739233962-710","https://sn.coinafrique.com/categorie/poules-lapins-et-pigeons?page=1","Jeune couple Mondain","https://sn.coinafrique.com/annonce/poules-lapins-et-pigeons/jeune-couple-mondain-4800310","jeune couple mondain noir dispo","Prix sur demande","Guediawaye, Dakar, Sénégal","https://images.coinafrique.com/thumb_5121788_uploaded_image1_1736179154.jpg"
"1739233965-711","https://sn.coinafrique.com/categorie/poules-lapins-et-pigeons?page=1","Poule Brahma","https://sn.coinafrique.com/annonce/poules-lapins-et-pigeons/poule-brahma-4807398","je vends des brahma de lignèes pures adulte et jeuné disponible stock limité contactez moi sur whatsapp","95 000 CFA","Rufisque, Sénégal","https://images.coinafrique.com/thumb_4807398_uploaded_image1_1719187421.jpg"
"1739233967-712","https://sn.coinafrique.com/categorie/poules-lapins-et-pigeons?page=1","Poulet du pays","https://sn.coinafrique.com/annonce/poules-lapins-et-pigeons/poulet-du-pays-4807968","","3 500 CFA","Saint Louis, Sénégal","https://images.coinafrique.com/thumb_4807968_uploaded_image1_1719229010.jpg"
"1739233970-713","https://sn.coinafrique.com/categorie/poules-lapins-et-pigeons?page=1","Jeune mâle hermine","https://sn.coinafrique.com/annonce/poules-lapins-et-pigeons/jeune-male-hermine-4810642","jeune mâle hermine disponible","60 000 CFA","Dakar Plateau, Dakar, Sénégal",""
"1739233973-714","https://sn.coinafrique.com/categorie/poules-lapins-et-pigeons?page=1","Poulet frisées","https://sn.coinafrique.com/annonce/poules-lapins-et-pigeons/poulet-frisees-4816360","Ce sont des poulets de très bonne qualité et résistantes mais aussi  on a des poussins","15 000 CFA","Keur Massar, Sénégal","https://images.coinafrique.com/thumb_4816360_uploaded_image1_1719645541.jpg"
"1739233975-715","https://sn.coinafrique.com/categorie/poules-lapins-et-pigeons?page=1","Pigeons voyageur","https://sn.coinafrique.com/annonce/poules-lapins-et-pigeons/pigeons-voyageur-4816363","Ce sont de beaux couples de pigeons","7 000 CFA","Keur Massar, Sénégal","https://images.coinafrique.com/thumb_4816363_uploaded_image1_1719645676.jpg"
"1739233978-716","https://sn.coinafrique.com/categorie/poules-lapins-et-pigeons?page=1","Hermines et cochins","https://sn.coinafrique.com/annonce/poules-lapins-et-pigeons/hermines-et-cochins-4817873","Vente flash trois hermines femelles et deux cochins males","500 CFA","Mermoz-Sacré Coeur, Dakar, Sénégal","https://images.coinafrique.com/thumb_4817873_uploaded_image1_1719747122.jpg"
"1739233980-717","https://sn.coinafrique.com/categorie/poules-lapins-et-pigeons?page=1","Cochin porteur caillouté paire","https://sn.coinafrique.com/annonce/poules-lapins-et-pigeons/cochin-porteur-cailloute-paire-4818681","Disponible a keur mbaye fall","120 000 CFA","Mbao, Dakar, Sénégal","https://images.coinafrique.com/thumb_4818681_uploaded_image1_1719796046.jpg"
"1739233983-718","https://sn.coinafrique.com/categorie/poules-lapins-et-pigeons?page=1","Mâle brahman Hierminés","https://sn.coinafrique.com/annonce/poules-lapins-et-pigeons/male-brahman-hiermines-4824501","Mâle de 5 mois disponible brahman hierminés standard nouveau source","Prix sur demande","Dakar, Sénégal",""
"1739233985-719","https://sn.coinafrique.com/categorie/poules-lapins-et-pigeons?page=1","Poussin Herminé standard","https://sn.coinafrique.com/annonce/poules-lapins-et-pigeons/poussin-hermine-standard-4824502","","Prix sur demande","Dakar, Sénégal","https://images.coinafrique.com/thumb_5179009_uploaded_image1_1739192841.jpg"
"1739233988-720","https://sn.coinafrique.com/categorie/poules-lapins-et-pigeons?page=1","Lapereaux métisse Géant et Californien","https://sn.coinafrique.com/annonce/poules-lapins-et-pigeons/lapereaux-metisse-geant-et-californien-4829597","Lapereaux métisse géant et californien 3 mois disposition a diamaguene dakar paire 15000f. unité 8000f intéressé contactez","15 000 CFA","Mbao, Dakar, Sénégal","https://images.coinafrique.com/thumb_4829597_uploaded_image1_1720290196.jpg"
"1739233990-721","https://sn.coinafrique.com/categorie/poules-lapins-et-pigeons?page=1","Œufs fertiles et poussins de goliath","https://sn.coinafrique.com/annonce/poules-lapins-et-pigeons/ufs-fertiles-et-poussins-de-goliath-4836511","Œufs frais  fertiles et poussins de goliath disponible, par tablette de 30 œufs","15 000 CFA","Fass, Dakar, Sénégal",""
"1739233993-722","https://sn.coinafrique.com/categorie/poules-lapins-et-pigeons?page=1","Jeune Mondain 2024","https://sn.coinafrique.com/annonce/poules-lapins-et-pigeons/jeune-mondain-2024-4840128","Des jeunes mondains indigo/écaillé noir","150 000 CFA","Thiaroye, Sénégal","https://images.coinafrique.com/thumb_4840128_uploaded_image1_1720797760.jpg"
"1739233995-723","https://sn.coinafrique.com/categorie/poules-lapins-et-pigeons?page=1","Paires engoura","https://sn.coinafrique.com/annonce/poules-lapins-et-pigeons/paires-engoura-4841263","J vends un paire angoura 30mil
dispo a grand mbao","Prix sur demande","Mbao, Dakar, Sénégal","https://images.coinafrique.com/thumb_4841263_uploaded_image1_1720874099.jpg"
"1739233998-724","https://sn.coinafrique.com/categorie/poules-lapins-et-pigeons?page=1","Couple pigeon mondain blanc","https://sn.coinafrique.com/annonce/poules-lapins-et-pigeons/couple-pigeon-mondain-blanc-4853197","Couple Pigeon Mondain Blanc","70 000 CFA","Mbao, Dakar, Sénégal","https://images.coinafrique.com/thumb_4853197_uploaded_image1_1721514569.jpg"
"1739234001-725","https://sn.coinafrique.com/categorie/poules-lapins-et-pigeons?page=1","Pigeons  Texan","https://sn.coinafrique.com/annonce/poules-lapins-et-pigeons/pigeons-texan-4860848","","20 000 CFA","Mermoz-Sacré Coeur, Dakar, Sénégal","https://images.coinafrique.com/thumb_4860848_uploaded_image1_1721930260.jpg"
"1739234004-726","https://sn.coinafrique.com/categorie/poules-lapins-et-pigeons?page=1","Pan indien blanc","https://sn.coinafrique.com/annonce/poules-lapins-et-pigeons/pan-indien-blanc-4860862","","35 000 CFA","Mermoz-Sacré Coeur, Dakar, Sénégal","https://images.coinafrique.com/thumb_4860862_uploaded_image1_1721930737.jpg"
"1739234007-727","https://sn.coinafrique.com/categorie/poules-lapins-et-pigeons?page=1","Pigeon mondain noir","https://sn.coinafrique.com/annonce/poules-lapins-et-pigeons/pigeon-mondain-noir-4862270","Couple mondain noir en production disponible et d’autres sont aussi disponible","170 000 CFA","Guediawaye, Dakar, Sénégal","https://images.coinafrique.com/thumb_5121788_uploaded_image1_1736179154.jpg"
"1739234009-728","https://sn.coinafrique.com/categorie/poules-lapins-et-pigeons?page=1","Cochin Caillouté Et Porteur Caillouté","https://sn.coinafrique.com/annonce/poules-lapins-et-pigeons/cochin-cailloute-et-porteur-cailloute-4862961","2 mâles cochin Caillouté et porteur Caillouté 
Disponibles????","Prix sur demande","Pikine, Sénégal","https://images.coinafrique.com/thumb_4862961_uploaded_image1_1722048205.jpg"
"1739234012-729","https://sn.coinafrique.com/categorie/poules-lapins-et-pigeons?page=1","Lapin nain","https://sn.coinafrique.com/annonce/poules-lapins-et-pigeons/lapin-nain-4865409","Des lapins nains très adorables","30 000 CFA","Parcelle Assainies, Dakar, Sénégal","https://images.coinafrique.com/thumb_4865409_uploaded_image1_1722221284.jpg"
"1739234016-730","https://sn.coinafrique.com/categorie/poules-lapins-et-pigeons?page=1","Lapereaux Gdf","https://sn.coinafrique.com/annonce/poules-lapins-et-pigeons/lapereaux-gdf-4868318","Lapereaux geant des flandres de 26  jours","60 000 CFA","Mbao, Dakar, Sénégal","https://images.coinafrique.com/thumb_4868318_uploaded_image1_1722369912.jpg"
"1739234019-731","https://sn.coinafrique.com/categorie/poules-lapins-et-pigeons?page=1","Poules Bleu Hollande","https://sn.coinafrique.com/annonce/poules-lapins-et-pigeons/poules-bleu-hollande-4877982","Les poules de bleu d'hollande disponible pour la consommation poids entre 2kg à 2,5","5 000 CFA","Keur Massar, Sénégal","https://images.coinafrique.com/thumb_4877982_uploaded_image1_1722858918.jpg"
"1739234023-732","https://sn.coinafrique.com/categorie/poules-lapins-et-pigeons?page=1","Pigeon Boulant Gaditano","https://sn.coinafrique.com/annonce/poules-lapins-et-pigeons/pigeon-boulant-gaditano-4884507","Mâle adulte boulant gaditano","Prix sur demande","Dakar, Sénégal","https://images.coinafrique.com/thumb_4884507_uploaded_image1_1723139531.jpg"
"1739234026-733","https://sn.coinafrique.com/categorie/poules-lapins-et-pigeons?page=1","pigeon voyageur","https://sn.coinafrique.com/annonce/poules-lapins-et-pigeons/pigeon-voyageur-4917441","Des couple de pigeon voyageurs disponibles pour plus d’info contactez-moi","Prix sur demande","Guediawaye, Dakar, Sénégal","https://images.coinafrique.com/thumb_4917441_uploaded_image1_1724967120.jpg"
"1739234029-734","https://sn.coinafrique.com/categorie/poules-lapins-et-pigeons?page=1","Pigeons Voyageurs  et boulants","https://sn.coinafrique.com/annonce/poules-lapins-et-pigeons/pigeons-voyageurs-et-boulants-4920745","","Prix sur demande","Dakar, Sénégal","https://images.coinafrique.com/thumb_4920745_uploaded_image1_1725167512.jpg"
"1739234032-735","https://sn.coinafrique.com/categorie/poules-lapins-et-pigeons?page=1","Métisse Brahma","https://sn.coinafrique.com/annonce/poules-lapins-et-pigeons/metisse-brahma-4921301","Couple de métisse brahma de 7 mois à vendre à un prix très abordable merci de me contacter pour plus d'informations","50 000 CFA","Grand Yoff, Dakar, Sénégal","https://images.coinafrique.com/thumb_4921301_uploaded_image1_1725195914.jpg"
"1739234034-736","https://sn.coinafrique.com/categorie/poules-lapins-et-pigeons?page=1","couples lapins","https://sn.coinafrique.com/annonce/poules-lapins-et-pigeons/couples-lapins-4932369","couples lapins demi sang angora de 4 mois
couple à 15 mil","15 000 CFA","Pikine, Sénégal","https://images.coinafrique.com/thumb_4981240_uploaded_image1_1728309289.jpg"
"1739234037-737","https://sn.coinafrique.com/categorie/poules-lapins-et-pigeons?page=1","Poule Brahma","https://sn.coinafrique.com/annonce/poules-lapins-et-pigeons/poule-brahma-4936101","Un mâle et 3 femelles brahman herminé standard disponible chez moi à keur ndiaye lo","Prix sur demande","Dakar, Sénégal","https://images.coinafrique.com/thumb_4936101_uploaded_image1_1725915391.jpg"
"1739234040-738","https://sn.coinafrique.com/categorie/poules-lapins-et-pigeons?page=1","Pigeon voyageur","https://sn.coinafrique.com/annonce/poules-lapins-et-pigeons/pigeon-voyageur-4936241","Deux couple voyageur disponible à 25000f","25 000 CFA","Mariste, Dakar, Sénégal","https://images.coinafrique.com/thumb_4946879_uploaded_image1_1726499763.jpg"
"1739234042-739","https://sn.coinafrique.com/categorie/poules-lapins-et-pigeons?page=1","Poulets Fermiers","https://sn.coinafrique.com/annonce/poules-lapins-et-pigeons/poulets-fermiers-4942161","","10 000 CFA","Hann Bel-Air, Dakar, Sénégal","https://images.coinafrique.com/thumb_4942161_uploaded_image1_1726204258.jpg"
"1739234046-740","https://sn.coinafrique.com/categorie/poules-lapins-et-pigeons?page=1","Pigeon voyageur","https://sn.coinafrique.com/annonce/poules-lapins-et-pigeons/pigeon-voyageur-4946878","Un très bon couple","15 000 CFA","Mariste, Dakar, Sénégal","https://images.coinafrique.com/thumb_4946879_uploaded_image1_1726499763.jpg"
"1739234048-741","https://sn.coinafrique.com/categorie/poules-lapins-et-pigeons?page=1","Pigeon voyageur","https://sn.coinafrique.com/annonce/poules-lapins-et-pigeons/pigeon-voyageur-4946879","Un très bon couple voyageur","Prix sur demande","Mariste, Dakar, Sénégal","https://images.coinafrique.com/thumb_4946879_uploaded_image1_1726499763.jpg"
"1739234051-742","https://sn.coinafrique.com/categorie/poules-lapins-et-pigeons?page=1","Lapin","https://sn.coinafrique.com/annonce/poules-lapins-et-pigeons/lapin-4954195","Lapin geant papillon français demi sang rex tricolore unité 50.000 reste 3 mâles.","50 000 CFA","Almadies, Dakar, Sénégal","https://images.coinafrique.com/thumb_4954195_uploaded_image1_1726867840.jpg"
"1739234054-743","https://sn.coinafrique.com/categorie/poules-lapins-et-pigeons?page=1","Lapin","https://sn.coinafrique.com/annonce/poules-lapins-et-pigeons/lapin-4966470","Métis californien de 2 mois","15 000 CFA","Keur Massar, Sénégal","https://images.coinafrique.com/thumb_4966470_uploaded_image1_1727557573.jpg"
"1739234057-744","https://sn.coinafrique.com/categorie/poules-lapins-et-pigeons?page=1","Coq","https://sn.coinafrique.com/annonce/poules-lapins-et-pigeons/coq-4975038","Coq","3 000 CFA","Hann Bel-Air, Dakar, Sénégal","https://images.coinafrique.com/thumb_4975038_uploaded_image1_1727964716.jpg"
"1739234059-745","https://sn.coinafrique.com/categorie/poules-lapins-et-pigeons?page=1","Lapins","https://sn.coinafrique.com/annonce/poules-lapins-et-pigeons/lapins-4975768","À vendre : adorables lapins à la recherche de nouveaux foyers 
vous cherchez un compagnon doux et affectueux ? nos charmants lapins sont prêts à être adoptés  élevés avec soin dans un environnement familial, ils sont parfaits pour petits et grands.
race : métissage californien et métissage rex
caractère : affectueux, joueurs et faciles à apprivoiser
santé : en excellente santé et bien nourris
variété de couleurs : blancs uni, bicolore noir et blancblanc,  blanc marron.
prix : sur demande car varie en fonction de l'âge et de la race du lapin","15 000 CFA","Grand Yoff, Dakar, Sénégal","https://images.coinafrique.com/thumb_4975768_uploaded_image1_1727986043.jpg"
"1739234062-746","https://sn.coinafrique.com/categorie/poules-lapins-et-pigeons?page=1","Couple lapins","https://sn.coinafrique.com/annonce/poules-lapins-et-pigeons/couple-lapins-4981240","Paire de lapins metisses angora avec un grand gabarit à vendre
age 5 mois
prix couple 15k
visible à pikine
livraison possible","15 000 CFA","Pikine, Sénégal","https://images.coinafrique.com/thumb_4981240_uploaded_image1_1728309289.jpg"
"1739234065-747","https://sn.coinafrique.com/categorie/poules-lapins-et-pigeons?page=1","Poule Brahma","https://sn.coinafrique.com/annonce/poules-lapins-et-pigeons/poule-brahma-4993341","Un mal brahma adultes + 3 femelles , ou poussins d'un mois","Prix sur demande","Parcelle Assainies, Dakar, Sénégal","https://images.coinafrique.com/thumb_4993341_uploaded_image1_1728920307.jpg"
"1739234070-748","https://sn.coinafrique.com/categorie/poules-lapins-et-pigeons?page=1","Pigeon pan indien","https://sn.coinafrique.com/annonce/poules-lapins-et-pigeons/pigeon-pan-indien-4996843","Pigeons paon indien disponible","10 000 CFA","Patte d'oie, Dakar, Sénégal","https://images.coinafrique.com/thumb_4996843_uploaded_image1_1729085675.jpg"
"1739234073-749","https://sn.coinafrique.com/categorie/poules-lapins-et-pigeons?page=1","Rex garenne","https://sn.coinafrique.com/annonce/poules-lapins-et-pigeons/rex-garenne-4998472","Rex garenne 4 mois av ou echange","Prix sur demande","Almadies 2, Dakar, Sénégal","https://images.coinafrique.com/thumb_4998472_uploaded_image1_1729159431.jpg"
"1739234076-750","https://sn.coinafrique.com/categorie/poules-lapins-et-pigeons?page=1","lapins mâle adulte","https://sn.coinafrique.com/annonce/poules-lapins-et-pigeons/lapins-male-adulte-5000540","lapin mâle très virile avec un bon gabarit à vendre..","15 000 CFA","Pikine, Sénégal",""
"1739234078-751","https://sn.coinafrique.com/categorie/poules-lapins-et-pigeons?page=1","Couple mantau écailles de 2 mois","https://sn.coinafrique.com/annonce/poules-lapins-et-pigeons/couple-mantau-ecailles-de-2-mois-5043101","","15 000 CFA","Mbour, Sénégal","https://images.coinafrique.com/thumb_5043101_uploaded_image1_1731565347.jpg"
"1739234081-752","https://sn.coinafrique.com/categorie/poules-lapins-et-pigeons?page=1","Poule Brahma","https://sn.coinafrique.com/annonce/poules-lapins-et-pigeons/poule-brahma-5044135","Vente de poulet herminé 
adultes et poussins","45 000 CFA","Pikine, Sénégal","https://images.coinafrique.com/thumb_5044135_uploaded_image1_1731603018.jpg"
"1739234084-753","https://sn.coinafrique.com/categorie/poules-lapins-et-pigeons?page=1","Couple adulte métisses","https://sn.coinafrique.com/annonce/poules-lapins-et-pigeons/couple-adulte-metisses-5064256","Couple adulte métisses géant et fauve","35 000 CFA","Pikine, Sénégal","https://images.coinafrique.com/thumb_5064256_uploaded_image1_1732714222.jpg"
"1739234087-754","https://sn.coinafrique.com/categorie/poules-lapins-et-pigeons?page=1","couple boulon saxe","https://sn.coinafrique.com/annonce/poules-lapins-et-pigeons/couple-boulon-saxe-5069958","couple boulon de saxe","45 000 CFA","Mariste, Dakar, Sénégal","https://images.coinafrique.com/thumb_5069958_uploaded_image1_1733056070.jpg"
"1739234089-755","https://sn.coinafrique.com/categorie/poules-lapins-et-pigeons?page=1","Mondain noir","https://sn.coinafrique.com/annonce/poules-lapins-et-pigeons/mondain-noir-5078519","Jeune couple mondain noir disponible","150 000 CFA","Guediawaye, Dakar, Sénégal","https://images.coinafrique.com/thumb_5121788_uploaded_image1_1736179154.jpg"
"1739234092-756","https://sn.coinafrique.com/categorie/poules-lapins-et-pigeons?page=1","Poussin brahman","https://sn.coinafrique.com/annonce/poules-lapins-et-pigeons/poussin-brahman-5080703","vente de poussin brahman pur 100","25 000 CFA","Pikine, Sénégal","https://images.coinafrique.com/thumb_5080703_uploaded_image1_1733571477.jpg"
"1739234095-757","https://sn.coinafrique.com/categorie/poules-lapins-et-pigeons?page=1","Pigeon Mondain","https://sn.coinafrique.com/annonce/poules-lapins-et-pigeons/pigeon-mondain-5085521","Salam aleykoum la famille. 
je mets à votre disposition de jolies couples de mondains standard les prix varient selon la demande","200 000 CFA","Rufisque, Sénégal","https://images.coinafrique.com/thumb_5085521_uploaded_image1_1733851166.jpg"
"1739234098-758","https://sn.coinafrique.com/categorie/poules-lapins-et-pigeons?page=1","Couple lahore lavande","https://sn.coinafrique.com/annonce/poules-lapins-et-pigeons/couple-lahore-lavande-5088564","Couple lahore lavande adulte disponible me contacter pour plus de détails","30 000 CFA","Patte d'oie, Dakar, Sénégal","https://images.coinafrique.com/thumb_5088564_uploaded_image1_1734010113.jpg"
"1739234101-759","https://sn.coinafrique.com/categorie/poules-lapins-et-pigeons?page=1","Poussins","https://sn.coinafrique.com/annonce/poules-lapins-et-pigeons/poussins-5104370","Poussin","Prix sur demande","Parcelle Assainies, Dakar, Sénégal","https://images.coinafrique.com/thumb_5104370_uploaded_image1_1734964382.jpg"
"1739234103-760","https://sn.coinafrique.com/categorie/poules-lapins-et-pigeons?page=1","Poussin Herminé","https://sn.coinafrique.com/annonce/poules-lapins-et-pigeons/poussin-hermine-5107651","","36 000 CFA","Dakar, Sénégal","https://images.coinafrique.com/thumb_5179009_uploaded_image1_1739192841.jpg"
"1739234107-761","https://sn.coinafrique.com/categorie/poules-lapins-et-pigeons?page=1","Lapin","https://sn.coinafrique.com/annonce/poules-lapins-et-pigeons/lapin-5119494","Lapin mâle à dakar","12 000 CFA","Diamniadio, Sénégal","https://images.coinafrique.com/thumb_5119498_uploaded_image1_1736025924.jpg"
"1739234111-762","https://sn.coinafrique.com/categorie/poules-lapins-et-pigeons?page=1","Lapin","https://sn.coinafrique.com/annonce/poules-lapins-et-pigeons/lapin-5119498","Lapin mâle","12 000 CFA","Diamniadio, Sénégal","https://images.coinafrique.com/thumb_5119498_uploaded_image1_1736025924.jpg"
"1739234114-763","https://sn.coinafrique.com/categorie/poules-lapins-et-pigeons?page=1","Mâle Brahma","https://sn.coinafrique.com/annonce/poules-lapins-et-pigeons/male-brahma-5121430","Mâle brahma bhn disponible à mbour pour plus de","Prix sur demande","Mbour, Sénégal","https://images.coinafrique.com/thumb_3259880_uploaded_image1_1628000666.jpg"
"1739234117-764","https://sn.coinafrique.com/categorie/poules-lapins-et-pigeons?page=1","Pigeon Mondain","https://sn.coinafrique.com/annonce/poules-lapins-et-pigeons/pigeon-mondain-5121788","Jeune couple mondain noir disponible","150 000 CFA","Guediawaye, Dakar, Sénégal","https://images.coinafrique.com/thumb_5121788_uploaded_image1_1736179154.jpg"
"1739234121-765","https://sn.coinafrique.com/categorie/poules-lapins-et-pigeons?page=1","Femelle Barmane","https://sn.coinafrique.com/annonce/poules-lapins-et-pigeons/femelle-barmane-5124363","Femelle brahma","35 000 CFA","Rufisque, Sénégal","https://images.coinafrique.com/thumb_5124363_uploaded_image1_1736298689.jpg"
"1739234124-766","https://sn.coinafrique.com/categorie/poules-lapins-et-pigeons?page=1","Lapin métissage californien","https://sn.coinafrique.com/annonce/poules-lapins-et-pigeons/lapin-metissage-californien-5148151","Des lapereaux métissages californien disponible stock limité","15 000 CFA","Dieuppeul-Derklé, Dakar, Sénégal","https://images.coinafrique.com/thumb_5148151_uploaded_image1_1737572310.jpg"
"1739234127-767","https://sn.coinafrique.com/categorie/poules-lapins-et-pigeons?page=1","Femelle brahma caillouté","https://sn.coinafrique.com/annonce/poules-lapins-et-pigeons/femelle-brahma-cailloute-5159019","Femelle brahma caillouté en ponte","55 000 CFA","Rufisque, Sénégal","https://images.coinafrique.com/thumb_5159050_uploaded_image1_1738156403.jpg"
"1739234131-768","https://sn.coinafrique.com/categorie/poules-lapins-et-pigeons?page=1","Femelle brahma caillouté","https://sn.coinafrique.com/annonce/poules-lapins-et-pigeons/femelle-brahma-cailloute-5159050","Femelle brahma caillouté en ponte","55 000 CFA","Rufisque, Sénégal","https://images.coinafrique.com/thumb_5159050_uploaded_image1_1738156403.jpg"
"1739234134-769","https://sn.coinafrique.com/categorie/poules-lapins-et-pigeons?page=1","Poussin herminé","https://sn.coinafrique.com/annonce/poules-lapins-et-pigeons/poussin-hermine-5179009","Des poussins brahman herminé standard disponible 10k l'unité","10 000 CFA","Dakar, Sénégal","https://images.coinafrique.com/thumb_5179009_uploaded_image1_1739192841.jpg"
